fecha,tren,categoria,tipo_servicio,detalle,servicio_comercial,sentido,cod_origen,estacion_origen,cod_destino,estacion_destino,num_paradas,paradas
2026-06-21,00190,LD,Larga Distancia,LD,ALVIA,Par (↓ Sur/Destino),17000,Madrid-Chamartín-Clara Campoamor,37606,Badajoz,12,Madrid-Chamartín-Clara Campoamor > Madrid-Atocha Cercanías > Leganés > Torrijos > Talavera de la Reina > Oropesa de Toledo > Navalmoral de la Mata > Monfragüe > Cáceres > Mérida > Montijo > Badajoz
2026-06-21,00192,LD,Larga Distancia,LD,ALVIA,Par (↓ Sur/Destino),17000,Madrid-Chamartín-Clara Campoamor,37606,Badajoz,11,Madrid-Chamartín-Clara Campoamor > Madrid-Atocha Cercanías > Leganés > Torrijos > Talavera de la Reina > Oropesa de Toledo > Navalmoral de la Mata > Monfragüe > Cáceres > Mérida > Badajoz
2026-06-21,00194,LD,Larga Distancia,LD,ALVIA,Par (↓ Sur/Destino),17000,Madrid-Chamartín-Clara Campoamor,37606,Badajoz,8,Madrid-Chamartín-Clara Campoamor > Madrid-Atocha Cercanías > Leganés > Talavera de la Reina > Navalmoral de la Mata > Monfragüe > Cáceres > Badajoz
2026-06-21,00276,LD,Larga Distancia,LD,Intercity,Par (↓ Sur/Destino),17000,Madrid-Chamartín-Clara Campoamor,56312,Almería,11,Madrid-Chamartín-Clara Campoamor > Madrid-Atocha Cercanías > Alcázar de San Juan > Vilches > Linares-Baeza > Jódar-Úbeda > Cabra del Santo Cristo y Alicún > Moreda > Guadix > Huercal-Viator > Almería
2026-06-21,00276,LD,Larga Distancia,LD,Intercity,Par (↓ Sur/Destino),17000,Madrid-Chamartín-Clara Campoamor,50300,Linares-Baeza,5,Madrid-Chamartín-Clara Campoamor > Madrid-Atocha Cercanías > Alcázar de San Juan > Vilches > Linares-Baeza
2026-06-21,00279,LD,Larga Distancia,LD,Intercity,Impar (↑ Norte/Origen),56312,Almería,17000,Madrid-Chamartín-Clara Campoamor,11,Almería > Huercal-Viator > Guadix > Moreda > Cabra del Santo Cristo y Alicún > Jódar-Úbeda > Linares-Baeza > Vilches > Alcázar de San Juan > Madrid-Atocha Cercanías > Madrid-Chamartín-Clara Campoamor
2026-06-21,00279,LD,Larga Distancia,LD,Intercity,Impar (↑ Norte/Origen),50300,Linares-Baeza,17000,Madrid-Chamartín-Clara Campoamor,5,Linares-Baeza > Vilches > Alcázar de San Juan > Madrid-Atocha Cercanías > Madrid-Chamartín-Clara Campoamor
2026-06-21,00280,LD,Larga Distancia,LD,Intercity,Par (↓ Sur/Destino),11200,Miranda de Ebro,13200,Bilbao-Intermod. Abando Indalecio Prieto,3,Miranda de Ebro > Llodio > Bilbao-Intermod. Abando Indalecio Prieto
2026-06-21,00281,LD,Larga Distancia,LD,Intercity,Impar (↑ Norte/Origen),11511,San Sebastián-Donostia,11208,Vitoria-Gasteiz,4,San Sebastián-Donostia > Zumarraga > Altsasu > Vitoria-Gasteiz
2026-06-21,00281,LD,Larga Distancia,LD,Intercity,Impar (↑ Norte/Origen),11511,San Sebastián-Donostia,11200,Miranda de Ebro,5,San Sebastián-Donostia > Zumarraga > Altsasu > Vitoria-Gasteiz > Miranda de Ebro
2026-06-21,00282,LD,Larga Distancia,LD,Intercity,Par (↓ Sur/Destino),11208,Vitoria-Gasteiz,11511,San Sebastián-Donostia,4,Vitoria-Gasteiz > Altsasu > Zumarraga > San Sebastián-Donostia
2026-06-21,00282,LD,Larga Distancia,LD,Intercity,Par (↓ Sur/Destino),11200,Miranda de Ebro,11511,San Sebastián-Donostia,5,Miranda de Ebro > Vitoria-Gasteiz > Altsasu > Zumarraga > San Sebastián-Donostia
2026-06-21,00283,LD,Larga Distancia,LD,Intercity,Impar (↑ Norte/Origen),13200,Bilbao-Intermod. Abando Indalecio Prieto,11200,Miranda de Ebro,3,Bilbao-Intermod. Abando Indalecio Prieto > Llodio > Miranda de Ebro
2026-06-21,00291,LD,Larga Distancia,LD,ALVIA,Impar (↑ Norte/Origen),37606,Badajoz,17000,Madrid-Chamartín-Clara Campoamor,8,Badajoz > Cáceres > Monfragüe > Navalmoral de la Mata > Talavera de la Reina > Leganés > Madrid-Atocha Cercanías > Madrid-Chamartín-Clara Campoamor
2026-06-21,00293,LD,Larga Distancia,LD,ALVIA,Impar (↑ Norte/Origen),37606,Badajoz,17000,Madrid-Chamartín-Clara Campoamor,11,Badajoz > Mérida > Cáceres > Monfragüe > Navalmoral de la Mata > Oropesa de Toledo > Talavera de la Reina > Torrijos > Leganés > Madrid-Atocha Cercanías > Madrid-Chamartín-Clara Campoamor
2026-06-21,00295,LD,Larga Distancia,LD,ALVIA,Impar (↑ Norte/Origen),37606,Badajoz,17000,Madrid-Chamartín-Clara Campoamor,12,Badajoz > Montijo > Mérida > Cáceres > Monfragüe > Navalmoral de la Mata > Oropesa de Toledo > Talavera de la Reina > Torrijos > Leganés > Madrid-Atocha Cercanías > Madrid-Chamartín-Clara Campoamor
2026-06-21,00297,LD,Larga Distancia,LD,ALVIA,Impar (↑ Norte/Origen),37606,Badajoz,17000,Madrid-Chamartín-Clara Campoamor,8,Badajoz > Cáceres > Monfragüe > Navalmoral de la Mata > Talavera de la Reina > Leganés > Madrid-Atocha Cercanías > Madrid-Chamartín-Clara Campoamor
2026-06-21,00299,LD,Larga Distancia,LD,ALVIA,Impar (↑ Norte/Origen),37606,Badajoz,17000,Madrid-Chamartín-Clara Campoamor,11,Badajoz > Mérida > Cáceres > Monfragüe > Navalmoral de la Mata > Oropesa de Toledo > Talavera de la Reina > Torrijos > Leganés > Madrid-Atocha Cercanías > Madrid-Chamartín-Clara Campoamor
2026-06-21,00420,LD,Larga Distancia,LD,TRENCELTA,Par (↓ Sur/Destino),22308,Vigo-Guixar,94346,Porto Campanha - O Porto Campaña,6,Vigo-Guixar > Valença do Minho > Viana do Castelo > Barcelos > Nine > Porto Campanha - O Porto Campaña
2026-06-21,00421,LD,Larga Distancia,LD,TRENCELTA,Impar (↑ Norte/Origen),94346,Porto Campanha - O Porto Campaña,22308,Vigo-Guixar,6,Porto Campanha - O Porto Campaña > Nine > Barcelos > Viana do Castelo > Valença do Minho > Vigo-Guixar
2026-06-21,00421,LD,Larga Distancia,LD,TRENCELTA,Impar (↑ Norte/Origen),94346,Porto Campanha - O Porto Campaña,22402,Valença do Minho,5,Porto Campanha - O Porto Campaña > Nine > Barcelos > Viana do Castelo > Valença do Minho
2026-06-21,00422,LD,Larga Distancia,LD,TRENCELTA,Par (↓ Sur/Destino),22308,Vigo-Guixar,94346,Porto Campanha - O Porto Campaña,6,Vigo-Guixar > Valença do Minho > Viana do Castelo > Barcelos > Nine > Porto Campanha - O Porto Campaña
2026-06-21,00423,LD,Larga Distancia,LD,TRENCELTA,Impar (↑ Norte/Origen),94346,Porto Campanha - O Porto Campaña,22308,Vigo-Guixar,6,Porto Campanha - O Porto Campaña > Nine > Barcelos > Viana do Castelo > Valença do Minho > Vigo-Guixar
2026-06-21,00423,LD,Larga Distancia,LD,TRENCELTA,Impar (↑ Norte/Origen),94346,Porto Campanha - O Porto Campaña,22402,Valença do Minho,5,Porto Campanha - O Porto Campaña > Nine > Barcelos > Viana do Castelo > Valença do Minho
2026-06-21,00437,LD,Larga Distancia,LD,ALVIA,Impar (↑ Norte/Origen),13200,Bilbao-Intermod. Abando Indalecio Prieto,71801,Barcelona-Sants,11,Bilbao-Intermod. Abando Indalecio Prieto > Miranda de Ebro > Haro > Logroño > Calahorra > Castejón de Ebro > Tudela de Navarra > Zaragoza Delicias > Lleida-Pirineus > Camp de Tarragona > Barcelona-Sants
2026-06-21,00437,LD,Larga Distancia,LD,ALVIA,Impar (↑ Norte/Origen),04040,Zaragoza Delicias,71801,Barcelona-Sants,4,Zaragoza Delicias > Lleida-Pirineus > Camp de Tarragona > Barcelona-Sants
2026-06-21,00437,LD,Larga Distancia,LD,ALVIA,Impar (↑ Norte/Origen),13200,Bilbao-Intermod. Abando Indalecio Prieto,11200,Miranda de Ebro,2,Bilbao-Intermod. Abando Indalecio Prieto > Miranda de Ebro
2026-06-21,00438,LD,Larga Distancia,LD,ALVIA,Par (↓ Sur/Destino),71801,Barcelona-Sants,13200,Bilbao-Intermod. Abando Indalecio Prieto,11,Barcelona-Sants > Camp de Tarragona > Lleida-Pirineus > Zaragoza Delicias > Tudela de Navarra > Castejón de Ebro > Calahorra > Logroño > Haro > Miranda de Ebro > Bilbao-Intermod. Abando Indalecio Prieto
2026-06-21,00438,LD,Larga Distancia,LD,ALVIA,Par (↓ Sur/Destino),71801,Barcelona-Sants,04040,Zaragoza Delicias,4,Barcelona-Sants > Camp de Tarragona > Lleida-Pirineus > Zaragoza Delicias
2026-06-21,00438,LD,Larga Distancia,LD,ALVIA,Par (↓ Sur/Destino),11200,Miranda de Ebro,13200,Bilbao-Intermod. Abando Indalecio Prieto,2,Miranda de Ebro > Bilbao-Intermod. Abando Indalecio Prieto
2026-06-21,00460,LD,Larga Distancia,LD,Intercity,Par (↓ Sur/Destino),65000,València-Estació del Nord,71801,Barcelona-Sants,7,València-Estació del Nord > Castelló de la Plana > Benicarló-Peñíscola > Vinaròs > L'Aldea-Amposta-Tortosa > Camp de Tarragona > Barcelona-Sants
2026-06-21,00463,LD,Larga Distancia,LD,Intercity,Impar (↑ Norte/Origen),71801,Barcelona-Sants,65000,València-Estació del Nord,7,Barcelona-Sants > Camp de Tarragona > L'Aldea-Amposta-Tortosa > Vinaròs > Benicarló-Peñíscola > Castelló de la Plana > València-Estació del Nord
2026-06-21,00530,LD,Larga Distancia,LD,ALVIA,Par (↓ Sur/Destino),71801,Barcelona-Sants,11511,San Sebastián-Donostia,11,Barcelona-Sants > Camp de Tarragona > Lleida-Pirineus > Zaragoza Delicias > Tudela de Navarra > Castejón de Ebro > Tafalla > Pamplona/Iruña > Altsasu > Zumarraga > San Sebastián-Donostia
2026-06-21,00530,LD,Larga Distancia,LD,ALVIA,Par (↓ Sur/Destino),71801,Barcelona-Sants,80100,Pamplona/Iruña,8,Barcelona-Sants > Camp de Tarragona > Lleida-Pirineus > Zaragoza Delicias > Tudela de Navarra > Castejón de Ebro > Tafalla > Pamplona/Iruña
2026-06-21,00533,LD,Larga Distancia,LD,ALVIA,Impar (↑ Norte/Origen),11511,San Sebastián-Donostia,71801,Barcelona-Sants,11,San Sebastián-Donostia > Zumarraga > Altsasu > Pamplona/Iruña > Tafalla > Castejón de Ebro > Tudela de Navarra > Zaragoza Delicias > Lleida-Pirineus > Camp de Tarragona > Barcelona-Sants
2026-06-21,00533,LD,Larga Distancia,LD,ALVIA,Impar (↑ Norte/Origen),11511,San Sebastián-Donostia,78400,Lleida-Pirineus,9,San Sebastián-Donostia > Zumarraga > Altsasu > Pamplona/Iruña > Tafalla > Castejón de Ebro > Tudela de Navarra > Zaragoza Delicias > Lleida-Pirineus
2026-06-21,00533,LD,Larga Distancia,LD,ALVIA,Impar (↑ Norte/Origen),80100,Pamplona/Iruña,71801,Barcelona-Sants,8,Pamplona/Iruña > Tafalla > Castejón de Ebro > Tudela de Navarra > Zaragoza Delicias > Lleida-Pirineus > Camp de Tarragona > Barcelona-Sants
2026-06-21,00558,LD,Larga Distancia,LD,Intercity,Par (↓ Sur/Destino),20309,Lugo,22100,Ourense,4,Lugo > Sarria > Monforte de Lemos > Ourense
2026-06-21,00560,LD,Larga Distancia,LD,Intercity,Par (↓ Sur/Destino),22100,Ourense,20309,Lugo,4,Ourense > Monforte de Lemos > Sarria > Lugo
2026-06-21,00562,LD,Larga Distancia,LD,Intercity,Par (↓ Sur/Destino),71801,Barcelona-Sants,80100,Pamplona/Iruña,8,Barcelona-Sants > Camp de Tarragona > Lleida-Pirineus > Zaragoza Delicias > Tudela de Navarra > Castejón de Ebro > Tafalla > Pamplona/Iruña
2026-06-21,00563,LD,Larga Distancia,LD,Intercity,Impar (↑ Norte/Origen),80100,Pamplona/Iruña,71801,Barcelona-Sants,8,Pamplona/Iruña > Tafalla > Castejón de Ebro > Tudela de Navarra > Zaragoza Delicias > Lleida-Pirineus > Camp de Tarragona > Barcelona-Sants
2026-06-21,00600,LD,Larga Distancia,LD,ALVIA,Par (↓ Sur/Destino),80100,Pamplona/Iruña,60000,Madrid-Puerta de Atocha-Almudena Grandes,7,Pamplona/Iruña > Tafalla > Castejón de Ebro > Tudela de Navarra > Calatayud > Guadalajara-Yebes > Madrid-Puerta de Atocha-Almudena Grandes
2026-06-21,00601,LD,Larga Distancia,LD,ALVIA,Impar (↑ Norte/Origen),60000,Madrid-Puerta de Atocha-Almudena Grandes,80100,Pamplona/Iruña,5,Madrid-Puerta de Atocha-Almudena Grandes > Tudela de Navarra > Castejón de Ebro > Tafalla > Pamplona/Iruña
2026-06-21,00602,LD,Larga Distancia,LD,ALVIA,Par (↓ Sur/Destino),80100,Pamplona/Iruña,60000,Madrid-Puerta de Atocha-Almudena Grandes,4,Pamplona/Iruña > Calatayud > Guadalajara-Yebes > Madrid-Puerta de Atocha-Almudena Grandes
2026-06-21,00603,LD,Larga Distancia,LD,ALVIA,Impar (↑ Norte/Origen),60000,Madrid-Puerta de Atocha-Almudena Grandes,80100,Pamplona/Iruña,7,Madrid-Puerta de Atocha-Almudena Grandes > Guadalajara-Yebes > Calatayud > Tudela de Navarra > Castejón de Ebro > Tafalla > Pamplona/Iruña
2026-06-21,00605,LD,Larga Distancia,LD,ALVIA,Impar (↑ Norte/Origen),60000,Madrid-Puerta de Atocha-Almudena Grandes,80100,Pamplona/Iruña,6,Madrid-Puerta de Atocha-Almudena Grandes > Guadalajara-Yebes > Calatayud > Tudela de Navarra > Tafalla > Pamplona/Iruña
2026-06-21,00606,LD,Larga Distancia,LD,ALVIA,Par (↓ Sur/Destino),80100,Pamplona/Iruña,60000,Madrid-Puerta de Atocha-Almudena Grandes,4,Pamplona/Iruña > Tafalla > Tudela de Navarra > Madrid-Puerta de Atocha-Almudena Grandes
2026-06-21,00608,LD,Larga Distancia,LD,ALVIA,Par (↓ Sur/Destino),80100,Pamplona/Iruña,60000,Madrid-Puerta de Atocha-Almudena Grandes,4,Pamplona/Iruña > Tafalla > Tudela de Navarra > Madrid-Puerta de Atocha-Almudena Grandes
2026-06-21,00609,LD,Larga Distancia,LD,ALVIA,Impar (↑ Norte/Origen),60000,Madrid-Puerta de Atocha-Almudena Grandes,80100,Pamplona/Iruña,6,Madrid-Puerta de Atocha-Almudena Grandes > Guadalajara-Yebes > Calatayud > Tudela de Navarra > Tafalla > Pamplona/Iruña
2026-06-21,00610,LD,Larga Distancia,LD,ALVIA,Par (↓ Sur/Destino),80100,Pamplona/Iruña,60000,Madrid-Puerta de Atocha-Almudena Grandes,6,Pamplona/Iruña > Tafalla > Tudela de Navarra > Calatayud > Guadalajara-Yebes > Madrid-Puerta de Atocha-Almudena Grandes
2026-06-21,00613,LD,Larga Distancia,LD,ALVIA,Impar (↑ Norte/Origen),60000,Madrid-Puerta de Atocha-Almudena Grandes,80100,Pamplona/Iruña,4,Madrid-Puerta de Atocha-Almudena Grandes > Tudela de Navarra > Tafalla > Pamplona/Iruña
2026-06-21,00621,LD,Larga Distancia,LD,ALVIA,Impar (↑ Norte/Origen),08223,Vigo Urzaiz,71801,Barcelona-Sants,25,Vigo Urzaiz > Pontevedra > Vilagarcía de Arousa > Santiago de Compostela-Daniel Castelao > Ourense > Monforte de Lemos > San Clodio-Quiroga > A Rúa-Petín > O Barco de Valdeorras > Ponferrada > Bembibre > Astorga > León > Palencia > Burgos-Rosa Manzano > Miranda de Ebro > Vitoria-Gasteiz > Pamplona/Iruña > Tafalla > Castejón de Ebro > Tudela de Navarra > Zaragoza Delicias > Lleida-Pirineus > Camp de Tarragona > Barcelona-Sants
2026-06-21,00621,LD,Larga Distancia,LD,ALVIA,Impar (↑ Norte/Origen),22100,Ourense,71801,Barcelona-Sants,21,Ourense > Monforte de Lemos > San Clodio-Quiroga > A Rúa-Petín > O Barco de Valdeorras > Ponferrada > Bembibre > Astorga > León > Palencia > Burgos-Rosa Manzano > Miranda de Ebro > Vitoria-Gasteiz > Pamplona/Iruña > Tafalla > Castejón de Ebro > Tudela de Navarra > Zaragoza Delicias > Lleida-Pirineus > Camp de Tarragona > Barcelona-Sants
2026-06-21,00621,LD,Larga Distancia,LD,ALVIA,Impar (↑ Norte/Origen),08223,Vigo Urzaiz,11208,Vitoria-Gasteiz,17,Vigo Urzaiz > Pontevedra > Vilagarcía de Arousa > Santiago de Compostela-Daniel Castelao > Ourense > Monforte de Lemos > San Clodio-Quiroga > A Rúa-Petín > O Barco de Valdeorras > Ponferrada > Bembibre > Astorga > León > Palencia > Burgos-Rosa Manzano > Miranda de Ebro > Vitoria-Gasteiz
2026-06-21,00621,LD,Larga Distancia,LD,ALVIA,Impar (↑ Norte/Origen),15100,León,71801,Barcelona-Sants,13,León > Palencia > Burgos-Rosa Manzano > Miranda de Ebro > Vitoria-Gasteiz > Pamplona/Iruña > Tafalla > Castejón de Ebro > Tudela de Navarra > Zaragoza Delicias > Lleida-Pirineus > Camp de Tarragona > Barcelona-Sants
2026-06-21,00621,LD,Larga Distancia,LD,ALVIA,Impar (↑ Norte/Origen),04040,Zaragoza Delicias,78400,Lleida-Pirineus,2,Zaragoza Delicias > Lleida-Pirineus
2026-06-21,00622,LD,Larga Distancia,LD,ALVIA,Par (↓ Sur/Destino),71801,Barcelona-Sants,08223,Vigo Urzaiz,25,Barcelona-Sants > Camp de Tarragona > Lleida-Pirineus > Zaragoza Delicias > Tudela de Navarra > Castejón de Ebro > Tafalla > Pamplona/Iruña > Vitoria-Gasteiz > Miranda de Ebro > Burgos-Rosa Manzano > Palencia > León > Astorga > Bembibre > Ponferrada > O Barco de Valdeorras > A Rúa-Petín > San Clodio-Quiroga > Monforte de Lemos > Ourense > Santiago de Compostela-Daniel Castelao > Vilagarcía de Arousa > Pontevedra > Vigo Urzaiz
2026-06-21,00622,LD,Larga Distancia,LD,ALVIA,Par (↓ Sur/Destino),71801,Barcelona-Sants,22100,Ourense,21,Barcelona-Sants > Camp de Tarragona > Lleida-Pirineus > Zaragoza Delicias > Tudela de Navarra > Castejón de Ebro > Tafalla > Pamplona/Iruña > Vitoria-Gasteiz > Miranda de Ebro > Burgos-Rosa Manzano > Palencia > León > Astorga > Bembibre > Ponferrada > O Barco de Valdeorras > A Rúa-Petín > San Clodio-Quiroga > Monforte de Lemos > Ourense
2026-06-21,00622,LD,Larga Distancia,LD,ALVIA,Par (↓ Sur/Destino),78400,Lleida-Pirineus,08223,Vigo Urzaiz,23,Lleida-Pirineus > Zaragoza Delicias > Tudela de Navarra > Castejón de Ebro > Tafalla > Pamplona/Iruña > Vitoria-Gasteiz > Miranda de Ebro > Burgos-Rosa Manzano > Palencia > León > Astorga > Bembibre > Ponferrada > O Barco de Valdeorras > A Rúa-Petín > San Clodio-Quiroga > Monforte de Lemos > Ourense > Santiago de Compostela-Daniel Castelao > Vilagarcía de Arousa > Pontevedra > Vigo Urzaiz
2026-06-21,00622,LD,Larga Distancia,LD,ALVIA,Par (↓ Sur/Destino),71801,Barcelona-Sants,15100,León,13,Barcelona-Sants > Camp de Tarragona > Lleida-Pirineus > Zaragoza Delicias > Tudela de Navarra > Castejón de Ebro > Tafalla > Pamplona/Iruña > Vitoria-Gasteiz > Miranda de Ebro > Burgos-Rosa Manzano > Palencia > León
2026-06-21,00622,LD,Larga Distancia,LD,ALVIA,Par (↓ Sur/Destino),71801,Barcelona-Sants,04040,Zaragoza Delicias,4,Barcelona-Sants > Camp de Tarragona > Lleida-Pirineus > Zaragoza Delicias
2026-06-21,00622,LD,Larga Distancia,LD,ALVIA,Par (↓ Sur/Destino),11208,Vitoria-Gasteiz,15100,León,5,Vitoria-Gasteiz > Miranda de Ebro > Burgos-Rosa Manzano > Palencia > León
2026-06-21,00631,LD,Larga Distancia,LD,Intercity,Impar (↑ Norte/Origen),30100,Salamanca,04040,Zaragoza Delicias,11,Salamanca > Cantalapiedra > Fresno el Viejo > El Carpio > Medina del Campo > Valladolid-Campo Grande > Burgos-Rosa Manzano > Miranda de Ebro > Vitoria-Gasteiz > Pamplona/Iruña > Zaragoza Delicias
2026-06-21,00631,LD,Larga Distancia,LD,Intercity,Impar (↑ Norte/Origen),30100,Salamanca,10600,Valladolid-Campo Grande,6,Salamanca > Cantalapiedra > Fresno el Viejo > El Carpio > Medina del Campo > Valladolid-Campo Grande
2026-06-21,00631,LD,Larga Distancia,LD,Intercity,Impar (↑ Norte/Origen),10600,Valladolid-Campo Grande,04040,Zaragoza Delicias,6,Valladolid-Campo Grande > Burgos-Rosa Manzano > Miranda de Ebro > Vitoria-Gasteiz > Pamplona/Iruña > Zaragoza Delicias
2026-06-21,00631,LD,Larga Distancia,LD,Intercity,Impar (↑ Norte/Origen),11200,Miranda de Ebro,04040,Zaragoza Delicias,4,Miranda de Ebro > Vitoria-Gasteiz > Pamplona/Iruña > Zaragoza Delicias
2026-06-21,00632,LD,Larga Distancia,LD,Intercity,Par (↓ Sur/Destino),04040,Zaragoza Delicias,30100,Salamanca,12,Zaragoza Delicias > Pamplona/Iruña > Vitoria-Gasteiz > Miranda de Ebro > Burgos-Rosa Manzano > Valladolid-Campo Grande > Viana > Valdestillas > Matapozuelos > Pozaldez > Medina del Campo > Salamanca
2026-06-21,00632,LD,Larga Distancia,LD,Intercity,Par (↓ Sur/Destino),04040,Zaragoza Delicias,10600,Valladolid-Campo Grande,6,Zaragoza Delicias > Pamplona/Iruña > Vitoria-Gasteiz > Miranda de Ebro > Burgos-Rosa Manzano > Valladolid-Campo Grande
2026-06-21,00632,LD,Larga Distancia,LD,Intercity,Par (↓ Sur/Destino),10600,Valladolid-Campo Grande,30100,Salamanca,7,Valladolid-Campo Grande > Viana > Valdestillas > Matapozuelos > Pozaldez > Medina del Campo > Salamanca
2026-06-21,00632,LD,Larga Distancia,LD,Intercity,Par (↓ Sur/Destino),04040,Zaragoza Delicias,11200,Miranda de Ebro,4,Zaragoza Delicias > Pamplona/Iruña > Vitoria-Gasteiz > Miranda de Ebro
2026-06-21,00672,LD,Larga Distancia,LD,ALVIA,Par (↓ Sur/Destino),80100,Pamplona/Iruña,60000,Madrid-Puerta de Atocha-Almudena Grandes,6,Pamplona/Iruña > Castejón de Ebro > Tudela de Navarra > Calatayud > Guadalajara-Yebes > Madrid-Puerta de Atocha-Almudena Grandes
2026-06-21,00694,LD,Larga Distancia,LD,ALVIA,Par (↓ Sur/Destino),50500,Córdoba-Julio Anguita,71801,Barcelona-Sants,18,Córdoba-Julio Anguita > Linares-Baeza > Vilches > Valdepeñas > Manzanares > Alcázar de San Juan > Socuéllamos > Villarrobledo > Albacete-Los Llanos > Xàtiva > València-Estació del Nord > Castelló de la Plana > Benicarló-Peñíscola > Vinaròs > L'Aldea-Amposta-Tortosa > Cambrils > Camp de Tarragona > Barcelona-Sants
2026-06-21,00697,LD,Larga Distancia,LD,ALVIA,Impar (↑ Norte/Origen),71801,Barcelona-Sants,50500,Córdoba-Julio Anguita,18,Barcelona-Sants > Camp de Tarragona > Cambrils > L'Aldea-Amposta-Tortosa > Vinaròs > Benicarló-Peñíscola > Castelló de la Plana > València-Estació del Nord > Xàtiva > Albacete-Los Llanos > Villarrobledo > Socuéllamos > Alcázar de San Juan > Manzanares > Valdepeñas > Vilches > Linares-Baeza > Córdoba-Julio Anguita
2026-06-21,00752,LD,Larga Distancia,LD,ALVIA,Par (↓ Sur/Destino),81100,Logroño,60000,Madrid-Puerta de Atocha-Almudena Grandes,7,Logroño > Calahorra > Rincón de Soto > Alfaro > Castejón de Ebro > Tudela de Navarra > Madrid-Puerta de Atocha-Almudena Grandes
2026-06-21,00752,LD,Larga Distancia,LD,ALVIA,Par (↓ Sur/Destino),81110,Alfaro,60000,Madrid-Puerta de Atocha-Almudena Grandes,4,Alfaro > Castejón de Ebro > Tudela de Navarra > Madrid-Puerta de Atocha-Almudena Grandes
2026-06-21,00757,LD,Larga Distancia,LD,ALVIA,Impar (↑ Norte/Origen),60000,Madrid-Puerta de Atocha-Almudena Grandes,81100,Logroño,6,Madrid-Puerta de Atocha-Almudena Grandes > Tudela de Navarra > Alfaro > Rincón de Soto > Calahorra > Logroño
2026-06-21,00757,LD,Larga Distancia,LD,ALVIA,Impar (↑ Norte/Origen),60000,Madrid-Puerta de Atocha-Almudena Grandes,81110,Alfaro,3,Madrid-Puerta de Atocha-Almudena Grandes > Tudela de Navarra > Alfaro
2026-06-21,00764,LD,Larga Distancia,LD,ALVIA,Par (↓ Sur/Destino),81100,Logroño,60000,Madrid-Puerta de Atocha-Almudena Grandes,9,Logroño > Calahorra > Rincón de Soto > Alfaro > Castejón de Ebro > Tudela de Navarra > Calatayud > Guadalajara-Yebes > Madrid-Puerta de Atocha-Almudena Grandes
2026-06-21,00764,LD,Larga Distancia,LD,ALVIA,Par (↓ Sur/Destino),81110,Alfaro,60000,Madrid-Puerta de Atocha-Almudena Grandes,6,Alfaro > Castejón de Ebro > Tudela de Navarra > Calatayud > Guadalajara-Yebes > Madrid-Puerta de Atocha-Almudena Grandes
2026-06-21,00772,LD,Larga Distancia,LD,ALVIA,Par (↓ Sur/Destino),81100,Logroño,60000,Madrid-Puerta de Atocha-Almudena Grandes,9,Logroño > Calahorra > Rincón de Soto > Alfaro > Castejón de Ebro > Tudela de Navarra > Calatayud > Guadalajara-Yebes > Madrid-Puerta de Atocha-Almudena Grandes
2026-06-21,00772,LD,Larga Distancia,LD,ALVIA,Par (↓ Sur/Destino),81110,Alfaro,60000,Madrid-Puerta de Atocha-Almudena Grandes,6,Alfaro > Castejón de Ebro > Tudela de Navarra > Calatayud > Guadalajara-Yebes > Madrid-Puerta de Atocha-Almudena Grandes
2026-06-21,00800,LD,Larga Distancia,LD,ALVIA,Par (↓ Sur/Destino),80100,Pamplona/Iruña,60000,Madrid-Puerta de Atocha-Almudena Grandes,4,Pamplona/Iruña > Tafalla > Tudela de Navarra > Madrid-Puerta de Atocha-Almudena Grandes
2026-06-21,00801,LD,Larga Distancia,LD,ALVIA,Impar (↑ Norte/Origen),60000,Madrid-Puerta de Atocha-Almudena Grandes,80100,Pamplona/Iruña,4,Madrid-Puerta de Atocha-Almudena Grandes > Tudela de Navarra > Tafalla > Pamplona/Iruña
2026-06-21,00802,LD,Larga Distancia,LD,ALVIA,Par (↓ Sur/Destino),80100,Pamplona/Iruña,60000,Madrid-Puerta de Atocha-Almudena Grandes,5,Pamplona/Iruña > Tafalla > Castejón de Ebro > Tudela de Navarra > Madrid-Puerta de Atocha-Almudena Grandes
2026-06-21,00805,LD,Larga Distancia,LD,Intercity,Impar (↑ Norte/Origen),60000,Madrid-Puerta de Atocha-Almudena Grandes,80100,Pamplona/Iruña,4,Madrid-Puerta de Atocha-Almudena Grandes > Tudela de Navarra > Tafalla > Pamplona/Iruña
2026-06-21,00808,LD,Larga Distancia,LD,Intercity,Par (↓ Sur/Destino),80100,Pamplona/Iruña,60000,Madrid-Puerta de Atocha-Almudena Grandes,4,Pamplona/Iruña > Tafalla > Tudela de Navarra > Madrid-Puerta de Atocha-Almudena Grandes
2026-06-21,01071,LD,Larga Distancia,LD,EUROMED,Impar (↑ Norte/Origen),71801,Barcelona-Sants,60911,Alicante/Alacant-Terminal,5,Barcelona-Sants > Camp de Tarragona > Castelló de la Plana > València-Estació del Nord > Alicante/Alacant-Terminal
2026-06-21,01072,LD,Larga Distancia,LD,EUROMED,Par (↓ Sur/Destino),65000,València-Estació del Nord,71801,Barcelona-Sants,4,València-Estació del Nord > Castelló de la Plana > Camp de Tarragona > Barcelona-Sants
2026-06-21,01081,LD,Larga Distancia,LD,EUROMED,Impar (↑ Norte/Origen),04307,Figueres-Vilafant,65000,València-Estació del Nord,6,Figueres-Vilafant > Girona > Barcelona-Sants > Camp de Tarragona > Castelló de la Plana > València-Estació del Nord
2026-06-21,01081,LD,Larga Distancia,LD,EUROMED,Impar (↑ Norte/Origen),71801,Barcelona-Sants,65000,València-Estació del Nord,4,Barcelona-Sants > Camp de Tarragona > Castelló de la Plana > València-Estació del Nord
2026-06-21,01092,LD,Larga Distancia,LD,EUROMED,Par (↓ Sur/Destino),60911,Alicante/Alacant-Terminal,71801,Barcelona-Sants,5,Alicante/Alacant-Terminal > València-Estació del Nord > Castelló de la Plana > Camp de Tarragona > Barcelona-Sants
2026-06-21,01101,LD,Larga Distancia,LD,EUROMED,Impar (↑ Norte/Origen),04307,Figueres-Vilafant,60911,Alicante/Alacant-Terminal,7,Figueres-Vilafant > Girona > Barcelona-Sants > Camp de Tarragona > Castelló de la Plana > València-Estació del Nord > Alicante/Alacant-Terminal
2026-06-21,01101,LD,Larga Distancia,LD,EUROMED,Impar (↑ Norte/Origen),71801,Barcelona-Sants,60911,Alicante/Alacant-Terminal,5,Barcelona-Sants > Camp de Tarragona > Castelló de la Plana > València-Estació del Nord > Alicante/Alacant-Terminal
2026-06-21,01101,LD,Larga Distancia,LD,EUROMED,Impar (↑ Norte/Origen),04307,Figueres-Vilafant,65000,València-Estació del Nord,6,Figueres-Vilafant > Girona > Barcelona-Sants > Camp de Tarragona > Castelló de la Plana > València-Estació del Nord
2026-06-21,01112,LD,Larga Distancia,LD,EUROMED,Par (↓ Sur/Destino),60911,Alicante/Alacant-Terminal,71801,Barcelona-Sants,5,Alicante/Alacant-Terminal > València-Estació del Nord > Castelló de la Plana > Camp de Tarragona > Barcelona-Sants
2026-06-21,01112,LD,Larga Distancia,LD,EUROMED,Par (↓ Sur/Destino),65000,València-Estació del Nord,71801,Barcelona-Sants,4,València-Estació del Nord > Castelló de la Plana > Camp de Tarragona > Barcelona-Sants
2026-06-21,01131,LD,Larga Distancia,LD,Intercity,Impar (↑ Norte/Origen),71801,Barcelona-Sants,65000,València-Estació del Nord,9,Barcelona-Sants > Tarragona > L'Aldea-Amposta-Tortosa > Vinaròs > Benicarló-Peñíscola > Orpesa > Castelló de la Plana > Sagunt > València-Estació del Nord
2026-06-21,01152,LD,Larga Distancia,LD,EUROMED,Par (↓ Sur/Destino),65000,València-Estació del Nord,71801,Barcelona-Sants,4,València-Estació del Nord > Castelló de la Plana > Camp de Tarragona > Barcelona-Sants
2026-06-21,01152,LD,Larga Distancia,LD,EUROMED,Par (↓ Sur/Destino),65000,València-Estació del Nord,04307,Figueres-Vilafant,6,València-Estació del Nord > Castelló de la Plana > Camp de Tarragona > Barcelona-Sants > Girona > Figueres-Vilafant
2026-06-21,01161,LD,Larga Distancia,LD,EUROMED,Impar (↑ Norte/Origen),71801,Barcelona-Sants,60911,Alicante/Alacant-Terminal,5,Barcelona-Sants > Camp de Tarragona > Castelló de la Plana > València-Estació del Nord > Alicante/Alacant-Terminal
2026-06-21,01161,LD,Larga Distancia,LD,EUROMED,Impar (↑ Norte/Origen),71801,Barcelona-Sants,65000,València-Estació del Nord,4,Barcelona-Sants > Camp de Tarragona > Castelló de la Plana > València-Estació del Nord
2026-06-21,01162,LD,Larga Distancia,LD,EUROMED,Par (↓ Sur/Destino),60911,Alicante/Alacant-Terminal,71801,Barcelona-Sants,5,Alicante/Alacant-Terminal > València-Estació del Nord > Castelló de la Plana > Camp de Tarragona > Barcelona-Sants
2026-06-21,01181,LD,Larga Distancia,LD,EUROMED,Impar (↑ Norte/Origen),71801,Barcelona-Sants,60911,Alicante/Alacant-Terminal,5,Barcelona-Sants > Camp de Tarragona > Castelló de la Plana > València-Estació del Nord > Alicante/Alacant-Terminal
2026-06-21,01182,LD,Larga Distancia,LD,EUROMED,Par (↓ Sur/Destino),65000,València-Estació del Nord,71801,Barcelona-Sants,4,València-Estació del Nord > Castelló de la Plana > Camp de Tarragona > Barcelona-Sants
2026-06-21,01192,LD,Larga Distancia,LD,EUROMED,Par (↓ Sur/Destino),60911,Alicante/Alacant-Terminal,71801,Barcelona-Sants,5,Alicante/Alacant-Terminal > València-Estació del Nord > Castelló de la Plana > Camp de Tarragona > Barcelona-Sants
2026-06-21,01201,LD,Larga Distancia,LD,EUROMED,Impar (↑ Norte/Origen),71801,Barcelona-Sants,65000,València-Estació del Nord,4,Barcelona-Sants > Camp de Tarragona > Castelló de la Plana > València-Estació del Nord
2026-06-21,01371,LD,Larga Distancia,LD,Intercity,Impar (↑ Norte/Origen),71801,Barcelona-Sants,60911,Alicante/Alacant-Terminal,15,Barcelona-Sants > Camp de Tarragona > Cambrils > L'Aldea-Amposta-Tortosa > Vinaròs > Benicarló-Peñíscola > Orpesa > Benicàssim > Castelló de la Plana > Sagunt > València-Estació del Nord > Xàtiva > Villena > Elda-Petrer > Alicante/Alacant-Terminal
2026-06-21,01382,LD,Larga Distancia,LD,Intercity,Par (↓ Sur/Destino),65000,València-Estació del Nord,71801,Barcelona-Sants,4,València-Estació del Nord > Castelló de la Plana > Tarragona > Barcelona-Sants
2026-06-21,01402,LD,Larga Distancia,LD,Intercity,Par (↓ Sur/Destino),60911,Alicante/Alacant-Terminal,71801,Barcelona-Sants,15,Alicante/Alacant-Terminal > Elda-Petrer > Villena > Xàtiva > València-Estació del Nord > Sagunt > Castelló de la Plana > Benicàssim > Orpesa > Benicarló-Peñíscola > Vinaròs > L'Aldea-Amposta-Tortosa > Cambrils > Camp de Tarragona > Barcelona-Sants
2026-06-21,01460,LD,Larga Distancia,LD,Intercity,Par (↓ Sur/Destino),61307,Cartagena,65000,València-Estació del Nord,11,Cartagena > Torre-Pacheco > Balsicas-Mar Menor > Murcia del Carmen > Orihuela-Miguel Hernández > Elche/Elx-Parc > Alicante/Alacant-Terminal > Elda-Petrer > Villena > Xàtiva > València-Estació del Nord
2026-06-21,01460,LD,Larga Distancia,LD,Intercity,Par (↓ Sur/Destino),06006,Lorca-Sutullena,65000,València-Estació del Nord,11,Lorca-Sutullena > Totana > Alhama de Murcia > Murcia del Carmen > Orihuela-Miguel Hernández > Elche/Elx-Parc > Alicante/Alacant-Terminal > Elda-Petrer > Villena > Xàtiva > València-Estació del Nord
2026-06-21,01460,LD,Larga Distancia,LD,Intercity,Par (↓ Sur/Destino),61200,Murcia del Carmen,65000,València-Estació del Nord,8,Murcia del Carmen > Orihuela-Miguel Hernández > Elche/Elx-Parc > Alicante/Alacant-Terminal > Elda-Petrer > Villena > Xàtiva > València-Estació del Nord
2026-06-21,01463,LD,Larga Distancia,LD,Intercity,Impar (↑ Norte/Origen),65000,València-Estació del Nord,61307,Cartagena,11,València-Estació del Nord > Xàtiva > Villena > Elda-Petrer > Alicante/Alacant-Terminal > Elche/Elx-Parc > Orihuela-Miguel Hernández > Murcia del Carmen > Balsicas-Mar Menor > Torre-Pacheco > Cartagena
2026-06-21,01463,LD,Larga Distancia,LD,Intercity,Impar (↑ Norte/Origen),65000,València-Estació del Nord,06006,Lorca-Sutullena,11,València-Estació del Nord > Xàtiva > Villena > Elda-Petrer > Alicante/Alacant-Terminal > Elche/Elx-Parc > Orihuela-Miguel Hernández > Murcia del Carmen > Alhama de Murcia > Totana > Lorca-Sutullena
2026-06-21,01463,LD,Larga Distancia,LD,Intercity,Impar (↑ Norte/Origen),65000,València-Estació del Nord,61200,Murcia del Carmen,8,València-Estació del Nord > Xàtiva > Villena > Elda-Petrer > Alicante/Alacant-Terminal > Elche/Elx-Parc > Orihuela-Miguel Hernández > Murcia del Carmen
2026-06-21,02061,AV,AVE / Alta Velocidad LD,LAV Sur,AVE,Impar (↑ Norte/Origen),51003,Sevilla-Santa Justa,60000,Madrid-Puerta de Atocha-Almudena Grandes,5,Sevilla-Santa Justa > Córdoba-Julio Anguita > Puertollano > Ciudad Real > Madrid-Puerta de Atocha-Almudena Grandes
2026-06-21,02063,AV,AVE / Alta Velocidad LD,LAV Sur,AVE,Impar (↑ Norte/Origen),54413,Málaga María Zambrano,60000,Madrid-Puerta de Atocha-Almudena Grandes,8,Málaga María Zambrano > Antequera-Santa Ana > Puente Genil-Herrera > Córdoba-Julio Anguita > Villanueva de Córdoba > Puertollano > Ciudad Real > Madrid-Puerta de Atocha-Almudena Grandes
2026-06-21,02067,AV,AVE / Alta Velocidad LD,LAV Sur,AVE,Impar (↑ Norte/Origen),05000,Granada,60000,Madrid-Puerta de Atocha-Almudena Grandes,5,Granada > Loja > Antequera AV > Córdoba-Julio Anguita > Madrid-Puerta de Atocha-Almudena Grandes
2026-06-21,02070,AV,AVE / Alta Velocidad LD,LAV Sur,AVE,Par (↓ Sur/Destino),60000,Madrid-Puerta de Atocha-Almudena Grandes,51003,Sevilla-Santa Justa,5,Madrid-Puerta de Atocha-Almudena Grandes > Ciudad Real > Puertollano > Córdoba-Julio Anguita > Sevilla-Santa Justa
2026-06-21,02071,AV,AVE / Alta Velocidad LD,LAV Sur,AVE,Impar (↑ Norte/Origen),51003,Sevilla-Santa Justa,60000,Madrid-Puerta de Atocha-Almudena Grandes,5,Sevilla-Santa Justa > Córdoba-Julio Anguita > Puertollano > Ciudad Real > Madrid-Puerta de Atocha-Almudena Grandes
2026-06-21,02072,AV,AVE / Alta Velocidad LD,LAV Sur,AVE,Par (↓ Sur/Destino),60000,Madrid-Puerta de Atocha-Almudena Grandes,54413,Málaga María Zambrano,5,Madrid-Puerta de Atocha-Almudena Grandes > Córdoba-Julio Anguita > Puente Genil-Herrera > Antequera-Santa Ana > Málaga María Zambrano
2026-06-21,02073,AV,AVE / Alta Velocidad LD,LAV Sur,AVE,Impar (↑ Norte/Origen),54413,Málaga María Zambrano,60000,Madrid-Puerta de Atocha-Almudena Grandes,2,Málaga María Zambrano > Madrid-Puerta de Atocha-Almudena Grandes
2026-06-21,02074,AV,AVE / Alta Velocidad LD,LAV Sur,ALVIA,Par (↓ Sur/Destino),60000,Madrid-Puerta de Atocha-Almudena Grandes,51405,Cádiz,9,Madrid-Puerta de Atocha-Almudena Grandes > Ciudad Real > Puertollano > Córdoba-Julio Anguita > Sevilla-Santa Justa > Jerez de la Frontera > Puerto de Santa María > San Fernando-Bahía Sur > Cádiz
2026-06-21,02075,AV,AVE / Alta Velocidad LD,LAV Sur,ALVIA,Impar (↑ Norte/Origen),51405,Cádiz,60000,Madrid-Puerta de Atocha-Almudena Grandes,9,Cádiz > San Fernando-Bahía Sur > Puerto de Santa María > Jerez de la Frontera > Sevilla-Santa Justa > Córdoba-Julio Anguita > Puertollano > Ciudad Real > Madrid-Puerta de Atocha-Almudena Grandes
2026-06-21,02076,AV,AVE / Alta Velocidad LD,LAV Sur,AVE,Par (↓ Sur/Destino),60000,Madrid-Puerta de Atocha-Almudena Grandes,05000,Granada,6,Madrid-Puerta de Atocha-Almudena Grandes > Córdoba-Julio Anguita > Puente Genil-Herrera > Antequera-Santa Ana > Antequera AV > Granada
2026-06-21,02077,AV,AVE / Alta Velocidad LD,LAV Sur,AVE,Impar (↑ Norte/Origen),05000,Granada,60000,Madrid-Puerta de Atocha-Almudena Grandes,6,Granada > Loja > Antequera AV > Antequera-Santa Ana > Córdoba-Julio Anguita > Madrid-Puerta de Atocha-Almudena Grandes
2026-06-21,02080,AV,AVE / Alta Velocidad LD,LAV Sur,AVE,Par (↓ Sur/Destino),60000,Madrid-Puerta de Atocha-Almudena Grandes,51003,Sevilla-Santa Justa,3,Madrid-Puerta de Atocha-Almudena Grandes > Córdoba-Julio Anguita > Sevilla-Santa Justa
2026-06-21,02081,AV,AVE / Alta Velocidad LD,LAV Sur,AVE,Impar (↑ Norte/Origen),51003,Sevilla-Santa Justa,60000,Madrid-Puerta de Atocha-Almudena Grandes,3,Sevilla-Santa Justa > Córdoba-Julio Anguita > Madrid-Puerta de Atocha-Almudena Grandes
2026-06-21,02082,AV,AVE / Alta Velocidad LD,LAV Sur,AVE,Par (↓ Sur/Destino),60000,Madrid-Puerta de Atocha-Almudena Grandes,54413,Málaga María Zambrano,4,Madrid-Puerta de Atocha-Almudena Grandes > Córdoba-Julio Anguita > Antequera-Santa Ana > Málaga María Zambrano
2026-06-21,02083,AV,AVE / Alta Velocidad LD,LAV Sur,AVE,Impar (↑ Norte/Origen),54413,Málaga María Zambrano,60000,Madrid-Puerta de Atocha-Almudena Grandes,3,Málaga María Zambrano > Córdoba-Julio Anguita > Madrid-Puerta de Atocha-Almudena Grandes
2026-06-21,02087,AV,AVE / Alta Velocidad LD,LAV Sur,ALVIA,Impar (↑ Norte/Origen),56312,Almería,60000,Madrid-Puerta de Atocha-Almudena Grandes,7,Almería > Huercal-Viator > Guadix > Granada > Antequera AV > Córdoba-Julio Anguita > Madrid-Puerta de Atocha-Almudena Grandes
2026-06-21,02087,AV,AVE / Alta Velocidad LD,LAV Sur,ALVIA,Impar (↑ Norte/Origen),05000,Granada,60000,Madrid-Puerta de Atocha-Almudena Grandes,4,Granada > Antequera AV > Córdoba-Julio Anguita > Madrid-Puerta de Atocha-Almudena Grandes
2026-06-21,02091,AV,AVE / Alta Velocidad LD,LAV Sur,AVE,Impar (↑ Norte/Origen),51003,Sevilla-Santa Justa,60000,Madrid-Puerta de Atocha-Almudena Grandes,3,Sevilla-Santa Justa > Córdoba-Julio Anguita > Madrid-Puerta de Atocha-Almudena Grandes
2026-06-21,02092,AV,AVE / Alta Velocidad LD,LAV Sur,AVE,Par (↓ Sur/Destino),60000,Madrid-Puerta de Atocha-Almudena Grandes,54413,Málaga María Zambrano,4,Madrid-Puerta de Atocha-Almudena Grandes > Córdoba-Julio Anguita > Antequera-Santa Ana > Málaga María Zambrano
2026-06-21,02093,AV,AVE / Alta Velocidad LD,LAV Sur,AVE,Impar (↑ Norte/Origen),54413,Málaga María Zambrano,60000,Madrid-Puerta de Atocha-Almudena Grandes,7,Málaga María Zambrano > Antequera-Santa Ana > Puente Genil-Herrera > Córdoba-Julio Anguita > Puertollano > Ciudad Real > Madrid-Puerta de Atocha-Almudena Grandes
2026-06-21,02096,AV,AVE / Alta Velocidad LD,LAV Sur,AVLO,Par (↓ Sur/Destino),60000,Madrid-Puerta de Atocha-Almudena Grandes,51003,Sevilla-Santa Justa,6,Madrid-Puerta de Atocha-Almudena Grandes > Ciudad Real > Puertollano > Villanueva de Córdoba > Córdoba-Julio Anguita > Sevilla-Santa Justa
2026-06-21,02100,AV,AVE / Alta Velocidad LD,LAV Sur,AVE,Par (↓ Sur/Destino),60000,Madrid-Puerta de Atocha-Almudena Grandes,51003,Sevilla-Santa Justa,3,Madrid-Puerta de Atocha-Almudena Grandes > Córdoba-Julio Anguita > Sevilla-Santa Justa
2026-06-21,02101,AV,AVE / Alta Velocidad LD,LAV Sur,AVE,Impar (↑ Norte/Origen),51003,Sevilla-Santa Justa,60000,Madrid-Puerta de Atocha-Almudena Grandes,3,Sevilla-Santa Justa > Córdoba-Julio Anguita > Madrid-Puerta de Atocha-Almudena Grandes
2026-06-21,02104,AV,AVE / Alta Velocidad LD,LAV Sur,ALVIA,Par (↓ Sur/Destino),60000,Madrid-Puerta de Atocha-Almudena Grandes,51405,Cádiz,6,Madrid-Puerta de Atocha-Almudena Grandes > Sevilla-Santa Justa > Jerez de la Frontera > Puerto de Santa María > San Fernando-Bahía Sur > Cádiz
2026-06-21,02108,AV,AVE / Alta Velocidad LD,LAV Sur,AVLO,Par (↓ Sur/Destino),60000,Madrid-Puerta de Atocha-Almudena Grandes,54413,Málaga María Zambrano,8,Madrid-Puerta de Atocha-Almudena Grandes > Ciudad Real > Puertollano > Villanueva de Córdoba > Córdoba-Julio Anguita > Puente Genil-Herrera > Antequera-Santa Ana > Málaga María Zambrano
2026-06-21,02109,AV,AVE / Alta Velocidad LD,LAV Sur,AVLO,Impar (↑ Norte/Origen),54413,Málaga María Zambrano,60000,Madrid-Puerta de Atocha-Almudena Grandes,8,Málaga María Zambrano > Antequera-Santa Ana > Puente Genil-Herrera > Córdoba-Julio Anguita > Villanueva de Córdoba > Puertollano > Ciudad Real > Madrid-Puerta de Atocha-Almudena Grandes
2026-06-21,02110,AV,AVE / Alta Velocidad LD,LAV Sur,AVE,Par (↓ Sur/Destino),60000,Madrid-Puerta de Atocha-Almudena Grandes,51003,Sevilla-Santa Justa,3,Madrid-Puerta de Atocha-Almudena Grandes > Córdoba-Julio Anguita > Sevilla-Santa Justa
2026-06-21,02111,AV,AVE / Alta Velocidad LD,LAV Sur,AVE,Impar (↑ Norte/Origen),51003,Sevilla-Santa Justa,60000,Madrid-Puerta de Atocha-Almudena Grandes,3,Sevilla-Santa Justa > Córdoba-Julio Anguita > Madrid-Puerta de Atocha-Almudena Grandes
2026-06-21,02112,AV,AVE / Alta Velocidad LD,LAV Sur,AVE,Par (↓ Sur/Destino),60000,Madrid-Puerta de Atocha-Almudena Grandes,54413,Málaga María Zambrano,3,Madrid-Puerta de Atocha-Almudena Grandes > Córdoba-Julio Anguita > Málaga María Zambrano
2026-06-21,02120,AV,AVE / Alta Velocidad LD,LAV Sur,AVE,Par (↓ Sur/Destino),60000,Madrid-Puerta de Atocha-Almudena Grandes,51003,Sevilla-Santa Justa,3,Madrid-Puerta de Atocha-Almudena Grandes > Córdoba-Julio Anguita > Sevilla-Santa Justa
2026-06-21,02121,AV,AVE / Alta Velocidad LD,LAV Sur,AVE,Impar (↑ Norte/Origen),51003,Sevilla-Santa Justa,60000,Madrid-Puerta de Atocha-Almudena Grandes,3,Sevilla-Santa Justa > Córdoba-Julio Anguita > Madrid-Puerta de Atocha-Almudena Grandes
2026-06-21,02122,AV,AVE / Alta Velocidad LD,LAV Sur,AVE,Par (↓ Sur/Destino),60000,Madrid-Puerta de Atocha-Almudena Grandes,54413,Málaga María Zambrano,3,Madrid-Puerta de Atocha-Almudena Grandes > Córdoba-Julio Anguita > Málaga María Zambrano
2026-06-21,02123,AV,AVE / Alta Velocidad LD,LAV Sur,AVE,Impar (↑ Norte/Origen),54413,Málaga María Zambrano,60000,Madrid-Puerta de Atocha-Almudena Grandes,3,Málaga María Zambrano > Córdoba-Julio Anguita > Madrid-Puerta de Atocha-Almudena Grandes
2026-06-21,02124,AV,AVE / Alta Velocidad LD,LAV Sur,ALVIA,Par (↓ Sur/Destino),60000,Madrid-Puerta de Atocha-Almudena Grandes,51405,Cádiz,9,Madrid-Puerta de Atocha-Almudena Grandes > Ciudad Real > Puertollano > Córdoba-Julio Anguita > Sevilla-Santa Justa > Jerez de la Frontera > Puerto de Santa María > San Fernando-Bahía Sur > Cádiz
2026-06-21,02130,AV,AVE / Alta Velocidad LD,LAV Sur,AVE,Par (↓ Sur/Destino),60000,Madrid-Puerta de Atocha-Almudena Grandes,51003,Sevilla-Santa Justa,3,Madrid-Puerta de Atocha-Almudena Grandes > Córdoba-Julio Anguita > Sevilla-Santa Justa
2026-06-21,02133,AV,AVE / Alta Velocidad LD,LAV Sur,AVE,Impar (↑ Norte/Origen),54413,Málaga María Zambrano,60000,Madrid-Puerta de Atocha-Almudena Grandes,3,Málaga María Zambrano > Córdoba-Julio Anguita > Madrid-Puerta de Atocha-Almudena Grandes
2026-06-21,02135,AV,AVE / Alta Velocidad LD,LAV Sur,ALVIA,Impar (↑ Norte/Origen),51405,Cádiz,60000,Madrid-Puerta de Atocha-Almudena Grandes,9,Cádiz > San Fernando-Bahía Sur > Puerto de Santa María > Jerez de la Frontera > Sevilla-Santa Justa > Córdoba-Julio Anguita > Puertollano > Ciudad Real > Madrid-Puerta de Atocha-Almudena Grandes
2026-06-21,02136,AV,AVE / Alta Velocidad LD,LAV Sur,AVE,Par (↓ Sur/Destino),60000,Madrid-Puerta de Atocha-Almudena Grandes,05000,Granada,4,Madrid-Puerta de Atocha-Almudena Grandes > Córdoba-Julio Anguita > Antequera AV > Granada
2026-06-21,02137,AV,AVE / Alta Velocidad LD,LAV Sur,AVLO,Impar (↑ Norte/Origen),51003,Sevilla-Santa Justa,60000,Madrid-Puerta de Atocha-Almudena Grandes,6,Sevilla-Santa Justa > Córdoba-Julio Anguita > Villanueva de Córdoba > Puertollano > Ciudad Real > Madrid-Puerta de Atocha-Almudena Grandes
2026-06-21,02140,AV,AVE / Alta Velocidad LD,LAV Sur,AVE,Par (↓ Sur/Destino),60000,Madrid-Puerta de Atocha-Almudena Grandes,51003,Sevilla-Santa Justa,3,Madrid-Puerta de Atocha-Almudena Grandes > Córdoba-Julio Anguita > Sevilla-Santa Justa
2026-06-21,02141,AV,AVE / Alta Velocidad LD,LAV Sur,AVE,Impar (↑ Norte/Origen),51003,Sevilla-Santa Justa,60000,Madrid-Puerta de Atocha-Almudena Grandes,3,Sevilla-Santa Justa > Córdoba-Julio Anguita > Madrid-Puerta de Atocha-Almudena Grandes
2026-06-21,02142,AV,AVE / Alta Velocidad LD,LAV Sur,AVE,Par (↓ Sur/Destino),60000,Madrid-Puerta de Atocha-Almudena Grandes,54413,Málaga María Zambrano,3,Madrid-Puerta de Atocha-Almudena Grandes > Córdoba-Julio Anguita > Málaga María Zambrano
2026-06-21,02149,AV,AVE / Alta Velocidad LD,LAV Sur,AVLO,Impar (↑ Norte/Origen),54413,Málaga María Zambrano,60000,Madrid-Puerta de Atocha-Almudena Grandes,8,Málaga María Zambrano > Antequera-Santa Ana > Puente Genil-Herrera > Córdoba-Julio Anguita > Villanueva de Córdoba > Puertollano > Ciudad Real > Madrid-Puerta de Atocha-Almudena Grandes
2026-06-21,02151,AV,AVE / Alta Velocidad LD,LAV Sur,AVE,Impar (↑ Norte/Origen),51003,Sevilla-Santa Justa,60000,Madrid-Puerta de Atocha-Almudena Grandes,2,Sevilla-Santa Justa > Madrid-Puerta de Atocha-Almudena Grandes
2026-06-21,02152,AV,AVE / Alta Velocidad LD,LAV Sur,AVE,Par (↓ Sur/Destino),60000,Madrid-Puerta de Atocha-Almudena Grandes,54413,Málaga María Zambrano,2,Madrid-Puerta de Atocha-Almudena Grandes > Málaga María Zambrano
2026-06-21,02153,AV,AVE / Alta Velocidad LD,LAV Sur,AVE,Impar (↑ Norte/Origen),54413,Málaga María Zambrano,60000,Madrid-Puerta de Atocha-Almudena Grandes,3,Málaga María Zambrano > Córdoba-Julio Anguita > Madrid-Puerta de Atocha-Almudena Grandes
2026-06-21,02156,AV,AVE / Alta Velocidad LD,LAV Sur,AVLO,Par (↓ Sur/Destino),60000,Madrid-Puerta de Atocha-Almudena Grandes,51003,Sevilla-Santa Justa,6,Madrid-Puerta de Atocha-Almudena Grandes > Ciudad Real > Puertollano > Villanueva de Córdoba > Córdoba-Julio Anguita > Sevilla-Santa Justa
2026-06-21,02160,AV,AVE / Alta Velocidad LD,LAV Sur,AVE,Par (↓ Sur/Destino),60000,Madrid-Puerta de Atocha-Almudena Grandes,51003,Sevilla-Santa Justa,3,Madrid-Puerta de Atocha-Almudena Grandes > Córdoba-Julio Anguita > Sevilla-Santa Justa
2026-06-21,02161,AV,AVE / Alta Velocidad LD,LAV Sur,AVE,Impar (↑ Norte/Origen),51003,Sevilla-Santa Justa,60000,Madrid-Puerta de Atocha-Almudena Grandes,3,Sevilla-Santa Justa > Córdoba-Julio Anguita > Madrid-Puerta de Atocha-Almudena Grandes
2026-06-21,02162,AV,AVE / Alta Velocidad LD,LAV Sur,AVE,Par (↓ Sur/Destino),60000,Madrid-Puerta de Atocha-Almudena Grandes,54413,Málaga María Zambrano,7,Madrid-Puerta de Atocha-Almudena Grandes > Ciudad Real > Puertollano > Córdoba-Julio Anguita > Puente Genil-Herrera > Antequera-Santa Ana > Málaga María Zambrano
2026-06-21,02163,AV,AVE / Alta Velocidad LD,LAV Sur,AVE,Impar (↑ Norte/Origen),54413,Málaga María Zambrano,60000,Madrid-Puerta de Atocha-Almudena Grandes,4,Málaga María Zambrano > Antequera-Santa Ana > Córdoba-Julio Anguita > Madrid-Puerta de Atocha-Almudena Grandes
2026-06-21,02164,AV,AVE / Alta Velocidad LD,LAV Sur,ALVIA,Par (↓ Sur/Destino),60000,Madrid-Puerta de Atocha-Almudena Grandes,51405,Cádiz,5,Madrid-Puerta de Atocha-Almudena Grandes > Jerez de la Frontera > Puerto de Santa María > San Fernando-Bahía Sur > Cádiz
2026-06-21,02165,AV,AVE / Alta Velocidad LD,LAV Sur,ALVIA,Impar (↑ Norte/Origen),51405,Cádiz,60000,Madrid-Puerta de Atocha-Almudena Grandes,6,Cádiz > San Fernando-Bahía Sur > Puerto de Santa María > Jerez de la Frontera > Sevilla-Santa Justa > Madrid-Puerta de Atocha-Almudena Grandes
2026-06-21,02167,AV,AVE / Alta Velocidad LD,LAV Sur,AVE,Impar (↑ Norte/Origen),05000,Granada,60000,Madrid-Puerta de Atocha-Almudena Grandes,5,Granada > Antequera AV > Antequera-Santa Ana > Córdoba-Julio Anguita > Madrid-Puerta de Atocha-Almudena Grandes
2026-06-21,02171,AV,AVE / Alta Velocidad LD,LAV Sur,AVE,Impar (↑ Norte/Origen),51003,Sevilla-Santa Justa,60000,Madrid-Puerta de Atocha-Almudena Grandes,3,Sevilla-Santa Justa > Córdoba-Julio Anguita > Madrid-Puerta de Atocha-Almudena Grandes
2026-06-21,02172,AV,AVE / Alta Velocidad LD,LAV Sur,AVE,Par (↓ Sur/Destino),60000,Madrid-Puerta de Atocha-Almudena Grandes,54413,Málaga María Zambrano,2,Madrid-Puerta de Atocha-Almudena Grandes > Málaga María Zambrano
2026-06-21,02173,AV,AVE / Alta Velocidad LD,LAV Sur,AVE,Impar (↑ Norte/Origen),54413,Málaga María Zambrano,60000,Madrid-Puerta de Atocha-Almudena Grandes,2,Málaga María Zambrano > Madrid-Puerta de Atocha-Almudena Grandes
2026-06-21,02175,AV,AVE / Alta Velocidad LD,LAV Sur,ALVIA,Impar (↑ Norte/Origen),51405,Cádiz,60000,Madrid-Puerta de Atocha-Almudena Grandes,5,Cádiz > San Fernando-Bahía Sur > Puerto de Santa María > Jerez de la Frontera > Madrid-Puerta de Atocha-Almudena Grandes
2026-06-21,02176,AV,AVE / Alta Velocidad LD,LAV Sur,AVLO,Par (↓ Sur/Destino),60000,Madrid-Puerta de Atocha-Almudena Grandes,51003,Sevilla-Santa Justa,6,Madrid-Puerta de Atocha-Almudena Grandes > Ciudad Real > Puertollano > Villanueva de Córdoba > Córdoba-Julio Anguita > Sevilla-Santa Justa
2026-06-21,02180,AV,AVE / Alta Velocidad LD,LAV Sur,AVE,Par (↓ Sur/Destino),60000,Madrid-Puerta de Atocha-Almudena Grandes,51003,Sevilla-Santa Justa,3,Madrid-Puerta de Atocha-Almudena Grandes > Córdoba-Julio Anguita > Sevilla-Santa Justa
2026-06-21,02183,AV,AVE / Alta Velocidad LD,LAV Sur,AVE,Impar (↑ Norte/Origen),54413,Málaga María Zambrano,60000,Madrid-Puerta de Atocha-Almudena Grandes,3,Málaga María Zambrano > Córdoba-Julio Anguita > Madrid-Puerta de Atocha-Almudena Grandes
2026-06-21,02187,AV,AVE / Alta Velocidad LD,LAV Sur,AVLO,Impar (↑ Norte/Origen),51003,Sevilla-Santa Justa,60000,Madrid-Puerta de Atocha-Almudena Grandes,6,Sevilla-Santa Justa > Córdoba-Julio Anguita > Villanueva de Córdoba > Puertollano > Ciudad Real > Madrid-Puerta de Atocha-Almudena Grandes
2026-06-21,02188,AV,AVE / Alta Velocidad LD,LAV Sur,AVLO,Par (↓ Sur/Destino),60000,Madrid-Puerta de Atocha-Almudena Grandes,54413,Málaga María Zambrano,8,Madrid-Puerta de Atocha-Almudena Grandes > Ciudad Real > Puertollano > Villanueva de Córdoba > Córdoba-Julio Anguita > Puente Genil-Herrera > Antequera-Santa Ana > Málaga María Zambrano
2026-06-21,02190,AV,AVE / Alta Velocidad LD,LAV Sur,AVE,Par (↓ Sur/Destino),60000,Madrid-Puerta de Atocha-Almudena Grandes,51003,Sevilla-Santa Justa,3,Madrid-Puerta de Atocha-Almudena Grandes > Córdoba-Julio Anguita > Sevilla-Santa Justa
2026-06-21,02191,AV,AVE / Alta Velocidad LD,LAV Sur,AVE,Impar (↑ Norte/Origen),51003,Sevilla-Santa Justa,60000,Madrid-Puerta de Atocha-Almudena Grandes,3,Sevilla-Santa Justa > Córdoba-Julio Anguita > Madrid-Puerta de Atocha-Almudena Grandes
2026-06-21,02192,AV,AVE / Alta Velocidad LD,LAV Sur,AVE,Par (↓ Sur/Destino),60000,Madrid-Puerta de Atocha-Almudena Grandes,54413,Málaga María Zambrano,3,Madrid-Puerta de Atocha-Almudena Grandes > Córdoba-Julio Anguita > Málaga María Zambrano
2026-06-21,02193,AV,AVE / Alta Velocidad LD,LAV Sur,AVE,Impar (↑ Norte/Origen),54413,Málaga María Zambrano,60000,Madrid-Puerta de Atocha-Almudena Grandes,5,Málaga María Zambrano > Antequera-Santa Ana > Puente Genil-Herrera > Córdoba-Julio Anguita > Madrid-Puerta de Atocha-Almudena Grandes
2026-06-21,02196,AV,AVE / Alta Velocidad LD,LAV Sur,AVE,Par (↓ Sur/Destino),60000,Madrid-Puerta de Atocha-Almudena Grandes,05000,Granada,5,Madrid-Puerta de Atocha-Almudena Grandes > Córdoba-Julio Anguita > Antequera AV > Loja > Granada
2026-06-21,02197,AV,AVE / Alta Velocidad LD,LAV Sur,AVE,Impar (↑ Norte/Origen),05000,Granada,60000,Madrid-Puerta de Atocha-Almudena Grandes,5,Granada > Antequera AV > Puente Genil-Herrera > Córdoba-Julio Anguita > Madrid-Puerta de Atocha-Almudena Grandes
2026-06-21,02200,AV,AVE / Alta Velocidad LD,LAV Sur,AVE,Par (↓ Sur/Destino),60000,Madrid-Puerta de Atocha-Almudena Grandes,51003,Sevilla-Santa Justa,3,Madrid-Puerta de Atocha-Almudena Grandes > Córdoba-Julio Anguita > Sevilla-Santa Justa
2026-06-21,02202,AV,AVE / Alta Velocidad LD,LAV Sur,AVE,Par (↓ Sur/Destino),60000,Madrid-Puerta de Atocha-Almudena Grandes,54413,Málaga María Zambrano,5,Madrid-Puerta de Atocha-Almudena Grandes > Córdoba-Julio Anguita > Puente Genil-Herrera > Antequera-Santa Ana > Málaga María Zambrano
2026-06-21,02203,AV,AVE / Alta Velocidad LD,LAV Sur,AVE,Impar (↑ Norte/Origen),54413,Málaga María Zambrano,60000,Madrid-Puerta de Atocha-Almudena Grandes,5,Málaga María Zambrano > Córdoba-Julio Anguita > Puertollano > Ciudad Real > Madrid-Puerta de Atocha-Almudena Grandes
2026-06-21,02210,AV,AVE / Alta Velocidad LD,LAV Sur,AVE,Par (↓ Sur/Destino),60000,Madrid-Puerta de Atocha-Almudena Grandes,51003,Sevilla-Santa Justa,5,Madrid-Puerta de Atocha-Almudena Grandes > Ciudad Real > Puertollano > Córdoba-Julio Anguita > Sevilla-Santa Justa
2026-06-21,02212,AV,AVE / Alta Velocidad LD,LAV Sur,AVE,Par (↓ Sur/Destino),60000,Madrid-Puerta de Atocha-Almudena Grandes,54413,Málaga María Zambrano,3,Madrid-Puerta de Atocha-Almudena Grandes > Córdoba-Julio Anguita > Málaga María Zambrano
2026-06-21,02213,AV,AVE / Alta Velocidad LD,LAV Sur,AVE,Impar (↑ Norte/Origen),54413,Málaga María Zambrano,60000,Madrid-Puerta de Atocha-Almudena Grandes,3,Málaga María Zambrano > Córdoba-Julio Anguita > Madrid-Puerta de Atocha-Almudena Grandes
2026-06-21,02217,AV,AVE / Alta Velocidad LD,LAV Sur,AVLO,Impar (↑ Norte/Origen),51003,Sevilla-Santa Justa,60000,Madrid-Puerta de Atocha-Almudena Grandes,6,Sevilla-Santa Justa > Córdoba-Julio Anguita > Villanueva de Córdoba > Puertollano > Ciudad Real > Madrid-Puerta de Atocha-Almudena Grandes
2026-06-21,02261,AV,AVE / Alta Velocidad LD,LAV Sur,AVE,Impar (↑ Norte/Origen),51003,Sevilla-Santa Justa,60000,Madrid-Puerta de Atocha-Almudena Grandes,3,Sevilla-Santa Justa > Córdoba-Julio Anguita > Madrid-Puerta de Atocha-Almudena Grandes
2026-06-21,02270,AV,AVE / Alta Velocidad LD,LAV Sur,AVE,Par (↓ Sur/Destino),60000,Madrid-Puerta de Atocha-Almudena Grandes,51003,Sevilla-Santa Justa,3,Madrid-Puerta de Atocha-Almudena Grandes > Córdoba-Julio Anguita > Sevilla-Santa Justa
2026-06-21,02271,AV,AVE / Alta Velocidad LD,LAV Sur,AVE,Impar (↑ Norte/Origen),51003,Sevilla-Santa Justa,60000,Madrid-Puerta de Atocha-Almudena Grandes,3,Sevilla-Santa Justa > Córdoba-Julio Anguita > Madrid-Puerta de Atocha-Almudena Grandes
2026-06-21,02285,AV,AVE / Alta Velocidad LD,LAV Sur,ALVIA,Impar (↑ Norte/Origen),43019,Huelva,60000,Madrid-Puerta de Atocha-Almudena Grandes,4,Huelva > La Palma del Condado > Córdoba-Julio Anguita > Madrid-Puerta de Atocha-Almudena Grandes
2026-06-21,02360,AV,AVE / Alta Velocidad LD,LAV Sur,AVE,Par (↓ Sur/Destino),60000,Madrid-Puerta de Atocha-Almudena Grandes,51003,Sevilla-Santa Justa,3,Madrid-Puerta de Atocha-Almudena Grandes > Córdoba-Julio Anguita > Sevilla-Santa Justa
2026-06-21,02361,AV,AVE / Alta Velocidad LD,LAV Sur,AVE,Impar (↑ Norte/Origen),51003,Sevilla-Santa Justa,60000,Madrid-Puerta de Atocha-Almudena Grandes,3,Sevilla-Santa Justa > Córdoba-Julio Anguita > Madrid-Puerta de Atocha-Almudena Grandes
2026-06-21,02365,AV,AVE / Alta Velocidad LD,LAV Sur,ALVIA,Impar (↑ Norte/Origen),43019,Huelva,60000,Madrid-Puerta de Atocha-Almudena Grandes,4,Huelva > La Palma del Condado > Córdoba-Julio Anguita > Madrid-Puerta de Atocha-Almudena Grandes
2026-06-21,02366,AV,AVE / Alta Velocidad LD,LAV Sur,ALVIA,Par (↓ Sur/Destino),60000,Madrid-Puerta de Atocha-Almudena Grandes,56312,Almería,7,Madrid-Puerta de Atocha-Almudena Grandes > Córdoba-Julio Anguita > Antequera AV > Granada > Guadix > Huercal-Viator > Almería
2026-06-21,02366,AV,AVE / Alta Velocidad LD,LAV Sur,ALVIA,Par (↓ Sur/Destino),60000,Madrid-Puerta de Atocha-Almudena Grandes,05000,Granada,4,Madrid-Puerta de Atocha-Almudena Grandes > Córdoba-Julio Anguita > Antequera AV > Granada
2026-06-21,02371,AV,AVE / Alta Velocidad LD,LAV Sur,AVE,Impar (↑ Norte/Origen),51003,Sevilla-Santa Justa,60000,Madrid-Puerta de Atocha-Almudena Grandes,3,Sevilla-Santa Justa > Córdoba-Julio Anguita > Madrid-Puerta de Atocha-Almudena Grandes
2026-06-21,02375,AV,AVE / Alta Velocidad LD,LAV Sur,Intercity,Impar (↑ Norte/Origen),43019,Huelva,60000,Madrid-Puerta de Atocha-Almudena Grandes,5,Huelva > La Palma del Condado > Sevilla-Santa Justa > Córdoba-Julio Anguita > Madrid-Puerta de Atocha-Almudena Grandes
2026-06-21,02380,AV,AVE / Alta Velocidad LD,LAV Sur,AVE,Par (↓ Sur/Destino),60000,Madrid-Puerta de Atocha-Almudena Grandes,51003,Sevilla-Santa Justa,2,Madrid-Puerta de Atocha-Almudena Grandes > Sevilla-Santa Justa
2026-06-21,02384,AV,AVE / Alta Velocidad LD,LAV Sur,ALVIA,Par (↓ Sur/Destino),60000,Madrid-Puerta de Atocha-Almudena Grandes,43019,Huelva,4,Madrid-Puerta de Atocha-Almudena Grandes > Córdoba-Julio Anguita > La Palma del Condado > Huelva
2026-06-21,02390,AV,AVE / Alta Velocidad LD,LAV Sur,AVE,Par (↓ Sur/Destino),60000,Madrid-Puerta de Atocha-Almudena Grandes,51003,Sevilla-Santa Justa,2,Madrid-Puerta de Atocha-Almudena Grandes > Sevilla-Santa Justa
2026-06-21,02494,AV,AVE / Alta Velocidad LD,LAV Sur,Intercity,Par (↓ Sur/Destino),60000,Madrid-Puerta de Atocha-Almudena Grandes,43019,Huelva,5,Madrid-Puerta de Atocha-Almudena Grandes > Córdoba-Julio Anguita > Sevilla-Santa Justa > La Palma del Condado > Huelva
2026-06-21,03052,AV,AVE / Alta Velocidad LD,LAV Nordeste,AVE,Par (↓ Sur/Destino),71801,Barcelona-Sants,60000,Madrid-Puerta de Atocha-Almudena Grandes,3,Barcelona-Sants > Zaragoza Delicias > Madrid-Puerta de Atocha-Almudena Grandes
2026-06-21,03052,AV,AVE / Alta Velocidad LD,LAV Nordeste,AVE,Par (↓ Sur/Destino),04040,Zaragoza Delicias,60000,Madrid-Puerta de Atocha-Almudena Grandes,2,Zaragoza Delicias > Madrid-Puerta de Atocha-Almudena Grandes
2026-06-21,03060,AV,AVE / Alta Velocidad LD,LAV Nordeste,AVE,Par (↓ Sur/Destino),71801,Barcelona-Sants,60000,Madrid-Puerta de Atocha-Almudena Grandes,2,Barcelona-Sants > Madrid-Puerta de Atocha-Almudena Grandes
2026-06-21,03062,AV,AVE / Alta Velocidad LD,LAV Nordeste,AVE,Par (↓ Sur/Destino),71801,Barcelona-Sants,60000,Madrid-Puerta de Atocha-Almudena Grandes,7,Barcelona-Sants > Camp de Tarragona > Lleida-Pirineus > Zaragoza Delicias > Calatayud > Guadalajara-Yebes > Madrid-Puerta de Atocha-Almudena Grandes
2026-06-21,03062,AV,AVE / Alta Velocidad LD,LAV Nordeste,AVE,Par (↓ Sur/Destino),78400,Lleida-Pirineus,04040,Zaragoza Delicias,2,Lleida-Pirineus > Zaragoza Delicias
2026-06-21,03062,AV,AVE / Alta Velocidad LD,LAV Nordeste,AVE,Par (↓ Sur/Destino),70600,Calatayud,60000,Madrid-Puerta de Atocha-Almudena Grandes,3,Calatayud > Guadalajara-Yebes > Madrid-Puerta de Atocha-Almudena Grandes
2026-06-21,03062,AV,AVE / Alta Velocidad LD,LAV Nordeste,AVE,Par (↓ Sur/Destino),71801,Barcelona-Sants,04040,Zaragoza Delicias,4,Barcelona-Sants > Camp de Tarragona > Lleida-Pirineus > Zaragoza Delicias
2026-06-21,03063,AV,AVE / Alta Velocidad LD,LAV Nordeste,AVE,Impar (↑ Norte/Origen),60000,Madrid-Puerta de Atocha-Almudena Grandes,71801,Barcelona-Sants,4,Madrid-Puerta de Atocha-Almudena Grandes > Calatayud > Zaragoza Delicias > Barcelona-Sants
2026-06-21,03063,AV,AVE / Alta Velocidad LD,LAV Nordeste,AVE,Impar (↑ Norte/Origen),60000,Madrid-Puerta de Atocha-Almudena Grandes,70600,Calatayud,2,Madrid-Puerta de Atocha-Almudena Grandes > Calatayud
2026-06-21,03063,AV,AVE / Alta Velocidad LD,LAV Nordeste,AVE,Impar (↑ Norte/Origen),04040,Zaragoza Delicias,71801,Barcelona-Sants,2,Zaragoza Delicias > Barcelona-Sants
2026-06-21,03070,AV,AVE / Alta Velocidad LD,LAV Nordeste,AVE,Par (↓ Sur/Destino),71801,Barcelona-Sants,60000,Madrid-Puerta de Atocha-Almudena Grandes,2,Barcelona-Sants > Madrid-Puerta de Atocha-Almudena Grandes
2026-06-21,03071,AV,AVE / Alta Velocidad LD,LAV Nordeste,AVE,Impar (↑ Norte/Origen),60000,Madrid-Puerta de Atocha-Almudena Grandes,71801,Barcelona-Sants,2,Madrid-Puerta de Atocha-Almudena Grandes > Barcelona-Sants
2026-06-21,03073,AV,AVE / Alta Velocidad LD,LAV Nordeste,AVE,Impar (↑ Norte/Origen),60000,Madrid-Puerta de Atocha-Almudena Grandes,04307,Figueres-Vilafant,8,Madrid-Puerta de Atocha-Almudena Grandes > Guadalajara-Yebes > Zaragoza Delicias > Lleida-Pirineus > Camp de Tarragona > Barcelona-Sants > Girona > Figueres-Vilafant
2026-06-21,03073,AV,AVE / Alta Velocidad LD,LAV Nordeste,AVE,Impar (↑ Norte/Origen),60000,Madrid-Puerta de Atocha-Almudena Grandes,71801,Barcelona-Sants,6,Madrid-Puerta de Atocha-Almudena Grandes > Guadalajara-Yebes > Zaragoza Delicias > Lleida-Pirineus > Camp de Tarragona > Barcelona-Sants
2026-06-21,03080,AV,AVE / Alta Velocidad LD,LAV Nordeste,AVE,Par (↓ Sur/Destino),71801,Barcelona-Sants,60000,Madrid-Puerta de Atocha-Almudena Grandes,2,Barcelona-Sants > Madrid-Puerta de Atocha-Almudena Grandes
2026-06-21,03081,AV,AVE / Alta Velocidad LD,LAV Nordeste,AVE,Impar (↑ Norte/Origen),60000,Madrid-Puerta de Atocha-Almudena Grandes,71801,Barcelona-Sants,2,Madrid-Puerta de Atocha-Almudena Grandes > Barcelona-Sants
2026-06-21,03082,AV,AVE / Alta Velocidad LD,LAV Nordeste,AVE,Par (↓ Sur/Destino),71801,Barcelona-Sants,60000,Madrid-Puerta de Atocha-Almudena Grandes,6,Barcelona-Sants > Camp de Tarragona > Lleida-Pirineus > Zaragoza Delicias > Calatayud > Madrid-Puerta de Atocha-Almudena Grandes
2026-06-21,03083,AV,AVE / Alta Velocidad LD,LAV Nordeste,AVE,Impar (↑ Norte/Origen),60000,Madrid-Puerta de Atocha-Almudena Grandes,71801,Barcelona-Sants,4,Madrid-Puerta de Atocha-Almudena Grandes > Zaragoza Delicias > Camp de Tarragona > Barcelona-Sants
2026-06-21,03091,AV,AVE / Alta Velocidad LD,LAV Nordeste,AVE,Impar (↑ Norte/Origen),60000,Madrid-Puerta de Atocha-Almudena Grandes,71801,Barcelona-Sants,3,Madrid-Puerta de Atocha-Almudena Grandes > Camp de Tarragona > Barcelona-Sants
2026-06-21,03092,AV,AVE / Alta Velocidad LD,LAV Nordeste,AVE,Par (↓ Sur/Destino),04307,Figueres-Vilafant,60000,Madrid-Puerta de Atocha-Almudena Grandes,6,Figueres-Vilafant > Girona > Barcelona-Sants > Camp de Tarragona > Zaragoza Delicias > Madrid-Puerta de Atocha-Almudena Grandes
2026-06-21,03092,AV,AVE / Alta Velocidad LD,LAV Nordeste,AVE,Par (↓ Sur/Destino),71801,Barcelona-Sants,60000,Madrid-Puerta de Atocha-Almudena Grandes,4,Barcelona-Sants > Camp de Tarragona > Zaragoza Delicias > Madrid-Puerta de Atocha-Almudena Grandes
2026-06-21,03093,AV,AVE / Alta Velocidad LD,LAV Nordeste,AVE,Impar (↑ Norte/Origen),60000,Madrid-Puerta de Atocha-Almudena Grandes,04307,Figueres-Vilafant,7,Madrid-Puerta de Atocha-Almudena Grandes > Zaragoza Delicias > Lleida-Pirineus > Camp de Tarragona > Barcelona-Sants > Girona > Figueres-Vilafant
2026-06-21,03093,AV,AVE / Alta Velocidad LD,LAV Nordeste,AVE,Impar (↑ Norte/Origen),60000,Madrid-Puerta de Atocha-Almudena Grandes,71801,Barcelona-Sants,5,Madrid-Puerta de Atocha-Almudena Grandes > Zaragoza Delicias > Lleida-Pirineus > Camp de Tarragona > Barcelona-Sants
2026-06-21,03112,AV,AVE / Alta Velocidad LD,LAV Nordeste,AVE,Par (↓ Sur/Destino),71801,Barcelona-Sants,60000,Madrid-Puerta de Atocha-Almudena Grandes,3,Barcelona-Sants > Zaragoza Delicias > Madrid-Puerta de Atocha-Almudena Grandes
2026-06-21,03113,AV,AVE / Alta Velocidad LD,LAV Nordeste,AVE,Impar (↑ Norte/Origen),60000,Madrid-Puerta de Atocha-Almudena Grandes,71801,Barcelona-Sants,6,Madrid-Puerta de Atocha-Almudena Grandes > Calatayud > Zaragoza Delicias > Lleida-Pirineus > Camp de Tarragona > Barcelona-Sants
2026-06-21,03113,AV,AVE / Alta Velocidad LD,LAV Nordeste,AVE,Impar (↑ Norte/Origen),60000,Madrid-Puerta de Atocha-Almudena Grandes,70600,Calatayud,2,Madrid-Puerta de Atocha-Almudena Grandes > Calatayud
2026-06-21,03113,AV,AVE / Alta Velocidad LD,LAV Nordeste,AVE,Impar (↑ Norte/Origen),04040,Zaragoza Delicias,71801,Barcelona-Sants,4,Zaragoza Delicias > Lleida-Pirineus > Camp de Tarragona > Barcelona-Sants
2026-06-21,03113,AV,AVE / Alta Velocidad LD,LAV Nordeste,AVE,Impar (↑ Norte/Origen),60000,Madrid-Puerta de Atocha-Almudena Grandes,78400,Lleida-Pirineus,4,Madrid-Puerta de Atocha-Almudena Grandes > Calatayud > Zaragoza Delicias > Lleida-Pirineus
2026-06-21,03113,AV,AVE / Alta Velocidad LD,LAV Nordeste,AVE,Impar (↑ Norte/Origen),04040,Zaragoza Delicias,78400,Lleida-Pirineus,2,Zaragoza Delicias > Lleida-Pirineus
2026-06-21,03122,AV,AVE / Alta Velocidad LD,LAV Nordeste,AVE,Par (↓ Sur/Destino),71801,Barcelona-Sants,60000,Madrid-Puerta de Atocha-Almudena Grandes,6,Barcelona-Sants > Camp de Tarragona > Lleida-Pirineus > Zaragoza Delicias > Guadalajara-Yebes > Madrid-Puerta de Atocha-Almudena Grandes
2026-06-21,03122,AV,AVE / Alta Velocidad LD,LAV Nordeste,AVE,Par (↓ Sur/Destino),78400,Lleida-Pirineus,60000,Madrid-Puerta de Atocha-Almudena Grandes,4,Lleida-Pirineus > Zaragoza Delicias > Guadalajara-Yebes > Madrid-Puerta de Atocha-Almudena Grandes
2026-06-21,03123,AV,AVE / Alta Velocidad LD,LAV Nordeste,AVE,Impar (↑ Norte/Origen),60000,Madrid-Puerta de Atocha-Almudena Grandes,04307,Figueres-Vilafant,7,Madrid-Puerta de Atocha-Almudena Grandes > Zaragoza Delicias > Lleida-Pirineus > Camp de Tarragona > Barcelona-Sants > Girona > Figueres-Vilafant
2026-06-21,03123,AV,AVE / Alta Velocidad LD,LAV Nordeste,AVE,Impar (↑ Norte/Origen),60000,Madrid-Puerta de Atocha-Almudena Grandes,71801,Barcelona-Sants,5,Madrid-Puerta de Atocha-Almudena Grandes > Zaragoza Delicias > Lleida-Pirineus > Camp de Tarragona > Barcelona-Sants
2026-06-21,03123,AV,AVE / Alta Velocidad LD,LAV Nordeste,AVE,Impar (↑ Norte/Origen),60000,Madrid-Puerta de Atocha-Almudena Grandes,78400,Lleida-Pirineus,3,Madrid-Puerta de Atocha-Almudena Grandes > Zaragoza Delicias > Lleida-Pirineus
2026-06-21,03130,AV,AVE / Alta Velocidad LD,LAV Nordeste,AVE,Par (↓ Sur/Destino),71801,Barcelona-Sants,60000,Madrid-Puerta de Atocha-Almudena Grandes,2,Barcelona-Sants > Madrid-Puerta de Atocha-Almudena Grandes
2026-06-21,03131,AV,AVE / Alta Velocidad LD,LAV Nordeste,AVE,Impar (↑ Norte/Origen),60000,Madrid-Puerta de Atocha-Almudena Grandes,71801,Barcelona-Sants,2,Madrid-Puerta de Atocha-Almudena Grandes > Barcelona-Sants
2026-06-21,03140,AV,AVE / Alta Velocidad LD,LAV Nordeste,AVE,Par (↓ Sur/Destino),71801,Barcelona-Sants,60000,Madrid-Puerta de Atocha-Almudena Grandes,2,Barcelona-Sants > Madrid-Puerta de Atocha-Almudena Grandes
2026-06-21,03141,AV,AVE / Alta Velocidad LD,LAV Nordeste,AVE,Impar (↑ Norte/Origen),60000,Madrid-Puerta de Atocha-Almudena Grandes,71801,Barcelona-Sants,2,Madrid-Puerta de Atocha-Almudena Grandes > Barcelona-Sants
2026-06-21,03143,AV,AVE / Alta Velocidad LD,LAV Nordeste,AVE,Impar (↑ Norte/Origen),60000,Madrid-Puerta de Atocha-Almudena Grandes,04307,Figueres-Vilafant,6,Madrid-Puerta de Atocha-Almudena Grandes > Calatayud > Zaragoza Delicias > Barcelona-Sants > Girona > Figueres-Vilafant
2026-06-21,03143,AV,AVE / Alta Velocidad LD,LAV Nordeste,AVE,Impar (↑ Norte/Origen),60000,Madrid-Puerta de Atocha-Almudena Grandes,71801,Barcelona-Sants,4,Madrid-Puerta de Atocha-Almudena Grandes > Calatayud > Zaragoza Delicias > Barcelona-Sants
2026-06-21,03143,AV,AVE / Alta Velocidad LD,LAV Nordeste,AVE,Impar (↑ Norte/Origen),60000,Madrid-Puerta de Atocha-Almudena Grandes,70600,Calatayud,2,Madrid-Puerta de Atocha-Almudena Grandes > Calatayud
2026-06-21,03143,AV,AVE / Alta Velocidad LD,LAV Nordeste,AVE,Impar (↑ Norte/Origen),04040,Zaragoza Delicias,71801,Barcelona-Sants,2,Zaragoza Delicias > Barcelona-Sants
2026-06-21,03150,AV,AVE / Alta Velocidad LD,LAV Nordeste,AVE,Par (↓ Sur/Destino),71801,Barcelona-Sants,60000,Madrid-Puerta de Atocha-Almudena Grandes,2,Barcelona-Sants > Madrid-Puerta de Atocha-Almudena Grandes
2026-06-21,03151,AV,AVE / Alta Velocidad LD,LAV Nordeste,AVE,Impar (↑ Norte/Origen),60000,Madrid-Puerta de Atocha-Almudena Grandes,71801,Barcelona-Sants,2,Madrid-Puerta de Atocha-Almudena Grandes > Barcelona-Sants
2026-06-21,03152,AV,AVE / Alta Velocidad LD,LAV Nordeste,AVE,Par (↓ Sur/Destino),71801,Barcelona-Sants,60000,Madrid-Puerta de Atocha-Almudena Grandes,3,Barcelona-Sants > Zaragoza Delicias > Madrid-Puerta de Atocha-Almudena Grandes
2026-06-21,03160,AV,AVE / Alta Velocidad LD,LAV Nordeste,AVE,Par (↓ Sur/Destino),71801,Barcelona-Sants,60000,Madrid-Puerta de Atocha-Almudena Grandes,2,Barcelona-Sants > Madrid-Puerta de Atocha-Almudena Grandes
2026-06-21,03161,AV,AVE / Alta Velocidad LD,LAV Nordeste,AVE,Impar (↑ Norte/Origen),60000,Madrid-Puerta de Atocha-Almudena Grandes,71801,Barcelona-Sants,2,Madrid-Puerta de Atocha-Almudena Grandes > Barcelona-Sants
2026-06-21,03162,AV,AVE / Alta Velocidad LD,LAV Nordeste,AVE,Par (↓ Sur/Destino),04307,Figueres-Vilafant,60000,Madrid-Puerta de Atocha-Almudena Grandes,8,Figueres-Vilafant > Girona > Barcelona-Sants > Camp de Tarragona > Lleida-Pirineus > Zaragoza Delicias > Calatayud > Madrid-Puerta de Atocha-Almudena Grandes
2026-06-21,03162,AV,AVE / Alta Velocidad LD,LAV Nordeste,AVE,Par (↓ Sur/Destino),71801,Barcelona-Sants,60000,Madrid-Puerta de Atocha-Almudena Grandes,6,Barcelona-Sants > Camp de Tarragona > Lleida-Pirineus > Zaragoza Delicias > Calatayud > Madrid-Puerta de Atocha-Almudena Grandes
2026-06-21,03162,AV,AVE / Alta Velocidad LD,LAV Nordeste,AVE,Par (↓ Sur/Destino),70600,Calatayud,60000,Madrid-Puerta de Atocha-Almudena Grandes,2,Calatayud > Madrid-Puerta de Atocha-Almudena Grandes
2026-06-21,03162,AV,AVE / Alta Velocidad LD,LAV Nordeste,AVE,Par (↓ Sur/Destino),71801,Barcelona-Sants,04040,Zaragoza Delicias,4,Barcelona-Sants > Camp de Tarragona > Lleida-Pirineus > Zaragoza Delicias
2026-06-21,03163,AV,AVE / Alta Velocidad LD,LAV Nordeste,AVE,Impar (↑ Norte/Origen),60000,Madrid-Puerta de Atocha-Almudena Grandes,04307,Figueres-Vilafant,6,Madrid-Puerta de Atocha-Almudena Grandes > Zaragoza Delicias > Camp de Tarragona > Barcelona-Sants > Girona > Figueres-Vilafant
2026-06-21,03163,AV,AVE / Alta Velocidad LD,LAV Nordeste,AVE,Impar (↑ Norte/Origen),60000,Madrid-Puerta de Atocha-Almudena Grandes,71801,Barcelona-Sants,4,Madrid-Puerta de Atocha-Almudena Grandes > Zaragoza Delicias > Camp de Tarragona > Barcelona-Sants
2026-06-21,03170,AV,AVE / Alta Velocidad LD,LAV Nordeste,AVE,Par (↓ Sur/Destino),71801,Barcelona-Sants,60000,Madrid-Puerta de Atocha-Almudena Grandes,2,Barcelona-Sants > Madrid-Puerta de Atocha-Almudena Grandes
2026-06-21,03171,AV,AVE / Alta Velocidad LD,LAV Nordeste,AVE,Impar (↑ Norte/Origen),60000,Madrid-Puerta de Atocha-Almudena Grandes,71801,Barcelona-Sants,2,Madrid-Puerta de Atocha-Almudena Grandes > Barcelona-Sants
2026-06-21,03172,AV,AVE / Alta Velocidad LD,LAV Nordeste,AVE,Par (↓ Sur/Destino),71801,Barcelona-Sants,60000,Madrid-Puerta de Atocha-Almudena Grandes,3,Barcelona-Sants > Zaragoza Delicias > Madrid-Puerta de Atocha-Almudena Grandes
2026-06-21,03173,AV,AVE / Alta Velocidad LD,LAV Nordeste,AVE,Impar (↑ Norte/Origen),60000,Madrid-Puerta de Atocha-Almudena Grandes,71801,Barcelona-Sants,6,Madrid-Puerta de Atocha-Almudena Grandes > Guadalajara-Yebes > Zaragoza Delicias > Lleida-Pirineus > Camp de Tarragona > Barcelona-Sants
2026-06-21,03180,AV,AVE / Alta Velocidad LD,LAV Nordeste,AVE,Par (↓ Sur/Destino),71801,Barcelona-Sants,60000,Madrid-Puerta de Atocha-Almudena Grandes,2,Barcelona-Sants > Madrid-Puerta de Atocha-Almudena Grandes
2026-06-21,03181,AV,AVE / Alta Velocidad LD,LAV Nordeste,AVE,Impar (↑ Norte/Origen),60000,Madrid-Puerta de Atocha-Almudena Grandes,04307,Figueres-Vilafant,4,Madrid-Puerta de Atocha-Almudena Grandes > Barcelona-Sants > Girona > Figueres-Vilafant
2026-06-21,03181,AV,AVE / Alta Velocidad LD,LAV Nordeste,AVE,Impar (↑ Norte/Origen),60000,Madrid-Puerta de Atocha-Almudena Grandes,71801,Barcelona-Sants,2,Madrid-Puerta de Atocha-Almudena Grandes > Barcelona-Sants
2026-06-21,03182,AV,AVE / Alta Velocidad LD,LAV Nordeste,AVE,Par (↓ Sur/Destino),71801,Barcelona-Sants,60000,Madrid-Puerta de Atocha-Almudena Grandes,6,Barcelona-Sants > Camp de Tarragona > Lleida-Pirineus > Zaragoza Delicias > Calatayud > Madrid-Puerta de Atocha-Almudena Grandes
2026-06-21,03182,AV,AVE / Alta Velocidad LD,LAV Nordeste,AVE,Par (↓ Sur/Destino),70600,Calatayud,60000,Madrid-Puerta de Atocha-Almudena Grandes,2,Calatayud > Madrid-Puerta de Atocha-Almudena Grandes
2026-06-21,03182,AV,AVE / Alta Velocidad LD,LAV Nordeste,AVE,Par (↓ Sur/Destino),71801,Barcelona-Sants,04040,Zaragoza Delicias,4,Barcelona-Sants > Camp de Tarragona > Lleida-Pirineus > Zaragoza Delicias
2026-06-21,03183,AV,AVE / Alta Velocidad LD,LAV Nordeste,AVE,Impar (↑ Norte/Origen),60000,Madrid-Puerta de Atocha-Almudena Grandes,71801,Barcelona-Sants,4,Madrid-Puerta de Atocha-Almudena Grandes > Zaragoza Delicias > Camp de Tarragona > Barcelona-Sants
2026-06-21,03190,AV,AVE / Alta Velocidad LD,LAV Nordeste,AVE,Par (↓ Sur/Destino),71801,Barcelona-Sants,60000,Madrid-Puerta de Atocha-Almudena Grandes,2,Barcelona-Sants > Madrid-Puerta de Atocha-Almudena Grandes
2026-06-21,03191,AV,AVE / Alta Velocidad LD,LAV Nordeste,AVE,Impar (↑ Norte/Origen),60000,Madrid-Puerta de Atocha-Almudena Grandes,71801,Barcelona-Sants,2,Madrid-Puerta de Atocha-Almudena Grandes > Barcelona-Sants
2026-06-21,03192,AV,AVE / Alta Velocidad LD,LAV Nordeste,AVE,Par (↓ Sur/Destino),04307,Figueres-Vilafant,60000,Madrid-Puerta de Atocha-Almudena Grandes,7,Figueres-Vilafant > Girona > Barcelona-Sants > Camp de Tarragona > Lleida-Pirineus > Zaragoza Delicias > Madrid-Puerta de Atocha-Almudena Grandes
2026-06-21,03192,AV,AVE / Alta Velocidad LD,LAV Nordeste,AVE,Par (↓ Sur/Destino),71801,Barcelona-Sants,60000,Madrid-Puerta de Atocha-Almudena Grandes,5,Barcelona-Sants > Camp de Tarragona > Lleida-Pirineus > Zaragoza Delicias > Madrid-Puerta de Atocha-Almudena Grandes
2026-06-21,03201,AV,AVE / Alta Velocidad LD,LAV Nordeste,AVE,Impar (↑ Norte/Origen),60000,Madrid-Puerta de Atocha-Almudena Grandes,71801,Barcelona-Sants,3,Madrid-Puerta de Atocha-Almudena Grandes > Zaragoza Delicias > Barcelona-Sants
2026-06-21,03272,AV,AVE / Alta Velocidad LD,LAV Nordeste,AVE,Par (↓ Sur/Destino),74200,Huesca,60000,Madrid-Puerta de Atocha-Almudena Grandes,6,Huesca > Tardienta > Zaragoza Delicias > Calatayud > Guadalajara-Yebes > Madrid-Puerta de Atocha-Almudena Grandes
2026-06-21,03272,AV,AVE / Alta Velocidad LD,LAV Nordeste,AVE,Par (↓ Sur/Destino),74200,Huesca,04040,Zaragoza Delicias,3,Huesca > Tardienta > Zaragoza Delicias
2026-06-21,03272,AV,AVE / Alta Velocidad LD,LAV Nordeste,AVE,Par (↓ Sur/Destino),70600,Calatayud,60000,Madrid-Puerta de Atocha-Almudena Grandes,3,Calatayud > Guadalajara-Yebes > Madrid-Puerta de Atocha-Almudena Grandes
2026-06-21,03301,AV,AVE / Alta Velocidad LD,LAV Nordeste,AVE,Impar (↑ Norte/Origen),60000,Madrid-Puerta de Atocha-Almudena Grandes,71801,Barcelona-Sants,3,Madrid-Puerta de Atocha-Almudena Grandes > Camp de Tarragona > Barcelona-Sants
2026-06-21,03301,AV,AVE / Alta Velocidad LD,LAV Nordeste,AVE,Impar (↑ Norte/Origen),60000,Madrid-Puerta de Atocha-Almudena Grandes,70600,Calatayud,2,Madrid-Puerta de Atocha-Almudena Grandes > Calatayud
2026-06-21,03301,AV,AVE / Alta Velocidad LD,LAV Nordeste,AVE,Impar (↑ Norte/Origen),04040,Zaragoza Delicias,71801,Barcelona-Sants,3,Zaragoza Delicias > Camp de Tarragona > Barcelona-Sants
2026-06-21,03302,AV,AVE / Alta Velocidad LD,LAV Nordeste,AVE,Par (↓ Sur/Destino),04307,Figueres-Vilafant,60000,Madrid-Puerta de Atocha-Almudena Grandes,5,Figueres-Vilafant > Girona > Barcelona-Sants > Zaragoza Delicias > Madrid-Puerta de Atocha-Almudena Grandes
2026-06-21,03302,AV,AVE / Alta Velocidad LD,LAV Nordeste,AVE,Par (↓ Sur/Destino),71801,Barcelona-Sants,60000,Madrid-Puerta de Atocha-Almudena Grandes,3,Barcelona-Sants > Zaragoza Delicias > Madrid-Puerta de Atocha-Almudena Grandes
2026-06-21,03303,AV,AVE / Alta Velocidad LD,LAV Nordeste,AVE,Impar (↑ Norte/Origen),60000,Madrid-Puerta de Atocha-Almudena Grandes,71801,Barcelona-Sants,3,Madrid-Puerta de Atocha-Almudena Grandes > Zaragoza Delicias > Barcelona-Sants
2026-06-21,03304,AV,AVE / Alta Velocidad LD,LAV Nordeste,AVE,Par (↓ Sur/Destino),71801,Barcelona-Sants,60000,Madrid-Puerta de Atocha-Almudena Grandes,7,Barcelona-Sants > Camp de Tarragona > Lleida-Pirineus > Zaragoza Delicias > Calatayud > Guadalajara-Yebes > Madrid-Puerta de Atocha-Almudena Grandes
2026-06-21,03305,AV,AVE / Alta Velocidad LD,LAV Nordeste,AVE,Impar (↑ Norte/Origen),60000,Madrid-Puerta de Atocha-Almudena Grandes,71801,Barcelona-Sants,6,Madrid-Puerta de Atocha-Almudena Grandes > Calatayud > Zaragoza Delicias > Lleida-Pirineus > Camp de Tarragona > Barcelona-Sants
2026-06-21,03305,AV,AVE / Alta Velocidad LD,LAV Nordeste,AVE,Impar (↑ Norte/Origen),60000,Madrid-Puerta de Atocha-Almudena Grandes,70600,Calatayud,2,Madrid-Puerta de Atocha-Almudena Grandes > Calatayud
2026-06-21,03305,AV,AVE / Alta Velocidad LD,LAV Nordeste,AVE,Impar (↑ Norte/Origen),04040,Zaragoza Delicias,71801,Barcelona-Sants,4,Zaragoza Delicias > Lleida-Pirineus > Camp de Tarragona > Barcelona-Sants
2026-06-21,03308,AV,AVE / Alta Velocidad LD,LAV Nordeste,AVE,Par (↓ Sur/Destino),71801,Barcelona-Sants,60000,Madrid-Puerta de Atocha-Almudena Grandes,6,Barcelona-Sants > Camp de Tarragona > Lleida-Pirineus > Zaragoza Delicias > Calatayud > Madrid-Puerta de Atocha-Almudena Grandes
2026-06-21,03308,AV,AVE / Alta Velocidad LD,LAV Nordeste,AVE,Par (↓ Sur/Destino),70600,Calatayud,60000,Madrid-Puerta de Atocha-Almudena Grandes,2,Calatayud > Madrid-Puerta de Atocha-Almudena Grandes
2026-06-21,03308,AV,AVE / Alta Velocidad LD,LAV Nordeste,AVE,Par (↓ Sur/Destino),78400,Lleida-Pirineus,04040,Zaragoza Delicias,2,Lleida-Pirineus > Zaragoza Delicias
2026-06-21,03309,AV,AVE / Alta Velocidad LD,LAV Nordeste,AVE,Impar (↑ Norte/Origen),60000,Madrid-Puerta de Atocha-Almudena Grandes,04307,Figueres-Vilafant,9,Madrid-Puerta de Atocha-Almudena Grandes > Guadalajara-Yebes > Calatayud > Zaragoza Delicias > Lleida-Pirineus > Camp de Tarragona > Barcelona-Sants > Girona > Figueres-Vilafant
2026-06-21,03309,AV,AVE / Alta Velocidad LD,LAV Nordeste,AVE,Impar (↑ Norte/Origen),60000,Madrid-Puerta de Atocha-Almudena Grandes,71801,Barcelona-Sants,7,Madrid-Puerta de Atocha-Almudena Grandes > Guadalajara-Yebes > Calatayud > Zaragoza Delicias > Lleida-Pirineus > Camp de Tarragona > Barcelona-Sants
2026-06-21,03310,AV,AVE / Alta Velocidad LD,LAV Nordeste,AVE,Par (↓ Sur/Destino),71801,Barcelona-Sants,60000,Madrid-Puerta de Atocha-Almudena Grandes,6,Barcelona-Sants > Camp de Tarragona > Lleida-Pirineus > Zaragoza Delicias > Guadalajara-Yebes > Madrid-Puerta de Atocha-Almudena Grandes
2026-06-21,03311,AV,AVE / Alta Velocidad LD,LAV Nordeste,AVE,Impar (↑ Norte/Origen),60000,Madrid-Puerta de Atocha-Almudena Grandes,71801,Barcelona-Sants,5,Madrid-Puerta de Atocha-Almudena Grandes > Calatayud > Zaragoza Delicias > Camp de Tarragona > Barcelona-Sants
2026-06-21,03311,AV,AVE / Alta Velocidad LD,LAV Nordeste,AVE,Impar (↑ Norte/Origen),60000,Madrid-Puerta de Atocha-Almudena Grandes,70600,Calatayud,2,Madrid-Puerta de Atocha-Almudena Grandes > Calatayud
2026-06-21,03311,AV,AVE / Alta Velocidad LD,LAV Nordeste,AVE,Impar (↑ Norte/Origen),04040,Zaragoza Delicias,71801,Barcelona-Sants,3,Zaragoza Delicias > Camp de Tarragona > Barcelona-Sants
2026-06-21,03322,AV,AVE / Alta Velocidad LD,LAV Nordeste,AVE,Par (↓ Sur/Destino),71801,Barcelona-Sants,60000,Madrid-Puerta de Atocha-Almudena Grandes,6,Barcelona-Sants > Camp de Tarragona > Lleida-Pirineus > Zaragoza Delicias > Guadalajara-Yebes > Madrid-Puerta de Atocha-Almudena Grandes
2026-06-21,03322,AV,AVE / Alta Velocidad LD,LAV Nordeste,AVE,Par (↓ Sur/Destino),78400,Lleida-Pirineus,60000,Madrid-Puerta de Atocha-Almudena Grandes,4,Lleida-Pirineus > Zaragoza Delicias > Guadalajara-Yebes > Madrid-Puerta de Atocha-Almudena Grandes
2026-06-21,03373,AV,AVE / Alta Velocidad LD,LAV Nordeste,AVE,Impar (↑ Norte/Origen),60000,Madrid-Puerta de Atocha-Almudena Grandes,71801,Barcelona-Sants,6,Madrid-Puerta de Atocha-Almudena Grandes > Guadalajara-Yebes > Zaragoza Delicias > Lleida-Pirineus > Camp de Tarragona > Barcelona-Sants
2026-06-21,03393,AV,AVE / Alta Velocidad LD,LAV Nordeste,AVE,Impar (↑ Norte/Origen),60000,Madrid-Puerta de Atocha-Almudena Grandes,74200,Huesca,6,Madrid-Puerta de Atocha-Almudena Grandes > Guadalajara-Yebes > Calatayud > Zaragoza Delicias > Tardienta > Huesca
2026-06-21,03393,AV,AVE / Alta Velocidad LD,LAV Nordeste,AVE,Impar (↑ Norte/Origen),04040,Zaragoza Delicias,74200,Huesca,3,Zaragoza Delicias > Tardienta > Huesca
2026-06-21,03393,AV,AVE / Alta Velocidad LD,LAV Nordeste,AVE,Impar (↑ Norte/Origen),60000,Madrid-Puerta de Atocha-Almudena Grandes,70600,Calatayud,3,Madrid-Puerta de Atocha-Almudena Grandes > Guadalajara-Yebes > Calatayud
2026-06-21,03662,AV,AVE / Alta Velocidad LD,LAV Nordeste,AVE,Par (↓ Sur/Destino),04307,Figueres-Vilafant,60000,Madrid-Puerta de Atocha-Almudena Grandes,5,Figueres-Vilafant > Girona > Barcelona-Sants > Camp de Tarragona > Madrid-Puerta de Atocha-Almudena Grandes
2026-06-21,03662,AV,AVE / Alta Velocidad LD,LAV Nordeste,AVE,Par (↓ Sur/Destino),71801,Barcelona-Sants,60000,Madrid-Puerta de Atocha-Almudena Grandes,3,Barcelona-Sants > Camp de Tarragona > Madrid-Puerta de Atocha-Almudena Grandes
2026-06-21,03930,AV,AVE / Alta Velocidad LD,LAV Nordeste,AVE,Par (↓ Sur/Destino),71801,Barcelona-Sants,05000,Granada,9,Barcelona-Sants > Camp de Tarragona > Lleida-Pirineus > Zaragoza Delicias > Ciudad Real > Puertollano > Córdoba-Julio Anguita > Antequera AV > Granada
2026-06-21,03931,AV,AVE / Alta Velocidad LD,LAV Nordeste,AVE,Impar (↑ Norte/Origen),05000,Granada,71801,Barcelona-Sants,9,Granada > Antequera AV > Córdoba-Julio Anguita > Puertollano > Ciudad Real > Zaragoza Delicias > Lleida-Pirineus > Camp de Tarragona > Barcelona-Sants
2026-06-21,03940,AV,AVE / Alta Velocidad LD,LAV Nordeste,AVE,Par (↓ Sur/Destino),71801,Barcelona-Sants,51003,Sevilla-Santa Justa,8,Barcelona-Sants > Camp de Tarragona > Lleida-Pirineus > Zaragoza Delicias > Ciudad Real > Puertollano > Córdoba-Julio Anguita > Sevilla-Santa Justa
2026-06-21,03941,AV,AVE / Alta Velocidad LD,LAV Nordeste,AVE,Impar (↑ Norte/Origen),51003,Sevilla-Santa Justa,71801,Barcelona-Sants,8,Sevilla-Santa Justa > Córdoba-Julio Anguita > Puertollano > Ciudad Real > Zaragoza Delicias > Lleida-Pirineus > Camp de Tarragona > Barcelona-Sants
2026-06-21,03942,AV,AVE / Alta Velocidad LD,LAV Nordeste,AVE,Par (↓ Sur/Destino),71801,Barcelona-Sants,51003,Sevilla-Santa Justa,7,Barcelona-Sants > Camp de Tarragona > Lleida-Pirineus > Zaragoza Delicias > Ciudad Real > Córdoba-Julio Anguita > Sevilla-Santa Justa
2026-06-21,03943,AV,AVE / Alta Velocidad LD,LAV Nordeste,AVE,Impar (↑ Norte/Origen),51003,Sevilla-Santa Justa,71801,Barcelona-Sants,7,Sevilla-Santa Justa > Córdoba-Julio Anguita > Ciudad Real > Zaragoza Delicias > Lleida-Pirineus > Camp de Tarragona > Barcelona-Sants
2026-06-21,03981,AV,AVE / Alta Velocidad LD,LAV Nordeste,AVE,Impar (↑ Norte/Origen),51003,Sevilla-Santa Justa,03216,València-Joaquín Sorolla,6,Sevilla-Santa Justa > Córdoba-Julio Anguita > Puertollano > Ciudad Real > Cuenca-Fernando Zóbel > València-Joaquín Sorolla
2026-06-21,03982,AV,AVE / Alta Velocidad LD,LAV Nordeste,AVE,Par (↓ Sur/Destino),03216,València-Joaquín Sorolla,51003,Sevilla-Santa Justa,6,València-Joaquín Sorolla > Cuenca-Fernando Zóbel > Ciudad Real > Puertollano > Córdoba-Julio Anguita > Sevilla-Santa Justa
2026-06-21,03992,AV,AVE / Alta Velocidad LD,LAV Nordeste,AVE,Par (↓ Sur/Destino),71801,Barcelona-Sants,54413,Málaga María Zambrano,9,Barcelona-Sants > Camp de Tarragona > Lleida-Pirineus > Zaragoza Delicias > Ciudad Real > Córdoba-Julio Anguita > Puente Genil-Herrera > Antequera-Santa Ana > Málaga María Zambrano
2026-06-21,03993,AV,AVE / Alta Velocidad LD,LAV Nordeste,AVE,Impar (↑ Norte/Origen),54413,Málaga María Zambrano,71801,Barcelona-Sants,9,Málaga María Zambrano > Antequera-Santa Ana > Puente Genil-Herrera > Córdoba-Julio Anguita > Ciudad Real > Zaragoza Delicias > Lleida-Pirineus > Camp de Tarragona > Barcelona-Sants
2026-06-21,04056,AV,AVE / Alta Velocidad LD,LAV Norte/NW,Intercity,Par (↓ Sur/Destino),11511,San Sebastián-Donostia,17000,Madrid-Chamartín-Clara Campoamor,8,San Sebastián-Donostia > Tolosa > Zumarraga > Vitoria-Gasteiz > Miranda de Ebro > Burgos-Rosa Manzano > Valladolid-Campo Grande > Madrid-Chamartín-Clara Campoamor
2026-06-21,04060,AV,AVE / Alta Velocidad LD,LAV Norte/NW,AVE,Par (↓ Sur/Destino),15410,Gijón-Sanz Crespo,17000,Madrid-Chamartín-Clara Campoamor,5,Gijón-Sanz Crespo > Oviedo > León > Valladolid-Campo Grande > Madrid-Chamartín-Clara Campoamor
2026-06-21,04071,AV,AVE / Alta Velocidad LD,LAV Norte/NW,ALVIA,Impar (↑ Norte/Origen),17000,Madrid-Chamartín-Clara Campoamor,15410,Gijón-Sanz Crespo,7,Madrid-Chamartín-Clara Campoamor > Valladolid-Campo Grande > Palencia > León > Pola de Lena > Oviedo > Gijón-Sanz Crespo
2026-06-21,04071,AV,AVE / Alta Velocidad LD,LAV Norte/NW,ALVIA,Impar (↑ Norte/Origen),17000,Madrid-Chamartín-Clara Campoamor,10600,Valladolid-Campo Grande,2,Madrid-Chamartín-Clara Campoamor > Valladolid-Campo Grande
2026-06-21,04072,AV,AVE / Alta Velocidad LD,LAV Norte/NW,ALVIA,Par (↓ Sur/Destino),14223,Santander,60911,Alicante/Alacant-Terminal,12,Santander > Torrelavega > Reinosa > Aguilar de Campoo > Palencia > Valladolid-Campo Grande > Segovia-Guiomar > Madrid-Chamartín-Clara Campoamor > Cuenca-Fernando Zóbel > Albacete-Los Llanos > Villena Alta Velocidad > Alicante/Alacant-Terminal
2026-06-21,04072,AV,AVE / Alta Velocidad LD,LAV Norte/NW,ALVIA,Par (↓ Sur/Destino),10600,Valladolid-Campo Grande,60911,Alicante/Alacant-Terminal,7,Valladolid-Campo Grande > Segovia-Guiomar > Madrid-Chamartín-Clara Campoamor > Cuenca-Fernando Zóbel > Albacete-Los Llanos > Villena Alta Velocidad > Alicante/Alacant-Terminal
2026-06-21,04073,AV,AVE / Alta Velocidad LD,LAV Norte/NW,ALVIA,Impar (↑ Norte/Origen),17000,Madrid-Chamartín-Clara Campoamor,14223,Santander,7,Madrid-Chamartín-Clara Campoamor > Valladolid-Campo Grande > Palencia > Aguilar de Campoo > Reinosa > Torrelavega > Santander
2026-06-21,04080,AV,AVE / Alta Velocidad LD,LAV Norte/NW,ALVIA,Par (↓ Sur/Destino),15410,Gijón-Sanz Crespo,17000,Madrid-Chamartín-Clara Campoamor,7,Gijón-Sanz Crespo > Oviedo > Mieres-Puente > León > Palencia > Valladolid-Campo Grande > Madrid-Chamartín-Clara Campoamor
2026-06-21,04086,AV,AVE / Alta Velocidad LD,LAV Norte/NW,ALVIA,Par (↓ Sur/Destino),11600,Irun,17000,Madrid-Chamartín-Clara Campoamor,10,Irun > San Sebastián-Donostia > Tolosa > Zumarraga > Vitoria-Gasteiz > Miranda de Ebro > Burgos-Rosa Manzano > Valladolid-Campo Grande > Segovia-Guiomar > Madrid-Chamartín-Clara Campoamor
2026-06-21,04087,AV,AVE / Alta Velocidad LD,LAV Norte/NW,ALVIA,Impar (↑ Norte/Origen),17000,Madrid-Chamartín-Clara Campoamor,11600,Irun,9,Madrid-Chamartín-Clara Campoamor > Segovia-Guiomar > Valladolid-Campo Grande > Burgos-Rosa Manzano > Miranda de Ebro > Vitoria-Gasteiz > Zumarraga > San Sebastián-Donostia > Irun
2026-06-21,04088,AV,AVE / Alta Velocidad LD,LAV Norte/NW,Intercity,Par (↓ Sur/Destino),20200,Ponferrada,17000,Madrid-Chamartín-Clara Campoamor,10,Ponferrada > Bembibre > Brañuelas > Astorga > Veguellina > León > Palencia > Valladolid-Campo Grande > Segovia-Guiomar > Madrid-Chamartín-Clara Campoamor
2026-06-21,04088,AV,AVE / Alta Velocidad LD,LAV Norte/NW,Intercity,Par (↓ Sur/Destino),15100,León,17000,Madrid-Chamartín-Clara Campoamor,5,León > Palencia > Valladolid-Campo Grande > Segovia-Guiomar > Madrid-Chamartín-Clara Campoamor
2026-06-21,04091,AV,AVE / Alta Velocidad LD,LAV Norte/NW,ALVIA,Impar (↑ Norte/Origen),17000,Madrid-Chamartín-Clara Campoamor,16403,Avilés,7,Madrid-Chamartín-Clara Campoamor > Valladolid-Campo Grande > Palencia > León > Mieres-Puente > Oviedo > Avilés
2026-06-21,04110,AV,AVE / Alta Velocidad LD,LAV Norte/NW,AVE,Par (↓ Sur/Destino),15410,Gijón-Sanz Crespo,17000,Madrid-Chamartín-Clara Campoamor,7,Gijón-Sanz Crespo > Oviedo > León > Palencia > Valladolid-Campo Grande > Segovia-Guiomar > Madrid-Chamartín-Clara Campoamor
2026-06-21,04114,AV,AVE / Alta Velocidad LD,LAV Norte/NW,ALVIA,Par (↓ Sur/Destino),20309,Lugo,17000,Madrid-Chamartín-Clara Campoamor,9,Lugo > Sarria > Monforte de Lemos > Ourense > A Gudiña-Porta de Galicia > Sanabria AV > Zamora > Medina del Campo AV > Madrid-Chamartín-Clara Campoamor
2026-06-21,04114,AV,AVE / Alta Velocidad LD,LAV Norte/NW,ALVIA,Par (↓ Sur/Destino),22100,Ourense,17000,Madrid-Chamartín-Clara Campoamor,6,Ourense > A Gudiña-Porta de Galicia > Sanabria AV > Zamora > Medina del Campo AV > Madrid-Chamartín-Clara Campoamor
2026-06-21,04121,AV,AVE / Alta Velocidad LD,LAV Norte/NW,AVLO,Impar (↑ Norte/Origen),17000,Madrid-Chamartín-Clara Campoamor,15410,Gijón-Sanz Crespo,9,Madrid-Chamartín-Clara Campoamor > Segovia-Guiomar > Valladolid-Campo Grande > Palencia > León > Pola de Lena > Mieres-Puente > Oviedo > Gijón-Sanz Crespo
2026-06-21,04121,AV,AVE / Alta Velocidad LD,LAV Norte/NW,AVLO,Impar (↑ Norte/Origen),17000,Madrid-Chamartín-Clara Campoamor,15100,León,5,Madrid-Chamartín-Clara Campoamor > Segovia-Guiomar > Valladolid-Campo Grande > Palencia > León
2026-06-21,04121,AV,AVE / Alta Velocidad LD,LAV Norte/NW,AVLO,Impar (↑ Norte/Origen),17000,Madrid-Chamartín-Clara Campoamor,10600,Valladolid-Campo Grande,3,Madrid-Chamartín-Clara Campoamor > Segovia-Guiomar > Valladolid-Campo Grande
2026-06-21,04121,AV,AVE / Alta Velocidad LD,LAV Norte/NW,AVLO,Impar (↑ Norte/Origen),15100,León,15410,Gijón-Sanz Crespo,5,León > Pola de Lena > Mieres-Puente > Oviedo > Gijón-Sanz Crespo
2026-06-21,04140,AV,AVE / Alta Velocidad LD,LAV Norte/NW,ALVIA,Par (↓ Sur/Destino),15410,Gijón-Sanz Crespo,60911,Alicante/Alacant-Terminal,12,Gijón-Sanz Crespo > Oviedo > Mieres-Puente > Pola de Lena > León > Palencia > Valladolid-Campo Grande > Madrid-Chamartín-Clara Campoamor > Cuenca-Fernando Zóbel > Albacete-Los Llanos > Villena Alta Velocidad > Alicante/Alacant-Terminal
2026-06-21,04140,AV,AVE / Alta Velocidad LD,LAV Norte/NW,ALVIA,Par (↓ Sur/Destino),15410,Gijón-Sanz Crespo,15100,León,5,Gijón-Sanz Crespo > Oviedo > Mieres-Puente > Pola de Lena > León
2026-06-21,04140,AV,AVE / Alta Velocidad LD,LAV Norte/NW,ALVIA,Par (↓ Sur/Destino),10600,Valladolid-Campo Grande,60911,Alicante/Alacant-Terminal,6,Valladolid-Campo Grande > Madrid-Chamartín-Clara Campoamor > Cuenca-Fernando Zóbel > Albacete-Los Llanos > Villena Alta Velocidad > Alicante/Alacant-Terminal
2026-06-21,04140,AV,AVE / Alta Velocidad LD,LAV Norte/NW,ALVIA,Par (↓ Sur/Destino),15410,Gijón-Sanz Crespo,17000,Madrid-Chamartín-Clara Campoamor,8,Gijón-Sanz Crespo > Oviedo > Mieres-Puente > Pola de Lena > León > Palencia > Valladolid-Campo Grande > Madrid-Chamartín-Clara Campoamor
2026-06-21,04142,AV,AVE / Alta Velocidad LD,LAV Norte/NW,ALVIA,Par (↓ Sur/Destino),14223,Santander,17000,Madrid-Chamartín-Clara Campoamor,5,Santander > Torrelavega > Palencia > Valladolid-Campo Grande > Madrid-Chamartín-Clara Campoamor
2026-06-21,04143,AV,AVE / Alta Velocidad LD,LAV Norte/NW,ALVIA,Impar (↑ Norte/Origen),60911,Alicante/Alacant-Terminal,14223,Santander,10,Alicante/Alacant-Terminal > Villena Alta Velocidad > Albacete-Los Llanos > Cuenca-Fernando Zóbel > Madrid-Chamartín-Clara Campoamor > Segovia-Guiomar > Valladolid-Campo Grande > Palencia > Torrelavega > Santander
2026-06-21,04151,AV,AVE / Alta Velocidad LD,LAV Norte/NW,AVE,Impar (↑ Norte/Origen),17000,Madrid-Chamartín-Clara Campoamor,15410,Gijón-Sanz Crespo,7,Madrid-Chamartín-Clara Campoamor > Segovia-Guiomar > Valladolid-Campo Grande > Palencia > León > Oviedo > Gijón-Sanz Crespo
2026-06-21,04153,AV,AVE / Alta Velocidad LD,LAV Norte/NW,Intercity,Impar (↑ Norte/Origen),17000,Madrid-Chamartín-Clara Campoamor,14223,Santander,6,Madrid-Chamartín-Clara Campoamor > Valladolid-Campo Grande > Palencia > Reinosa > Torrelavega > Santander
2026-06-21,04154,AV,AVE / Alta Velocidad LD,LAV Norte/NW,AVLO,Par (↓ Sur/Destino),31412,A Coruña,17000,Madrid-Chamartín-Clara Campoamor,5,A Coruña > Santiago de Compostela-Daniel Castelao > Ourense > Zamora > Madrid-Chamartín-Clara Campoamor
2026-06-21,04154,AV,AVE / Alta Velocidad LD,LAV Norte/NW,AVLO,Par (↓ Sur/Destino),22100,Ourense,17000,Madrid-Chamartín-Clara Campoamor,3,Ourense > Zamora > Madrid-Chamartín-Clara Campoamor
2026-06-21,04161,AV,AVE / Alta Velocidad LD,LAV Norte/NW,AVE,Impar (↑ Norte/Origen),17000,Madrid-Chamartín-Clara Campoamor,15410,Gijón-Sanz Crespo,5,Madrid-Chamartín-Clara Campoamor > Valladolid-Campo Grande > León > Oviedo > Gijón-Sanz Crespo
2026-06-21,04162,AV,AVE / Alta Velocidad LD,LAV Norte/NW,Intercity,Par (↓ Sur/Destino),14223,Santander,17000,Madrid-Chamartín-Clara Campoamor,6,Santander > Torrelavega > Reinosa > Palencia > Valladolid-Campo Grande > Madrid-Chamartín-Clara Campoamor
2026-06-21,04166,AV,AVE / Alta Velocidad LD,LAV Norte/NW,Intercity,Par (↓ Sur/Destino),11600,Irun,17000,Madrid-Chamartín-Clara Campoamor,9,Irun > San Sebastián-Donostia > Zumarraga > Vitoria-Gasteiz > Miranda de Ebro > Burgos-Rosa Manzano > Valladolid-Campo Grande > Segovia-Guiomar > Madrid-Chamartín-Clara Campoamor
2026-06-21,04167,AV,AVE / Alta Velocidad LD,LAV Norte/NW,ALVIA,Impar (↑ Norte/Origen),17000,Madrid-Chamartín-Clara Campoamor,11600,Irun,10,Madrid-Chamartín-Clara Campoamor > Segovia-Guiomar > Valladolid-Campo Grande > Burgos-Rosa Manzano > Miranda de Ebro > Vitoria-Gasteiz > Zumarraga > Tolosa > San Sebastián-Donostia > Irun
2026-06-21,04167,AV,AVE / Alta Velocidad LD,LAV Norte/NW,ALVIA,Impar (↑ Norte/Origen),17000,Madrid-Chamartín-Clara Campoamor,10600,Valladolid-Campo Grande,3,Madrid-Chamartín-Clara Campoamor > Segovia-Guiomar > Valladolid-Campo Grande
2026-06-21,04167,AV,AVE / Alta Velocidad LD,LAV Norte/NW,ALVIA,Impar (↑ Norte/Origen),11200,Miranda de Ebro,11600,Irun,6,Miranda de Ebro > Vitoria-Gasteiz > Zumarraga > Tolosa > San Sebastián-Donostia > Irun
2026-06-21,04170,AV,AVE / Alta Velocidad LD,LAV Norte/NW,ALVIA,Par (↓ Sur/Destino),16403,Avilés,17000,Madrid-Chamartín-Clara Campoamor,7,Avilés > Oviedo > Pola de Lena > León > Palencia > Valladolid-Campo Grande > Madrid-Chamartín-Clara Campoamor
2026-06-21,04176,AV,AVE / Alta Velocidad LD,LAV Norte/NW,ALVIA,Par (↓ Sur/Destino),11600,Irun,17000,Madrid-Chamartín-Clara Campoamor,10,Irun > San Sebastián-Donostia > Tolosa > Zumarraga > Vitoria-Gasteiz > Miranda de Ebro > Burgos-Rosa Manzano > Valladolid-Campo Grande > Segovia-Guiomar > Madrid-Chamartín-Clara Campoamor
2026-06-21,04176,AV,AVE / Alta Velocidad LD,LAV Norte/NW,ALVIA,Par (↓ Sur/Destino),11600,Irun,10600,Valladolid-Campo Grande,8,Irun > San Sebastián-Donostia > Tolosa > Zumarraga > Vitoria-Gasteiz > Miranda de Ebro > Burgos-Rosa Manzano > Valladolid-Campo Grande
2026-06-21,04179,AV,AVE / Alta Velocidad LD,LAV Norte/NW,Intercity,Impar (↑ Norte/Origen),17000,Madrid-Chamartín-Clara Campoamor,20200,Ponferrada,13,Madrid-Chamartín-Clara Campoamor > Segovia-Guiomar > Valladolid-Campo Grande > Palencia > León > Veguellina > Astorga > Vega-Magaz > Brañuelas > Torre del Bierzo > Bembibre > San Miguel de las Dueñas > Ponferrada
2026-06-21,04179,AV,AVE / Alta Velocidad LD,LAV Norte/NW,Intercity,Impar (↑ Norte/Origen),17000,Madrid-Chamartín-Clara Campoamor,10600,Valladolid-Campo Grande,3,Madrid-Chamartín-Clara Campoamor > Segovia-Guiomar > Valladolid-Campo Grande
2026-06-21,04181,AV,AVE / Alta Velocidad LD,LAV Norte/NW,ALVIA,Impar (↑ Norte/Origen),60911,Alicante/Alacant-Terminal,15410,Gijón-Sanz Crespo,12,Alicante/Alacant-Terminal > Villena Alta Velocidad > Albacete-Los Llanos > Cuenca-Fernando Zóbel > Madrid-Chamartín-Clara Campoamor > Valladolid-Campo Grande > Palencia > León > Pola de Lena > Mieres-Puente > Oviedo > Gijón-Sanz Crespo
2026-06-21,04186,AV,AVE / Alta Velocidad LD,LAV Norte/NW,ALVIA,Par (↓ Sur/Destino),13200,Bilbao-Intermod. Abando Indalecio Prieto,17000,Madrid-Chamartín-Clara Campoamor,7,Bilbao-Intermod. Abando Indalecio Prieto > Llodio > Miranda de Ebro > Burgos-Rosa Manzano > Valladolid-Campo Grande > Segovia-Guiomar > Madrid-Chamartín-Clara Campoamor
2026-06-21,04186,AV,AVE / Alta Velocidad LD,LAV Norte/NW,ALVIA,Par (↓ Sur/Destino),13200,Bilbao-Intermod. Abando Indalecio Prieto,11200,Miranda de Ebro,3,Bilbao-Intermod. Abando Indalecio Prieto > Llodio > Miranda de Ebro
2026-06-21,04186,AV,AVE / Alta Velocidad LD,LAV Norte/NW,ALVIA,Par (↓ Sur/Destino),10600,Valladolid-Campo Grande,17000,Madrid-Chamartín-Clara Campoamor,3,Valladolid-Campo Grande > Segovia-Guiomar > Madrid-Chamartín-Clara Campoamor
2026-06-21,04186,AV,AVE / Alta Velocidad LD,LAV Norte/NW,ALVIA,Par (↓ Sur/Destino),10600,Valladolid-Campo Grande,08004,Segovia-Guiomar,2,Valladolid-Campo Grande > Segovia-Guiomar
2026-06-21,04187,AV,AVE / Alta Velocidad LD,LAV Norte/NW,ALVIA,Impar (↑ Norte/Origen),17000,Madrid-Chamartín-Clara Campoamor,13200,Bilbao-Intermod. Abando Indalecio Prieto,7,Madrid-Chamartín-Clara Campoamor > Segovia-Guiomar > Valladolid-Campo Grande > Burgos-Rosa Manzano > Miranda de Ebro > Llodio > Bilbao-Intermod. Abando Indalecio Prieto
2026-06-21,04190,AV,AVE / Alta Velocidad LD,LAV Norte/NW,AVLO,Par (↓ Sur/Destino),15410,Gijón-Sanz Crespo,17000,Madrid-Chamartín-Clara Campoamor,9,Gijón-Sanz Crespo > Oviedo > Mieres-Puente > Pola de Lena > León > Palencia > Valladolid-Campo Grande > Segovia-Guiomar > Madrid-Chamartín-Clara Campoamor
2026-06-21,04190,AV,AVE / Alta Velocidad LD,LAV Norte/NW,AVLO,Par (↓ Sur/Destino),15100,León,17000,Madrid-Chamartín-Clara Campoamor,5,León > Palencia > Valladolid-Campo Grande > Segovia-Guiomar > Madrid-Chamartín-Clara Campoamor
2026-06-21,04192,AV,AVE / Alta Velocidad LD,LAV Norte/NW,ALVIA,Par (↓ Sur/Destino),14223,Santander,17000,Madrid-Chamartín-Clara Campoamor,7,Santander > Torrelavega > Reinosa > Aguilar de Campoo > Palencia > Valladolid-Campo Grande > Madrid-Chamartín-Clara Campoamor
2026-06-21,04193,AV,AVE / Alta Velocidad LD,LAV Norte/NW,ALVIA,Impar (↑ Norte/Origen),17000,Madrid-Chamartín-Clara Campoamor,14223,Santander,7,Madrid-Chamartín-Clara Campoamor > Valladolid-Campo Grande > Palencia > Aguilar de Campoo > Reinosa > Torrelavega > Santander
2026-06-21,04193,AV,AVE / Alta Velocidad LD,LAV Norte/NW,ALVIA,Impar (↑ Norte/Origen),17000,Madrid-Chamartín-Clara Campoamor,10600,Valladolid-Campo Grande,2,Madrid-Chamartín-Clara Campoamor > Valladolid-Campo Grande
2026-06-21,04254,AV,AVE / Alta Velocidad LD,LAV Norte/NW,AVE,Par (↓ Sur/Destino),08223,Vigo Urzaiz,17000,Madrid-Chamartín-Clara Campoamor,6,Vigo Urzaiz > Pontevedra > Santiago de Compostela-Daniel Castelao > Ourense > Zamora > Madrid-Chamartín-Clara Campoamor
2026-06-21,04257,AV,AVE / Alta Velocidad LD,LAV Norte/NW,Intercity,Impar (↑ Norte/Origen),17000,Madrid-Chamartín-Clara Campoamor,11600,Irun,9,Madrid-Chamartín-Clara Campoamor > Valladolid-Campo Grande > Burgos-Rosa Manzano > Miranda de Ebro > Vitoria-Gasteiz > Zumarraga > Tolosa > San Sebastián-Donostia > Irun
2026-06-21,04261,AV,AVE / Alta Velocidad LD,LAV Norte/NW,ALVIA,Impar (↑ Norte/Origen),17000,Madrid-Chamartín-Clara Campoamor,15410,Gijón-Sanz Crespo,7,Madrid-Chamartín-Clara Campoamor > Valladolid-Campo Grande > Palencia > León > Pola de Lena > Oviedo > Gijón-Sanz Crespo
2026-06-21,04267,AV,AVE / Alta Velocidad LD,LAV Norte/NW,ALVIA,Impar (↑ Norte/Origen),17000,Madrid-Chamartín-Clara Campoamor,13200,Bilbao-Intermod. Abando Indalecio Prieto,7,Madrid-Chamartín-Clara Campoamor > Segovia-Guiomar > Valladolid-Campo Grande > Burgos-Rosa Manzano > Miranda de Ebro > Llodio > Bilbao-Intermod. Abando Indalecio Prieto
2026-06-21,04267,AV,AVE / Alta Velocidad LD,LAV Norte/NW,ALVIA,Impar (↑ Norte/Origen),11200,Miranda de Ebro,13200,Bilbao-Intermod. Abando Indalecio Prieto,3,Miranda de Ebro > Llodio > Bilbao-Intermod. Abando Indalecio Prieto
2026-06-21,04267,AV,AVE / Alta Velocidad LD,LAV Norte/NW,ALVIA,Impar (↑ Norte/Origen),17000,Madrid-Chamartín-Clara Campoamor,10600,Valladolid-Campo Grande,3,Madrid-Chamartín-Clara Campoamor > Segovia-Guiomar > Valladolid-Campo Grande
2026-06-21,04280,AV,AVE / Alta Velocidad LD,LAV Norte/NW,AVE,Par (↓ Sur/Destino),15410,Gijón-Sanz Crespo,17000,Madrid-Chamartín-Clara Campoamor,6,Gijón-Sanz Crespo > Oviedo > Mieres-Puente > León > Valladolid-Campo Grande > Madrid-Chamartín-Clara Campoamor
2026-06-21,04295,AV,AVE / Alta Velocidad LD,LAV Norte/NW,AVLO,Impar (↑ Norte/Origen),17000,Madrid-Chamartín-Clara Campoamor,31412,A Coruña,9,Madrid-Chamartín-Clara Campoamor > Segovia-Guiomar > Medina del Campo AV > Zamora > Sanabria AV > A Gudiña-Porta de Galicia > Ourense > Santiago de Compostela-Daniel Castelao > A Coruña
2026-06-21,04295,AV,AVE / Alta Velocidad LD,LAV Norte/NW,AVLO,Impar (↑ Norte/Origen),17000,Madrid-Chamartín-Clara Campoamor,22100,Ourense,7,Madrid-Chamartín-Clara Campoamor > Segovia-Guiomar > Medina del Campo AV > Zamora > Sanabria AV > A Gudiña-Porta de Galicia > Ourense
2026-06-21,04314,AV,AVE / Alta Velocidad LD,LAV Norte/NW,AVE,Par (↓ Sur/Destino),31412,A Coruña,17000,Madrid-Chamartín-Clara Campoamor,5,A Coruña > Santiago de Compostela-Daniel Castelao > Ourense > Zamora > Madrid-Chamartín-Clara Campoamor
2026-06-21,04325,AV,AVE / Alta Velocidad LD,LAV Norte/NW,ALVIA,Impar (↑ Norte/Origen),17000,Madrid-Chamartín-Clara Campoamor,20309,Lugo,9,Madrid-Chamartín-Clara Campoamor > Medina del Campo AV > Zamora > Sanabria AV > A Gudiña-Porta de Galicia > Ourense > Monforte de Lemos > Sarria > Lugo
2026-06-21,04325,AV,AVE / Alta Velocidad LD,LAV Norte/NW,ALVIA,Impar (↑ Norte/Origen),17000,Madrid-Chamartín-Clara Campoamor,22100,Ourense,6,Madrid-Chamartín-Clara Campoamor > Medina del Campo AV > Zamora > Sanabria AV > A Gudiña-Porta de Galicia > Ourense
2026-06-21,04334,AV,AVE / Alta Velocidad LD,LAV Norte/NW,AVLO,Par (↓ Sur/Destino),31412,A Coruña,17000,Madrid-Chamartín-Clara Campoamor,9,A Coruña > Santiago de Compostela-Daniel Castelao > Ourense > A Gudiña-Porta de Galicia > Sanabria AV > Zamora > Medina del Campo AV > Segovia-Guiomar > Madrid-Chamartín-Clara Campoamor
2026-06-21,04334,AV,AVE / Alta Velocidad LD,LAV Norte/NW,AVLO,Par (↓ Sur/Destino),22100,Ourense,17000,Madrid-Chamartín-Clara Campoamor,7,Ourense > A Gudiña-Porta de Galicia > Sanabria AV > Zamora > Medina del Campo AV > Segovia-Guiomar > Madrid-Chamartín-Clara Campoamor
2026-06-21,04345,AV,AVE / Alta Velocidad LD,LAV Norte/NW,AVE,Impar (↑ Norte/Origen),17000,Madrid-Chamartín-Clara Campoamor,31412,A Coruña,5,Madrid-Chamartín-Clara Campoamor > Zamora > Ourense > Santiago de Compostela-Daniel Castelao > A Coruña
2026-06-21,04345,AV,AVE / Alta Velocidad LD,LAV Norte/NW,AVE,Impar (↑ Norte/Origen),17000,Madrid-Chamartín-Clara Campoamor,22100,Ourense,3,Madrid-Chamartín-Clara Campoamor > Zamora > Ourense
2026-06-21,04364,AV,AVE / Alta Velocidad LD,LAV Norte/NW,AVE,Par (↓ Sur/Destino),31412,A Coruña,17000,Madrid-Chamartín-Clara Campoamor,5,A Coruña > Santiago de Compostela-Daniel Castelao > Ourense > Zamora > Madrid-Chamartín-Clara Campoamor
2026-06-21,04364,AV,AVE / Alta Velocidad LD,LAV Norte/NW,AVE,Par (↓ Sur/Destino),22100,Ourense,17000,Madrid-Chamartín-Clara Campoamor,3,Ourense > Zamora > Madrid-Chamartín-Clara Campoamor
2026-06-21,04366,AV,AVE / Alta Velocidad LD,LAV Norte/NW,ALVIA,Par (↓ Sur/Destino),13200,Bilbao-Intermod. Abando Indalecio Prieto,17000,Madrid-Chamartín-Clara Campoamor,7,Bilbao-Intermod. Abando Indalecio Prieto > Llodio > Miranda de Ebro > Burgos-Rosa Manzano > Valladolid-Campo Grande > Segovia-Guiomar > Madrid-Chamartín-Clara Campoamor
2026-06-21,04366,AV,AVE / Alta Velocidad LD,LAV Norte/NW,ALVIA,Par (↓ Sur/Destino),13200,Bilbao-Intermod. Abando Indalecio Prieto,10600,Valladolid-Campo Grande,5,Bilbao-Intermod. Abando Indalecio Prieto > Llodio > Miranda de Ebro > Burgos-Rosa Manzano > Valladolid-Campo Grande
2026-06-21,04375,AV,AVE / Alta Velocidad LD,LAV Norte/NW,AVE,Impar (↑ Norte/Origen),17000,Madrid-Chamartín-Clara Campoamor,31412,A Coruña,5,Madrid-Chamartín-Clara Campoamor > Zamora > Ourense > Santiago de Compostela-Daniel Castelao > A Coruña
2026-06-21,04384,AV,AVE / Alta Velocidad LD,LAV Norte/NW,AVE,Par (↓ Sur/Destino),08223,Vigo Urzaiz,17000,Madrid-Chamartín-Clara Campoamor,6,Vigo Urzaiz > Pontevedra > Vilagarcía de Arousa > Ourense > Zamora > Madrid-Chamartín-Clara Campoamor
2026-06-21,04395,AV,AVE / Alta Velocidad LD,LAV Norte/NW,AVE,Impar (↑ Norte/Origen),17000,Madrid-Chamartín-Clara Campoamor,31412,A Coruña,5,Madrid-Chamartín-Clara Campoamor > Zamora > Ourense > Santiago de Compostela-Daniel Castelao > A Coruña
2026-06-21,04395,AV,AVE / Alta Velocidad LD,LAV Norte/NW,AVE,Impar (↑ Norte/Origen),17000,Madrid-Chamartín-Clara Campoamor,22100,Ourense,3,Madrid-Chamartín-Clara Campoamor > Zamora > Ourense
2026-06-21,04404,AV,AVE / Alta Velocidad LD,LAV Norte/NW,AVE,Par (↓ Sur/Destino),31412,A Coruña,17000,Madrid-Chamartín-Clara Campoamor,5,A Coruña > Santiago de Compostela-Daniel Castelao > Ourense > Zamora > Madrid-Chamartín-Clara Campoamor
2026-06-21,04404,AV,AVE / Alta Velocidad LD,LAV Norte/NW,AVE,Par (↓ Sur/Destino),22100,Ourense,17000,Madrid-Chamartín-Clara Campoamor,3,Ourense > Zamora > Madrid-Chamartín-Clara Campoamor
2026-06-21,04405,AV,AVE / Alta Velocidad LD,LAV Norte/NW,AVLO,Impar (↑ Norte/Origen),17000,Madrid-Chamartín-Clara Campoamor,31412,A Coruña,5,Madrid-Chamartín-Clara Campoamor > Zamora > Ourense > Santiago de Compostela-Daniel Castelao > A Coruña
2026-06-21,04405,AV,AVE / Alta Velocidad LD,LAV Norte/NW,AVLO,Impar (↑ Norte/Origen),17000,Madrid-Chamartín-Clara Campoamor,22100,Ourense,3,Madrid-Chamartín-Clara Campoamor > Zamora > Ourense
2026-06-21,04464,AV,AVE / Alta Velocidad LD,LAV Norte/NW,AVE,Par (↓ Sur/Destino),08223,Vigo Urzaiz,17000,Madrid-Chamartín-Clara Campoamor,5,Vigo Urzaiz > Pontevedra > Santiago de Compostela-Daniel Castelao > Ourense > Madrid-Chamartín-Clara Campoamor
2026-06-21,04475,AV,AVE / Alta Velocidad LD,LAV Norte/NW,AVE,Impar (↑ Norte/Origen),17000,Madrid-Chamartín-Clara Campoamor,08223,Vigo Urzaiz,6,Madrid-Chamartín-Clara Campoamor > Zamora > Ourense > Santiago de Compostela-Daniel Castelao > Pontevedra > Vigo Urzaiz
2026-06-21,04494,AV,AVE / Alta Velocidad LD,LAV Norte/NW,AVLO,Par (↓ Sur/Destino),08223,Vigo Urzaiz,17000,Madrid-Chamartín-Clara Campoamor,10,Vigo Urzaiz > Pontevedra > Vilagarcía de Arousa > Santiago de Compostela-Daniel Castelao > Ourense > A Gudiña-Porta de Galicia > Sanabria AV > Zamora > Medina del Campo AV > Madrid-Chamartín-Clara Campoamor
2026-06-21,04505,AV,AVE / Alta Velocidad LD,LAV Norte/NW,AVE,Impar (↑ Norte/Origen),17000,Madrid-Chamartín-Clara Campoamor,08223,Vigo Urzaiz,7,Madrid-Chamartín-Clara Campoamor > Zamora > Ourense > Santiago de Compostela-Daniel Castelao > Vilagarcía de Arousa > Pontevedra > Vigo Urzaiz
2026-06-21,04515,AV,AVE / Alta Velocidad LD,LAV Norte/NW,AVE,Impar (↑ Norte/Origen),17000,Madrid-Chamartín-Clara Campoamor,08223,Vigo Urzaiz,6,Madrid-Chamartín-Clara Campoamor > Zamora > Ourense > Vilagarcía de Arousa > Pontevedra > Vigo Urzaiz
2026-06-21,04565,AV,AVE / Alta Velocidad LD,LAV Norte/NW,AVE,Impar (↑ Norte/Origen),17000,Madrid-Chamartín-Clara Campoamor,08223,Vigo Urzaiz,6,Madrid-Chamartín-Clara Campoamor > Zamora > Ourense > Santiago de Compostela-Daniel Castelao > Pontevedra > Vigo Urzaiz
2026-06-21,04687,AV,AVE / Alta Velocidad LD,LAV Norte/NW,Intercity,Impar (↑ Norte/Origen),17000,Madrid-Chamartín-Clara Campoamor,81100,Logroño,7,Madrid-Chamartín-Clara Campoamor > Segovia-Guiomar > Valladolid-Campo Grande > Burgos-Rosa Manzano > Miranda de Ebro > Haro > Logroño
2026-06-21,04786,AV,AVE / Alta Velocidad LD,LAV Norte/NW,Intercity,Par (↓ Sur/Destino),81100,Logroño,17000,Madrid-Chamartín-Clara Campoamor,7,Logroño > Haro > Miranda de Ebro > Burgos-Rosa Manzano > Valladolid-Campo Grande > Segovia-Guiomar > Madrid-Chamartín-Clara Campoamor
2026-06-21,04809,AV,AVE / Alta Velocidad LD,LAV Norte/NW,ALVIA,Impar (↑ Norte/Origen),17000,Madrid-Chamartín-Clara Campoamor,30100,Salamanca,4,Madrid-Chamartín-Clara Campoamor > Segovia-Guiomar > Medina del Campo AV > Salamanca
2026-06-21,04809,AV,AVE / Alta Velocidad LD,LAV Norte/NW,ALVIA,Impar (↑ Norte/Origen),08004,Segovia-Guiomar,30100,Salamanca,3,Segovia-Guiomar > Medina del Campo AV > Salamanca
2026-06-21,04868,AV,AVE / Alta Velocidad LD,LAV Norte/NW,ALVIA,Par (↓ Sur/Destino),30100,Salamanca,17000,Madrid-Chamartín-Clara Campoamor,4,Salamanca > Medina del Campo AV > Segovia-Guiomar > Madrid-Chamartín-Clara Campoamor
2026-06-21,04868,AV,AVE / Alta Velocidad LD,LAV Norte/NW,ALVIA,Par (↓ Sur/Destino),30100,Salamanca,08004,Segovia-Guiomar,3,Salamanca > Medina del Campo AV > Segovia-Guiomar
2026-06-21,04898,AV,AVE / Alta Velocidad LD,LAV Norte/NW,ALVIA,Par (↓ Sur/Destino),30100,Salamanca,17000,Madrid-Chamartín-Clara Campoamor,4,Salamanca > Medina del Campo AV > Segovia-Guiomar > Madrid-Chamartín-Clara Campoamor
2026-06-21,04898,AV,AVE / Alta Velocidad LD,LAV Norte/NW,ALVIA,Par (↓ Sur/Destino),30100,Salamanca,08004,Segovia-Guiomar,3,Salamanca > Medina del Campo AV > Segovia-Guiomar
2026-06-21,04899,AV,AVE / Alta Velocidad LD,LAV Norte/NW,ALVIA,Impar (↑ Norte/Origen),17000,Madrid-Chamartín-Clara Campoamor,30100,Salamanca,4,Madrid-Chamartín-Clara Campoamor > Segovia-Guiomar > Medina del Campo AV > Salamanca
2026-06-21,04899,AV,AVE / Alta Velocidad LD,LAV Norte/NW,ALVIA,Impar (↑ Norte/Origen),08004,Segovia-Guiomar,30100,Salamanca,3,Segovia-Guiomar > Medina del Campo AV > Salamanca
2026-06-21,04909,AV,AVE / Alta Velocidad LD,LAV Norte/NW,ALVIA,Impar (↑ Norte/Origen),17000,Madrid-Chamartín-Clara Campoamor,30100,Salamanca,4,Madrid-Chamartín-Clara Campoamor > Segovia-Guiomar > Medina del Campo AV > Salamanca
2026-06-21,04909,AV,AVE / Alta Velocidad LD,LAV Norte/NW,ALVIA,Impar (↑ Norte/Origen),08004,Segovia-Guiomar,30100,Salamanca,3,Segovia-Guiomar > Medina del Campo AV > Salamanca
2026-06-21,04918,AV,AVE / Alta Velocidad LD,LAV Norte/NW,ALVIA,Par (↓ Sur/Destino),30100,Salamanca,17000,Madrid-Chamartín-Clara Campoamor,4,Salamanca > Medina del Campo AV > Segovia-Guiomar > Madrid-Chamartín-Clara Campoamor
2026-06-21,04929,AV,AVE / Alta Velocidad LD,LAV Norte/NW,ALVIA,Impar (↑ Norte/Origen),17000,Madrid-Chamartín-Clara Campoamor,30100,Salamanca,4,Madrid-Chamartín-Clara Campoamor > Segovia-Guiomar > Medina del Campo AV > Salamanca
2026-06-21,04929,AV,AVE / Alta Velocidad LD,LAV Norte/NW,ALVIA,Impar (↑ Norte/Origen),08004,Segovia-Guiomar,30100,Salamanca,3,Segovia-Guiomar > Medina del Campo AV > Salamanca
2026-06-21,04958,AV,AVE / Alta Velocidad LD,LAV Norte/NW,ALVIA,Par (↓ Sur/Destino),30100,Salamanca,17000,Madrid-Chamartín-Clara Campoamor,4,Salamanca > Medina del Campo AV > Segovia-Guiomar > Madrid-Chamartín-Clara Campoamor
2026-06-21,04958,AV,AVE / Alta Velocidad LD,LAV Norte/NW,ALVIA,Par (↓ Sur/Destino),30100,Salamanca,08004,Segovia-Guiomar,3,Salamanca > Medina del Campo AV > Segovia-Guiomar
2026-06-21,04969,AV,AVE / Alta Velocidad LD,LAV Norte/NW,ALVIA,Impar (↑ Norte/Origen),17000,Madrid-Chamartín-Clara Campoamor,30100,Salamanca,4,Madrid-Chamartín-Clara Campoamor > Segovia-Guiomar > Medina del Campo AV > Salamanca
2026-06-21,04969,AV,AVE / Alta Velocidad LD,LAV Norte/NW,ALVIA,Impar (↑ Norte/Origen),08004,Segovia-Guiomar,30100,Salamanca,3,Segovia-Guiomar > Medina del Campo AV > Salamanca
2026-06-21,04975,AV,AVE / Alta Velocidad LD,LAV Norte/NW,AVLO,Impar (↑ Norte/Origen),17000,Madrid-Chamartín-Clara Campoamor,08223,Vigo Urzaiz,10,Madrid-Chamartín-Clara Campoamor > Medina del Campo AV > Zamora > Sanabria AV > A Gudiña-Porta de Galicia > Ourense > Santiago de Compostela-Daniel Castelao > Vilagarcía de Arousa > Pontevedra > Vigo Urzaiz
2026-06-21,04988,AV,AVE / Alta Velocidad LD,LAV Norte/NW,ALVIA,Par (↓ Sur/Destino),30100,Salamanca,17000,Madrid-Chamartín-Clara Campoamor,4,Salamanca > Medina del Campo AV > Segovia-Guiomar > Madrid-Chamartín-Clara Campoamor
2026-06-21,04988,AV,AVE / Alta Velocidad LD,LAV Norte/NW,ALVIA,Par (↓ Sur/Destino),30100,Salamanca,08004,Segovia-Guiomar,3,Salamanca > Medina del Campo AV > Segovia-Guiomar
2026-06-21,05063,AV,AVE / Alta Velocidad LD,LAV Levante,AVE,Impar (↑ Norte/Origen),60911,Alicante/Alacant-Terminal,17000,Madrid-Chamartín-Clara Campoamor,5,Alicante/Alacant-Terminal > Villena Alta Velocidad > Albacete-Los Llanos > Cuenca-Fernando Zóbel > Madrid-Chamartín-Clara Campoamor
2026-06-21,05064,AV,AVE / Alta Velocidad LD,LAV Levante,AVLO,Par (↓ Sur/Destino),17000,Madrid-Chamartín-Clara Campoamor,03216,València-Joaquín Sorolla,4,Madrid-Chamartín-Clara Campoamor > Cuenca-Fernando Zóbel > Requena-Utiel > València-Joaquín Sorolla
2026-06-21,05064,AV,AVE / Alta Velocidad LD,LAV Levante,AVLO,Par (↓ Sur/Destino),17000,Madrid-Chamartín-Clara Campoamor,03213,Requena-Utiel,3,Madrid-Chamartín-Clara Campoamor > Cuenca-Fernando Zóbel > Requena-Utiel
2026-06-21,05065,AV,AVE / Alta Velocidad LD,LAV Levante,AVLO,Impar (↑ Norte/Origen),03216,València-Joaquín Sorolla,17000,Madrid-Chamartín-Clara Campoamor,4,València-Joaquín Sorolla > Requena-Utiel > Cuenca-Fernando Zóbel > Madrid-Chamartín-Clara Campoamor
2026-06-21,05065,AV,AVE / Alta Velocidad LD,LAV Levante,AVLO,Impar (↑ Norte/Origen),03213,Requena-Utiel,17000,Madrid-Chamartín-Clara Campoamor,3,Requena-Utiel > Cuenca-Fernando Zóbel > Madrid-Chamartín-Clara Campoamor
2026-06-21,05070,AV,AVE / Alta Velocidad LD,LAV Levante,AVE,Par (↓ Sur/Destino),17000,Madrid-Chamartín-Clara Campoamor,03216,València-Joaquín Sorolla,3,Madrid-Chamartín-Clara Campoamor > Cuenca-Fernando Zóbel > València-Joaquín Sorolla
2026-06-21,05071,AV,AVE / Alta Velocidad LD,LAV Levante,AVE,Impar (↑ Norte/Origen),03216,València-Joaquín Sorolla,15100,León,5,València-Joaquín Sorolla > Madrid-Chamartín-Clara Campoamor > Valladolid-Campo Grande > Palencia > León
2026-06-21,05071,AV,AVE / Alta Velocidad LD,LAV Levante,AVE,Impar (↑ Norte/Origen),03216,València-Joaquín Sorolla,17000,Madrid-Chamartín-Clara Campoamor,2,València-Joaquín Sorolla > Madrid-Chamartín-Clara Campoamor
2026-06-21,05071,AV,AVE / Alta Velocidad LD,LAV Levante,AVE,Impar (↑ Norte/Origen),17000,Madrid-Chamartín-Clara Campoamor,15100,León,4,Madrid-Chamartín-Clara Campoamor > Valladolid-Campo Grande > Palencia > León
2026-06-21,05071,AV,AVE / Alta Velocidad LD,LAV Levante,AVE,Impar (↑ Norte/Origen),17000,Madrid-Chamartín-Clara Campoamor,10600,Valladolid-Campo Grande,2,Madrid-Chamartín-Clara Campoamor > Valladolid-Campo Grande
2026-06-21,05072,AV,AVE / Alta Velocidad LD,LAV Levante,AVE,Par (↓ Sur/Destino),17000,Madrid-Chamartín-Clara Campoamor,60911,Alicante/Alacant-Terminal,5,Madrid-Chamartín-Clara Campoamor > Cuenca-Fernando Zóbel > Albacete-Los Llanos > Villena Alta Velocidad > Alicante/Alacant-Terminal
2026-06-21,05075,AV,AVE / Alta Velocidad LD,LAV Levante,AVLO,Impar (↑ Norte/Origen),03216,València-Joaquín Sorolla,17000,Madrid-Chamartín-Clara Campoamor,4,València-Joaquín Sorolla > Requena-Utiel > Cuenca-Fernando Zóbel > Madrid-Chamartín-Clara Campoamor
2026-06-21,05080,AV,AVE / Alta Velocidad LD,LAV Levante,AVE,Par (↓ Sur/Destino),11014,Burgos-Rosa Manzano,03216,València-Joaquín Sorolla,4,Burgos-Rosa Manzano > Valladolid-Campo Grande > Madrid-Chamartín-Clara Campoamor > València-Joaquín Sorolla
2026-06-21,05080,AV,AVE / Alta Velocidad LD,LAV Levante,AVE,Par (↓ Sur/Destino),11014,Burgos-Rosa Manzano,10600,Valladolid-Campo Grande,2,Burgos-Rosa Manzano > Valladolid-Campo Grande
2026-06-21,05080,AV,AVE / Alta Velocidad LD,LAV Levante,AVE,Par (↓ Sur/Destino),17000,Madrid-Chamartín-Clara Campoamor,03216,València-Joaquín Sorolla,2,Madrid-Chamartín-Clara Campoamor > València-Joaquín Sorolla
2026-06-21,05081,AV,AVE / Alta Velocidad LD,LAV Levante,AVE,Impar (↑ Norte/Origen),03216,València-Joaquín Sorolla,17000,Madrid-Chamartín-Clara Campoamor,2,València-Joaquín Sorolla > Madrid-Chamartín-Clara Campoamor
2026-06-21,05083,AV,AVE / Alta Velocidad LD,LAV Levante,AVE,Impar (↑ Norte/Origen),60911,Alicante/Alacant-Terminal,17000,Madrid-Chamartín-Clara Campoamor,5,Alicante/Alacant-Terminal > Villena Alta Velocidad > Albacete-Los Llanos > Cuenca-Fernando Zóbel > Madrid-Chamartín-Clara Campoamor
2026-06-21,05092,AV,AVE / Alta Velocidad LD,LAV Levante,AVE,Par (↓ Sur/Destino),15100,León,60911,Alicante/Alacant-Terminal,7,León > Palencia > Valladolid-Campo Grande > Madrid-Chamartín-Clara Campoamor > Cuenca-Fernando Zóbel > Albacete-Los Llanos > Alicante/Alacant-Terminal
2026-06-21,05092,AV,AVE / Alta Velocidad LD,LAV Levante,AVE,Par (↓ Sur/Destino),17000,Madrid-Chamartín-Clara Campoamor,60911,Alicante/Alacant-Terminal,4,Madrid-Chamartín-Clara Campoamor > Cuenca-Fernando Zóbel > Albacete-Los Llanos > Alicante/Alacant-Terminal
2026-06-21,05093,AV,AVE / Alta Velocidad LD,LAV Levante,AVE,Impar (↑ Norte/Origen),60911,Alicante/Alacant-Terminal,17000,Madrid-Chamartín-Clara Campoamor,4,Alicante/Alacant-Terminal > Villena Alta Velocidad > Albacete-Los Llanos > Madrid-Chamartín-Clara Campoamor
2026-06-21,05095,AV,AVE / Alta Velocidad LD,LAV Levante,AVLO,Impar (↑ Norte/Origen),03216,València-Joaquín Sorolla,17000,Madrid-Chamartín-Clara Campoamor,4,València-Joaquín Sorolla > Requena-Utiel > Cuenca-Fernando Zóbel > Madrid-Chamartín-Clara Campoamor
2026-06-21,05100,AV,AVE / Alta Velocidad LD,LAV Levante,AVE,Par (↓ Sur/Destino),17000,Madrid-Chamartín-Clara Campoamor,03216,València-Joaquín Sorolla,4,Madrid-Chamartín-Clara Campoamor > Cuenca-Fernando Zóbel > Requena-Utiel > València-Joaquín Sorolla
2026-06-21,05101,AV,AVE / Alta Velocidad LD,LAV Levante,AVE,Impar (↑ Norte/Origen),03216,València-Joaquín Sorolla,15100,León,8,València-Joaquín Sorolla > Requena-Utiel > Cuenca-Fernando Zóbel > Madrid-Chamartín-Clara Campoamor > Segovia-Guiomar > Valladolid-Campo Grande > Palencia > León
2026-06-21,05101,AV,AVE / Alta Velocidad LD,LAV Levante,AVE,Impar (↑ Norte/Origen),03216,València-Joaquín Sorolla,17000,Madrid-Chamartín-Clara Campoamor,4,València-Joaquín Sorolla > Requena-Utiel > Cuenca-Fernando Zóbel > Madrid-Chamartín-Clara Campoamor
2026-06-21,05101,AV,AVE / Alta Velocidad LD,LAV Levante,AVE,Impar (↑ Norte/Origen),03213,Requena-Utiel,17000,Madrid-Chamartín-Clara Campoamor,3,Requena-Utiel > Cuenca-Fernando Zóbel > Madrid-Chamartín-Clara Campoamor
2026-06-21,05101,AV,AVE / Alta Velocidad LD,LAV Levante,AVE,Impar (↑ Norte/Origen),10600,Valladolid-Campo Grande,15100,León,3,Valladolid-Campo Grande > Palencia > León
2026-06-21,05102,AV,AVE / Alta Velocidad LD,LAV Levante,AVE,Par (↓ Sur/Destino),17000,Madrid-Chamartín-Clara Campoamor,60911,Alicante/Alacant-Terminal,2,Madrid-Chamartín-Clara Campoamor > Alicante/Alacant-Terminal
2026-06-21,05110,AV,AVE / Alta Velocidad LD,LAV Levante,AVE,Par (↓ Sur/Destino),17000,Madrid-Chamartín-Clara Campoamor,03216,València-Joaquín Sorolla,2,Madrid-Chamartín-Clara Campoamor > València-Joaquín Sorolla
2026-06-21,05113,AV,AVE / Alta Velocidad LD,LAV Levante,AVE,Impar (↑ Norte/Origen),60911,Alicante/Alacant-Terminal,17000,Madrid-Chamartín-Clara Campoamor,3,Alicante/Alacant-Terminal > Albacete-Los Llanos > Madrid-Chamartín-Clara Campoamor
2026-06-21,05120,AV,AVE / Alta Velocidad LD,LAV Levante,AVE,Par (↓ Sur/Destino),17000,Madrid-Chamartín-Clara Campoamor,03216,València-Joaquín Sorolla,4,Madrid-Chamartín-Clara Campoamor > Cuenca-Fernando Zóbel > Requena-Utiel > València-Joaquín Sorolla
2026-06-21,05120,AV,AVE / Alta Velocidad LD,LAV Levante,AVE,Par (↓ Sur/Destino),17000,Madrid-Chamartín-Clara Campoamor,03213,Requena-Utiel,3,Madrid-Chamartín-Clara Campoamor > Cuenca-Fernando Zóbel > Requena-Utiel
2026-06-21,05124,AV,AVE / Alta Velocidad LD,LAV Levante,AVLO,Par (↓ Sur/Destino),17000,Madrid-Chamartín-Clara Campoamor,03216,València-Joaquín Sorolla,4,Madrid-Chamartín-Clara Campoamor > Cuenca-Fernando Zóbel > Requena-Utiel > València-Joaquín Sorolla
2026-06-21,05124,AV,AVE / Alta Velocidad LD,LAV Levante,AVLO,Par (↓ Sur/Destino),17000,Madrid-Chamartín-Clara Campoamor,03213,Requena-Utiel,3,Madrid-Chamartín-Clara Campoamor > Cuenca-Fernando Zóbel > Requena-Utiel
2026-06-21,05131,AV,AVE / Alta Velocidad LD,LAV Levante,AVE,Impar (↑ Norte/Origen),03216,València-Joaquín Sorolla,17000,Madrid-Chamartín-Clara Campoamor,4,València-Joaquín Sorolla > Requena-Utiel > Cuenca-Fernando Zóbel > Madrid-Chamartín-Clara Campoamor
2026-06-21,05140,AV,AVE / Alta Velocidad LD,LAV Levante,AVE,Par (↓ Sur/Destino),17000,Madrid-Chamartín-Clara Campoamor,03216,València-Joaquín Sorolla,4,Madrid-Chamartín-Clara Campoamor > Cuenca-Fernando Zóbel > Requena-Utiel > València-Joaquín Sorolla
2026-06-21,05140,AV,AVE / Alta Velocidad LD,LAV Levante,AVE,Par (↓ Sur/Destino),17000,Madrid-Chamartín-Clara Campoamor,03213,Requena-Utiel,3,Madrid-Chamartín-Clara Campoamor > Cuenca-Fernando Zóbel > Requena-Utiel
2026-06-21,05142,AV,AVE / Alta Velocidad LD,LAV Levante,AVE,Par (↓ Sur/Destino),17000,Madrid-Chamartín-Clara Campoamor,60911,Alicante/Alacant-Terminal,4,Madrid-Chamartín-Clara Campoamor > Albacete-Los Llanos > Villena Alta Velocidad > Alicante/Alacant-Terminal
2026-06-21,05143,AV,AVE / Alta Velocidad LD,LAV Levante,AVE,Impar (↑ Norte/Origen),60911,Alicante/Alacant-Terminal,17000,Madrid-Chamartín-Clara Campoamor,5,Alicante/Alacant-Terminal > Villena Alta Velocidad > Albacete-Los Llanos > Cuenca-Fernando Zóbel > Madrid-Chamartín-Clara Campoamor
2026-06-21,05152,AV,AVE / Alta Velocidad LD,LAV Levante,AVE,Par (↓ Sur/Destino),17000,Madrid-Chamartín-Clara Campoamor,60911,Alicante/Alacant-Terminal,2,Madrid-Chamartín-Clara Campoamor > Alicante/Alacant-Terminal
2026-06-21,05153,AV,AVE / Alta Velocidad LD,LAV Levante,AVE,Impar (↑ Norte/Origen),60911,Alicante/Alacant-Terminal,17000,Madrid-Chamartín-Clara Campoamor,2,Alicante/Alacant-Terminal > Madrid-Chamartín-Clara Campoamor
2026-06-21,05155,AV,AVE / Alta Velocidad LD,LAV Levante,AVLO,Impar (↑ Norte/Origen),03216,València-Joaquín Sorolla,17000,Madrid-Chamartín-Clara Campoamor,4,València-Joaquín Sorolla > Requena-Utiel > Cuenca-Fernando Zóbel > Madrid-Chamartín-Clara Campoamor
2026-06-21,05160,AV,AVE / Alta Velocidad LD,LAV Levante,AVE,Par (↓ Sur/Destino),17000,Madrid-Chamartín-Clara Campoamor,03216,València-Joaquín Sorolla,2,Madrid-Chamartín-Clara Campoamor > València-Joaquín Sorolla
2026-06-21,05161,AV,AVE / Alta Velocidad LD,LAV Levante,AVE,Impar (↑ Norte/Origen),03216,València-Joaquín Sorolla,17000,Madrid-Chamartín-Clara Campoamor,3,València-Joaquín Sorolla > Cuenca-Fernando Zóbel > Madrid-Chamartín-Clara Campoamor
2026-06-21,05162,AV,AVE / Alta Velocidad LD,LAV Levante,AVE,Par (↓ Sur/Destino),17000,Madrid-Chamartín-Clara Campoamor,60911,Alicante/Alacant-Terminal,5,Madrid-Chamartín-Clara Campoamor > Cuenca-Fernando Zóbel > Albacete-Los Llanos > Villena Alta Velocidad > Alicante/Alacant-Terminal
2026-06-21,05170,AV,AVE / Alta Velocidad LD,LAV Levante,AVE,Par (↓ Sur/Destino),15100,León,03216,València-Joaquín Sorolla,7,León > Palencia > Valladolid-Campo Grande > Madrid-Chamartín-Clara Campoamor > Cuenca-Fernando Zóbel > Requena-Utiel > València-Joaquín Sorolla
2026-06-21,05170,AV,AVE / Alta Velocidad LD,LAV Levante,AVE,Par (↓ Sur/Destino),17000,Madrid-Chamartín-Clara Campoamor,03216,València-Joaquín Sorolla,4,Madrid-Chamartín-Clara Campoamor > Cuenca-Fernando Zóbel > Requena-Utiel > València-Joaquín Sorolla
2026-06-21,05170,AV,AVE / Alta Velocidad LD,LAV Levante,AVE,Par (↓ Sur/Destino),15100,León,17000,Madrid-Chamartín-Clara Campoamor,4,León > Palencia > Valladolid-Campo Grande > Madrid-Chamartín-Clara Campoamor
2026-06-21,05171,AV,AVE / Alta Velocidad LD,LAV Levante,AVE,Impar (↑ Norte/Origen),03216,València-Joaquín Sorolla,11014,Burgos-Rosa Manzano,4,València-Joaquín Sorolla > Madrid-Chamartín-Clara Campoamor > Valladolid-Campo Grande > Burgos-Rosa Manzano
2026-06-21,05171,AV,AVE / Alta Velocidad LD,LAV Levante,AVE,Impar (↑ Norte/Origen),03216,València-Joaquín Sorolla,17000,Madrid-Chamartín-Clara Campoamor,2,València-Joaquín Sorolla > Madrid-Chamartín-Clara Campoamor
2026-06-21,05171,AV,AVE / Alta Velocidad LD,LAV Levante,AVE,Impar (↑ Norte/Origen),10600,Valladolid-Campo Grande,11014,Burgos-Rosa Manzano,2,Valladolid-Campo Grande > Burgos-Rosa Manzano
2026-06-21,05178,AV,AVE / Alta Velocidad LD,LAV Levante,AVLO,Par (↓ Sur/Destino),10600,Valladolid-Campo Grande,60911,Alicante/Alacant-Terminal,6,Valladolid-Campo Grande > Madrid-Chamartín-Clara Campoamor > Cuenca-Fernando Zóbel > Albacete-Los Llanos > Villena Alta Velocidad > Alicante/Alacant-Terminal
2026-06-21,05181,AV,AVE / Alta Velocidad LD,LAV Levante,AVE,Impar (↑ Norte/Origen),03216,València-Joaquín Sorolla,17000,Madrid-Chamartín-Clara Campoamor,4,València-Joaquín Sorolla > Requena-Utiel > Cuenca-Fernando Zóbel > Madrid-Chamartín-Clara Campoamor
2026-06-21,05181,AV,AVE / Alta Velocidad LD,LAV Levante,AVE,Impar (↑ Norte/Origen),03213,Requena-Utiel,17000,Madrid-Chamartín-Clara Campoamor,3,Requena-Utiel > Cuenca-Fernando Zóbel > Madrid-Chamartín-Clara Campoamor
2026-06-21,05182,AV,AVE / Alta Velocidad LD,LAV Levante,AVE,Par (↓ Sur/Destino),17000,Madrid-Chamartín-Clara Campoamor,60911,Alicante/Alacant-Terminal,3,Madrid-Chamartín-Clara Campoamor > Albacete-Los Llanos > Alicante/Alacant-Terminal
2026-06-21,05183,AV,AVE / Alta Velocidad LD,LAV Levante,AVE,Impar (↑ Norte/Origen),60911,Alicante/Alacant-Terminal,15100,León,7,Alicante/Alacant-Terminal > Albacete-Los Llanos > Cuenca-Fernando Zóbel > Madrid-Chamartín-Clara Campoamor > Valladolid-Campo Grande > Palencia > León
2026-06-21,05183,AV,AVE / Alta Velocidad LD,LAV Levante,AVE,Impar (↑ Norte/Origen),60911,Alicante/Alacant-Terminal,17000,Madrid-Chamartín-Clara Campoamor,4,Alicante/Alacant-Terminal > Albacete-Los Llanos > Cuenca-Fernando Zóbel > Madrid-Chamartín-Clara Campoamor
2026-06-21,05183,AV,AVE / Alta Velocidad LD,LAV Levante,AVE,Impar (↑ Norte/Origen),10600,Valladolid-Campo Grande,15100,León,3,Valladolid-Campo Grande > Palencia > León
2026-06-21,05184,AV,AVE / Alta Velocidad LD,LAV Levante,AVLO,Par (↓ Sur/Destino),17000,Madrid-Chamartín-Clara Campoamor,03216,València-Joaquín Sorolla,4,Madrid-Chamartín-Clara Campoamor > Cuenca-Fernando Zóbel > Requena-Utiel > València-Joaquín Sorolla
2026-06-21,05184,AV,AVE / Alta Velocidad LD,LAV Levante,AVLO,Par (↓ Sur/Destino),17000,Madrid-Chamartín-Clara Campoamor,03213,Requena-Utiel,3,Madrid-Chamartín-Clara Campoamor > Cuenca-Fernando Zóbel > Requena-Utiel
2026-06-21,05191,AV,AVE / Alta Velocidad LD,LAV Levante,AVE,Impar (↑ Norte/Origen),03216,València-Joaquín Sorolla,17000,Madrid-Chamartín-Clara Campoamor,2,València-Joaquín Sorolla > Madrid-Chamartín-Clara Campoamor
2026-06-21,05192,AV,AVE / Alta Velocidad LD,LAV Levante,AVE,Par (↓ Sur/Destino),17000,Madrid-Chamartín-Clara Campoamor,60911,Alicante/Alacant-Terminal,5,Madrid-Chamartín-Clara Campoamor > Cuenca-Fernando Zóbel > Albacete-Los Llanos > Villena Alta Velocidad > Alicante/Alacant-Terminal
2026-06-21,05193,AV,AVE / Alta Velocidad LD,LAV Levante,AVE,Impar (↑ Norte/Origen),60911,Alicante/Alacant-Terminal,17000,Madrid-Chamartín-Clara Campoamor,3,Alicante/Alacant-Terminal > Albacete-Los Llanos > Madrid-Chamartín-Clara Campoamor
2026-06-21,05200,AV,AVE / Alta Velocidad LD,LAV Levante,AVE,Par (↓ Sur/Destino),15100,León,03216,València-Joaquín Sorolla,6,León > Palencia > Valladolid-Campo Grande > Segovia-Guiomar > Madrid-Chamartín-Clara Campoamor > València-Joaquín Sorolla
2026-06-21,05200,AV,AVE / Alta Velocidad LD,LAV Levante,AVE,Par (↓ Sur/Destino),17000,Madrid-Chamartín-Clara Campoamor,03216,València-Joaquín Sorolla,2,Madrid-Chamartín-Clara Campoamor > València-Joaquín Sorolla
2026-06-21,05200,AV,AVE / Alta Velocidad LD,LAV Levante,AVE,Par (↓ Sur/Destino),15100,León,10600,Valladolid-Campo Grande,3,León > Palencia > Valladolid-Campo Grande
2026-06-21,05203,AV,AVE / Alta Velocidad LD,LAV Levante,AVE,Impar (↑ Norte/Origen),60911,Alicante/Alacant-Terminal,17000,Madrid-Chamartín-Clara Campoamor,2,Alicante/Alacant-Terminal > Madrid-Chamartín-Clara Campoamor
2026-06-21,05214,AV,AVE / Alta Velocidad LD,LAV Levante,AVLO,Par (↓ Sur/Destino),17000,Madrid-Chamartín-Clara Campoamor,03216,València-Joaquín Sorolla,4,Madrid-Chamartín-Clara Campoamor > Cuenca-Fernando Zóbel > Requena-Utiel > València-Joaquín Sorolla
2026-06-21,05214,AV,AVE / Alta Velocidad LD,LAV Levante,AVLO,Par (↓ Sur/Destino),17000,Madrid-Chamartín-Clara Campoamor,03213,Requena-Utiel,3,Madrid-Chamartín-Clara Campoamor > Cuenca-Fernando Zóbel > Requena-Utiel
2026-06-21,05215,AV,AVE / Alta Velocidad LD,LAV Levante,AVLO,Impar (↑ Norte/Origen),03216,València-Joaquín Sorolla,17000,Madrid-Chamartín-Clara Campoamor,4,València-Joaquín Sorolla > Requena-Utiel > Cuenca-Fernando Zóbel > Madrid-Chamartín-Clara Campoamor
2026-06-21,05215,AV,AVE / Alta Velocidad LD,LAV Levante,AVLO,Impar (↑ Norte/Origen),03213,Requena-Utiel,17000,Madrid-Chamartín-Clara Campoamor,3,Requena-Utiel > Cuenca-Fernando Zóbel > Madrid-Chamartín-Clara Campoamor
2026-06-21,05217,AV,AVE / Alta Velocidad LD,LAV Levante,AVLO,Impar (↑ Norte/Origen),60911,Alicante/Alacant-Terminal,17000,Madrid-Chamartín-Clara Campoamor,5,Alicante/Alacant-Terminal > Villena Alta Velocidad > Albacete-Los Llanos > Cuenca-Fernando Zóbel > Madrid-Chamartín-Clara Campoamor
2026-06-21,05273,AV,AVE / Alta Velocidad LD,LAV Levante,AVE,Impar (↑ Norte/Origen),60911,Alicante/Alacant-Terminal,22100,Ourense,6,Alicante/Alacant-Terminal > Albacete-Los Llanos > Cuenca-Fernando Zóbel > Madrid-Chamartín-Clara Campoamor > Zamora > Ourense
2026-06-21,05273,AV,AVE / Alta Velocidad LD,LAV Levante,AVE,Impar (↑ Norte/Origen),60911,Alicante/Alacant-Terminal,17000,Madrid-Chamartín-Clara Campoamor,4,Alicante/Alacant-Terminal > Albacete-Los Llanos > Cuenca-Fernando Zóbel > Madrid-Chamartín-Clara Campoamor
2026-06-21,05312,AV,AVE / Alta Velocidad LD,LAV Levante,AVE,Par (↓ Sur/Destino),15100,León,60911,Alicante/Alacant-Terminal,7,León > Palencia > Valladolid-Campo Grande > Madrid-Chamartín-Clara Campoamor > Cuenca-Fernando Zóbel > Albacete-Los Llanos > Alicante/Alacant-Terminal
2026-06-21,05312,AV,AVE / Alta Velocidad LD,LAV Levante,AVE,Par (↓ Sur/Destino),10600,Valladolid-Campo Grande,60911,Alicante/Alacant-Terminal,5,Valladolid-Campo Grande > Madrid-Chamartín-Clara Campoamor > Cuenca-Fernando Zóbel > Albacete-Los Llanos > Alicante/Alacant-Terminal
2026-06-21,05382,AV,AVE / Alta Velocidad LD,LAV Levante,AVE,Par (↓ Sur/Destino),22100,Ourense,60911,Alicante/Alacant-Terminal,6,Ourense > Zamora > Madrid-Chamartín-Clara Campoamor > Cuenca-Fernando Zóbel > Albacete-Los Llanos > Alicante/Alacant-Terminal
2026-06-21,05382,AV,AVE / Alta Velocidad LD,LAV Levante,AVE,Par (↓ Sur/Destino),17000,Madrid-Chamartín-Clara Campoamor,60911,Alicante/Alacant-Terminal,4,Madrid-Chamartín-Clara Campoamor > Cuenca-Fernando Zóbel > Albacete-Los Llanos > Alicante/Alacant-Terminal
2026-06-21,05668,AV,AVE / Alta Velocidad LD,LAV Levante,AVLO,Par (↓ Sur/Destino),17000,Madrid-Chamartín-Clara Campoamor,61200,Murcia del Carmen,8,Madrid-Chamartín-Clara Campoamor > Cuenca-Fernando Zóbel > Albacete-Los Llanos > Villena Alta Velocidad > Alicante/Alacant-Terminal > Elche/Elx AV > Orihuela-Miguel Hernández > Murcia del Carmen
2026-06-21,05721,AV,AVE / Alta Velocidad LD,LAV Levante,AVE,Impar (↑ Norte/Origen),03216,València-Joaquín Sorolla,17000,Madrid-Chamartín-Clara Campoamor,3,València-Joaquín Sorolla > Cuenca-Fernando Zóbel > Madrid-Chamartín-Clara Campoamor
2026-06-21,05742,AV,AVE / Alta Velocidad LD,LAV Levante,AVE,Par (↓ Sur/Destino),60000,Madrid-Puerta de Atocha-Almudena Grandes,61200,Murcia del Carmen,8,Madrid-Puerta de Atocha-Almudena Grandes > Cuenca-Fernando Zóbel > Albacete-Los Llanos > Villena Alta Velocidad > Alicante/Alacant-Terminal > Elche/Elx AV > Orihuela-Miguel Hernández > Murcia del Carmen
2026-06-21,05742,AV,AVE / Alta Velocidad LD,LAV Levante,AVE,Par (↓ Sur/Destino),60000,Madrid-Puerta de Atocha-Almudena Grandes,60911,Alicante/Alacant-Terminal,5,Madrid-Puerta de Atocha-Almudena Grandes > Cuenca-Fernando Zóbel > Albacete-Los Llanos > Villena Alta Velocidad > Alicante/Alacant-Terminal
2026-06-21,05750,AV,AVE / Alta Velocidad LD,LAV Levante,AVE,Par (↓ Sur/Destino),17000,Madrid-Chamartín-Clara Campoamor,03216,València-Joaquín Sorolla,3,Madrid-Chamartín-Clara Campoamor > Cuenca-Fernando Zóbel > València-Joaquín Sorolla
2026-06-21,05763,AV,AVE / Alta Velocidad LD,LAV Levante,AVE,Impar (↑ Norte/Origen),61200,Murcia del Carmen,11014,Burgos-Rosa Manzano,7,Murcia del Carmen > Orihuela-Miguel Hernández > Elche/Elx AV > Madrid-Chamartín-Clara Campoamor > Segovia-Guiomar > Valladolid-Campo Grande > Burgos-Rosa Manzano
2026-06-21,05763,AV,AVE / Alta Velocidad LD,LAV Levante,AVE,Impar (↑ Norte/Origen),61200,Murcia del Carmen,17000,Madrid-Chamartín-Clara Campoamor,4,Murcia del Carmen > Orihuela-Miguel Hernández > Elche/Elx AV > Madrid-Chamartín-Clara Campoamor
2026-06-21,05763,AV,AVE / Alta Velocidad LD,LAV Levante,AVE,Impar (↑ Norte/Origen),08004,Segovia-Guiomar,11014,Burgos-Rosa Manzano,3,Segovia-Guiomar > Valladolid-Campo Grande > Burgos-Rosa Manzano
2026-06-21,05792,AV,AVE / Alta Velocidad LD,LAV Levante,AVE,Par (↓ Sur/Destino),11014,Burgos-Rosa Manzano,61200,Murcia del Carmen,7,Burgos-Rosa Manzano > Valladolid-Campo Grande > Segovia-Guiomar > Madrid-Chamartín-Clara Campoamor > Elche/Elx AV > Orihuela-Miguel Hernández > Murcia del Carmen
2026-06-21,05792,AV,AVE / Alta Velocidad LD,LAV Levante,AVE,Par (↓ Sur/Destino),11014,Burgos-Rosa Manzano,08004,Segovia-Guiomar,3,Burgos-Rosa Manzano > Valladolid-Campo Grande > Segovia-Guiomar
2026-06-21,05792,AV,AVE / Alta Velocidad LD,LAV Levante,AVE,Par (↓ Sur/Destino),17000,Madrid-Chamartín-Clara Campoamor,61200,Murcia del Carmen,4,Madrid-Chamartín-Clara Campoamor > Elche/Elx AV > Orihuela-Miguel Hernández > Murcia del Carmen
2026-06-21,05817,AV,AVE / Alta Velocidad LD,LAV Levante,AVLO,Impar (↑ Norte/Origen),61200,Murcia del Carmen,10600,Valladolid-Campo Grande,9,Murcia del Carmen > Orihuela-Miguel Hernández > Elche/Elx AV > Alicante/Alacant-Terminal > Villena Alta Velocidad > Albacete-Los Llanos > Cuenca-Fernando Zóbel > Madrid-Chamartín-Clara Campoamor > Valladolid-Campo Grande
2026-06-21,05843,AV,AVE / Alta Velocidad LD,LAV Levante,AVE,Impar (↑ Norte/Origen),61200,Murcia del Carmen,17000,Madrid-Chamartín-Clara Campoamor,4,Murcia del Carmen > Orihuela-Miguel Hernández > Elche/Elx AV > Madrid-Chamartín-Clara Campoamor
2026-06-21,05863,AV,AVE / Alta Velocidad LD,LAV Levante,AVE,Impar (↑ Norte/Origen),61200,Murcia del Carmen,60000,Madrid-Puerta de Atocha-Almudena Grandes,8,Murcia del Carmen > Orihuela-Miguel Hernández > Elche/Elx AV > Alicante/Alacant-Terminal > Villena Alta Velocidad > Albacete-Los Llanos > Cuenca-Fernando Zóbel > Madrid-Puerta de Atocha-Almudena Grandes
2026-06-21,05863,AV,AVE / Alta Velocidad LD,LAV Levante,AVE,Impar (↑ Norte/Origen),60911,Alicante/Alacant-Terminal,60000,Madrid-Puerta de Atocha-Almudena Grandes,5,Alicante/Alacant-Terminal > Villena Alta Velocidad > Albacete-Los Llanos > Cuenca-Fernando Zóbel > Madrid-Puerta de Atocha-Almudena Grandes
2026-06-21,05871,AV,AVE / Alta Velocidad LD,LAV Levante,AVE,Impar (↑ Norte/Origen),65300,Castelló de la Plana,60000,Madrid-Puerta de Atocha-Almudena Grandes,5,Castelló de la Plana > València-Joaquín Sorolla > Requena-Utiel > Cuenca-Fernando Zóbel > Madrid-Puerta de Atocha-Almudena Grandes
2026-06-21,05890,AV,AVE / Alta Velocidad LD,LAV Levante,AVE,Par (↓ Sur/Destino),60000,Madrid-Puerta de Atocha-Almudena Grandes,65300,Castelló de la Plana,5,Madrid-Puerta de Atocha-Almudena Grandes > Cuenca-Fernando Zóbel > Requena-Utiel > València-Joaquín Sorolla > Castelló de la Plana
2026-06-21,05890,AV,AVE / Alta Velocidad LD,LAV Levante,AVE,Par (↓ Sur/Destino),60000,Madrid-Puerta de Atocha-Almudena Grandes,03213,Requena-Utiel,3,Madrid-Puerta de Atocha-Almudena Grandes > Cuenca-Fernando Zóbel > Requena-Utiel
2026-06-21,05890,AV,AVE / Alta Velocidad LD,LAV Levante,AVE,Par (↓ Sur/Destino),03216,València-Joaquín Sorolla,65300,Castelló de la Plana,2,València-Joaquín Sorolla > Castelló de la Plana
2026-06-21,05903,AV,AVE / Alta Velocidad LD,LAV Levante,AVE,Impar (↑ Norte/Origen),61200,Murcia del Carmen,60000,Madrid-Puerta de Atocha-Almudena Grandes,8,Murcia del Carmen > Orihuela-Miguel Hernández > Elche/Elx AV > Alicante/Alacant-Terminal > Villena Alta Velocidad > Albacete-Los Llanos > Cuenca-Fernando Zóbel > Madrid-Puerta de Atocha-Almudena Grandes
2026-06-21,05903,AV,AVE / Alta Velocidad LD,LAV Levante,AVE,Impar (↑ Norte/Origen),60911,Alicante/Alacant-Terminal,60000,Madrid-Puerta de Atocha-Almudena Grandes,5,Alicante/Alacant-Terminal > Villena Alta Velocidad > Albacete-Los Llanos > Cuenca-Fernando Zóbel > Madrid-Puerta de Atocha-Almudena Grandes
2026-06-21,05912,AV,AVE / Alta Velocidad LD,LAV Levante,AVE,Par (↓ Sur/Destino),60000,Madrid-Puerta de Atocha-Almudena Grandes,61200,Murcia del Carmen,8,Madrid-Puerta de Atocha-Almudena Grandes > Cuenca-Fernando Zóbel > Albacete-Los Llanos > Villena Alta Velocidad > Alicante/Alacant-Terminal > Elche/Elx AV > Orihuela-Miguel Hernández > Murcia del Carmen
2026-06-21,05912,AV,AVE / Alta Velocidad LD,LAV Levante,AVE,Par (↓ Sur/Destino),60000,Madrid-Puerta de Atocha-Almudena Grandes,60911,Alicante/Alacant-Terminal,5,Madrid-Puerta de Atocha-Almudena Grandes > Cuenca-Fernando Zóbel > Albacete-Los Llanos > Villena Alta Velocidad > Alicante/Alacant-Terminal
2026-06-21,05951,AV,AVE / Alta Velocidad LD,LAV Levante,AVE,Impar (↑ Norte/Origen),65300,Castelló de la Plana,60000,Madrid-Puerta de Atocha-Almudena Grandes,5,Castelló de la Plana > València-Joaquín Sorolla > Requena-Utiel > Cuenca-Fernando Zóbel > Madrid-Puerta de Atocha-Almudena Grandes
2026-06-21,05951,AV,AVE / Alta Velocidad LD,LAV Levante,AVE,Impar (↑ Norte/Origen),03213,Requena-Utiel,60000,Madrid-Puerta de Atocha-Almudena Grandes,3,Requena-Utiel > Cuenca-Fernando Zóbel > Madrid-Puerta de Atocha-Almudena Grandes
2026-06-21,05951,AV,AVE / Alta Velocidad LD,LAV Levante,AVE,Impar (↑ Norte/Origen),65300,Castelló de la Plana,03216,València-Joaquín Sorolla,2,Castelló de la Plana > València-Joaquín Sorolla
2026-06-21,05962,AV,AVE / Alta Velocidad LD,LAV Levante,AVE,Par (↓ Sur/Destino),17000,Madrid-Chamartín-Clara Campoamor,61200,Murcia del Carmen,4,Madrid-Chamartín-Clara Campoamor > Elche/Elx AV > Orihuela-Miguel Hernández > Murcia del Carmen
2026-06-21,05990,AV,AVE / Alta Velocidad LD,LAV Levante,AVE,Par (↓ Sur/Destino),60000,Madrid-Puerta de Atocha-Almudena Grandes,65300,Castelló de la Plana,5,Madrid-Puerta de Atocha-Almudena Grandes > Cuenca-Fernando Zóbel > Requena-Utiel > València-Joaquín Sorolla > Castelló de la Plana
2026-06-21,08058,AV,Avant (AV Media Distancia),Avant,AVANT,Par (↓ Sur/Destino),10600,Valladolid-Campo Grande,17000,Madrid-Chamartín-Clara Campoamor,2,Valladolid-Campo Grande > Madrid-Chamartín-Clara Campoamor
2026-06-21,08062,AV,Avant (AV Media Distancia),Avant,AVANT,Par (↓ Sur/Destino),60000,Madrid-Puerta de Atocha-Almudena Grandes,92102,Toledo,2,Madrid-Puerta de Atocha-Almudena Grandes > Toledo
2026-06-21,08063,AV,Avant (AV Media Distancia),Avant,AVANT,Impar (↑ Norte/Origen),92102,Toledo,60000,Madrid-Puerta de Atocha-Almudena Grandes,2,Toledo > Madrid-Puerta de Atocha-Almudena Grandes
2026-06-21,08068,AV,Avant (AV Media Distancia),Avant,AVANT,Par (↓ Sur/Destino),10600,Valladolid-Campo Grande,17000,Madrid-Chamartín-Clara Campoamor,3,Valladolid-Campo Grande > Segovia-Guiomar > Madrid-Chamartín-Clara Campoamor
2026-06-21,08069,AV,Avant (AV Media Distancia),Avant,AVANT,Impar (↑ Norte/Origen),17000,Madrid-Chamartín-Clara Campoamor,10600,Valladolid-Campo Grande,3,Madrid-Chamartín-Clara Campoamor > Segovia-Guiomar > Valladolid-Campo Grande
2026-06-21,08071,AV,Avant (AV Media Distancia),Avant,AVANT,Impar (↑ Norte/Origen),37300,Puertollano,60000,Madrid-Puerta de Atocha-Almudena Grandes,3,Puertollano > Ciudad Real > Madrid-Puerta de Atocha-Almudena Grandes
2026-06-21,08072,AV,Avant (AV Media Distancia),Avant,AVANT,Par (↓ Sur/Destino),60600,Albacete-Los Llanos,92102,Toledo,4,Albacete-Los Llanos > Cuenca-Fernando Zóbel > Madrid-Puerta de Atocha-Almudena Grandes > Toledo
2026-06-21,08073,AV,Avant (AV Media Distancia),Avant,AVANT,Impar (↑ Norte/Origen),92102,Toledo,60000,Madrid-Puerta de Atocha-Almudena Grandes,2,Toledo > Madrid-Puerta de Atocha-Almudena Grandes
2026-06-21,08075,AV,Avant (AV Media Distancia),Avant,AVANT,Impar (↑ Norte/Origen),51003,Sevilla-Santa Justa,54413,Málaga María Zambrano,5,Sevilla-Santa Justa > Córdoba-Julio Anguita > Puente Genil-Herrera > Antequera-Santa Ana > Málaga María Zambrano
2026-06-21,08077,AV,Avant (AV Media Distancia),Avant,AVANT,Impar (↑ Norte/Origen),78400,Lleida-Pirineus,71801,Barcelona-Sants,3,Lleida-Pirineus > Camp de Tarragona > Barcelona-Sants
2026-06-21,08078,AV,Avant (AV Media Distancia),Avant,AVANT,Par (↓ Sur/Destino),10600,Valladolid-Campo Grande,17000,Madrid-Chamartín-Clara Campoamor,3,Valladolid-Campo Grande > Segovia-Guiomar > Madrid-Chamartín-Clara Campoamor
2026-06-21,08079,AV,Avant (AV Media Distancia),Avant,AVANT,Impar (↑ Norte/Origen),17000,Madrid-Chamartín-Clara Campoamor,10600,Valladolid-Campo Grande,3,Madrid-Chamartín-Clara Campoamor > Segovia-Guiomar > Valladolid-Campo Grande
2026-06-21,08080,AV,Avant (AV Media Distancia),Avant,AVANT,Par (↓ Sur/Destino),60000,Madrid-Puerta de Atocha-Almudena Grandes,37300,Puertollano,3,Madrid-Puerta de Atocha-Almudena Grandes > Ciudad Real > Puertollano
2026-06-21,08081,AV,Avant (AV Media Distancia),Avant,AVANT,Impar (↑ Norte/Origen),37300,Puertollano,60000,Madrid-Puerta de Atocha-Almudena Grandes,3,Puertollano > Ciudad Real > Madrid-Puerta de Atocha-Almudena Grandes
2026-06-21,08082,AV,Avant (AV Media Distancia),Avant,AVANT,Par (↓ Sur/Destino),60000,Madrid-Puerta de Atocha-Almudena Grandes,92102,Toledo,2,Madrid-Puerta de Atocha-Almudena Grandes > Toledo
2026-06-21,08085,AV,Avant (AV Media Distancia),Avant,AVANT,Impar (↑ Norte/Origen),51003,Sevilla-Santa Justa,54413,Málaga María Zambrano,5,Sevilla-Santa Justa > Córdoba-Julio Anguita > Puente Genil-Herrera > Antequera-Santa Ana > Málaga María Zambrano
2026-06-21,08087,AV,Avant (AV Media Distancia),Avant,AVANT,Impar (↑ Norte/Origen),78400,Lleida-Pirineus,71801,Barcelona-Sants,3,Lleida-Pirineus > Camp de Tarragona > Barcelona-Sants
2026-06-21,08088,AV,Avant (AV Media Distancia),Avant,AVANT,Par (↓ Sur/Destino),10600,Valladolid-Campo Grande,17000,Madrid-Chamartín-Clara Campoamor,3,Valladolid-Campo Grande > Segovia-Guiomar > Madrid-Chamartín-Clara Campoamor
2026-06-21,08093,AV,Avant (AV Media Distancia),Avant,AVANT,Impar (↑ Norte/Origen),92102,Toledo,60000,Madrid-Puerta de Atocha-Almudena Grandes,2,Toledo > Madrid-Puerta de Atocha-Almudena Grandes
2026-06-21,08098,AV,Avant (AV Media Distancia),Avant,AVANT,Par (↓ Sur/Destino),10600,Valladolid-Campo Grande,17000,Madrid-Chamartín-Clara Campoamor,3,Valladolid-Campo Grande > Segovia-Guiomar > Madrid-Chamartín-Clara Campoamor
2026-06-21,08100,AV,Avant (AV Media Distancia),Avant,AVANT,Par (↓ Sur/Destino),60000,Madrid-Puerta de Atocha-Almudena Grandes,37300,Puertollano,3,Madrid-Puerta de Atocha-Almudena Grandes > Ciudad Real > Puertollano
2026-06-21,08101,AV,Avant (AV Media Distancia),Avant,AVANT,Impar (↑ Norte/Origen),37300,Puertollano,60000,Madrid-Puerta de Atocha-Almudena Grandes,3,Puertollano > Ciudad Real > Madrid-Puerta de Atocha-Almudena Grandes
2026-06-21,08102,AV,Avant (AV Media Distancia),Avant,AVANT,Par (↓ Sur/Destino),60000,Madrid-Puerta de Atocha-Almudena Grandes,92102,Toledo,2,Madrid-Puerta de Atocha-Almudena Grandes > Toledo
2026-06-21,08103,AV,Avant (AV Media Distancia),Avant,AVANT,Impar (↑ Norte/Origen),92102,Toledo,60000,Madrid-Puerta de Atocha-Almudena Grandes,2,Toledo > Madrid-Puerta de Atocha-Almudena Grandes
2026-06-21,08109,AV,Avant (AV Media Distancia),Avant,AVANT,Impar (↑ Norte/Origen),17000,Madrid-Chamartín-Clara Campoamor,10600,Valladolid-Campo Grande,3,Madrid-Chamartín-Clara Campoamor > Segovia-Guiomar > Valladolid-Campo Grande
2026-06-21,08111,AV,Avant (AV Media Distancia),Avant,AVANT,Impar (↑ Norte/Origen),37300,Puertollano,60000,Madrid-Puerta de Atocha-Almudena Grandes,3,Puertollano > Ciudad Real > Madrid-Puerta de Atocha-Almudena Grandes
2026-06-21,08118,AV,Avant (AV Media Distancia),Avant,AVANT,Par (↓ Sur/Destino),10600,Valladolid-Campo Grande,17000,Madrid-Chamartín-Clara Campoamor,3,Valladolid-Campo Grande > Segovia-Guiomar > Madrid-Chamartín-Clara Campoamor
2026-06-21,08123,AV,Avant (AV Media Distancia),Avant,AVANT,Impar (↑ Norte/Origen),92102,Toledo,60000,Madrid-Puerta de Atocha-Almudena Grandes,2,Toledo > Madrid-Puerta de Atocha-Almudena Grandes
2026-06-21,08125,AV,Avant (AV Media Distancia),Avant,AVANT,Impar (↑ Norte/Origen),51003,Sevilla-Santa Justa,54413,Málaga María Zambrano,5,Sevilla-Santa Justa > Córdoba-Julio Anguita > Puente Genil-Herrera > Antequera-Santa Ana > Málaga María Zambrano
2026-06-21,08129,AV,Avant (AV Media Distancia),Avant,AVANT,Impar (↑ Norte/Origen),17000,Madrid-Chamartín-Clara Campoamor,10600,Valladolid-Campo Grande,3,Madrid-Chamartín-Clara Campoamor > Segovia-Guiomar > Valladolid-Campo Grande
2026-06-21,08130,AV,Avant (AV Media Distancia),Avant,AVANT,Par (↓ Sur/Destino),60000,Madrid-Puerta de Atocha-Almudena Grandes,37300,Puertollano,3,Madrid-Puerta de Atocha-Almudena Grandes > Ciudad Real > Puertollano
2026-06-21,08132,AV,Avant (AV Media Distancia),Avant,AVANT,Par (↓ Sur/Destino),60000,Madrid-Puerta de Atocha-Almudena Grandes,92102,Toledo,2,Madrid-Puerta de Atocha-Almudena Grandes > Toledo
2026-06-21,08133,AV,Avant (AV Media Distancia),Avant,AVANT,Impar (↑ Norte/Origen),92102,Toledo,60000,Madrid-Puerta de Atocha-Almudena Grandes,2,Toledo > Madrid-Puerta de Atocha-Almudena Grandes
2026-06-21,08139,AV,Avant (AV Media Distancia),Avant,AVANT,Impar (↑ Norte/Origen),17000,Madrid-Chamartín-Clara Campoamor,10600,Valladolid-Campo Grande,3,Madrid-Chamartín-Clara Campoamor > Segovia-Guiomar > Valladolid-Campo Grande
2026-06-21,08140,AV,Avant (AV Media Distancia),Avant,AVANT,Par (↓ Sur/Destino),60000,Madrid-Puerta de Atocha-Almudena Grandes,37300,Puertollano,3,Madrid-Puerta de Atocha-Almudena Grandes > Ciudad Real > Puertollano
2026-06-21,08142,AV,Avant (AV Media Distancia),Avant,AVANT,Par (↓ Sur/Destino),60000,Madrid-Puerta de Atocha-Almudena Grandes,92102,Toledo,2,Madrid-Puerta de Atocha-Almudena Grandes > Toledo
2026-06-21,08148,AV,Avant (AV Media Distancia),Avant,AVANT,Par (↓ Sur/Destino),10600,Valladolid-Campo Grande,17000,Madrid-Chamartín-Clara Campoamor,3,Valladolid-Campo Grande > Segovia-Guiomar > Madrid-Chamartín-Clara Campoamor
2026-06-21,08150,AV,Avant (AV Media Distancia),Avant,AVANT,Par (↓ Sur/Destino),60000,Madrid-Puerta de Atocha-Almudena Grandes,37300,Puertollano,3,Madrid-Puerta de Atocha-Almudena Grandes > Ciudad Real > Puertollano
2026-06-21,08151,AV,Avant (AV Media Distancia),Avant,AVANT,Impar (↑ Norte/Origen),37300,Puertollano,60000,Madrid-Puerta de Atocha-Almudena Grandes,3,Puertollano > Ciudad Real > Madrid-Puerta de Atocha-Almudena Grandes
2026-06-21,08152,AV,Avant (AV Media Distancia),Avant,AVANT,Par (↓ Sur/Destino),60000,Madrid-Puerta de Atocha-Almudena Grandes,92102,Toledo,2,Madrid-Puerta de Atocha-Almudena Grandes > Toledo
2026-06-21,08153,AV,Avant (AV Media Distancia),Avant,AVANT,Impar (↑ Norte/Origen),92102,Toledo,60000,Madrid-Puerta de Atocha-Almudena Grandes,2,Toledo > Madrid-Puerta de Atocha-Almudena Grandes
2026-06-21,08155,AV,Avant (AV Media Distancia),Avant,AVANT,Impar (↑ Norte/Origen),51003,Sevilla-Santa Justa,54413,Málaga María Zambrano,5,Sevilla-Santa Justa > Córdoba-Julio Anguita > Puente Genil-Herrera > Antequera-Santa Ana > Málaga María Zambrano
2026-06-21,08158,AV,Avant (AV Media Distancia),Avant,AVANT,Par (↓ Sur/Destino),10600,Valladolid-Campo Grande,17000,Madrid-Chamartín-Clara Campoamor,3,Valladolid-Campo Grande > Segovia-Guiomar > Madrid-Chamartín-Clara Campoamor
2026-06-21,08159,AV,Avant (AV Media Distancia),Avant,AVANT,Impar (↑ Norte/Origen),17000,Madrid-Chamartín-Clara Campoamor,10600,Valladolid-Campo Grande,3,Madrid-Chamartín-Clara Campoamor > Segovia-Guiomar > Valladolid-Campo Grande
2026-06-21,08161,AV,Avant (AV Media Distancia),Avant,AVANT,Impar (↑ Norte/Origen),37300,Puertollano,60000,Madrid-Puerta de Atocha-Almudena Grandes,3,Puertollano > Ciudad Real > Madrid-Puerta de Atocha-Almudena Grandes
2026-06-21,08162,AV,Avant (AV Media Distancia),Avant,AVANT,Par (↓ Sur/Destino),60000,Madrid-Puerta de Atocha-Almudena Grandes,92102,Toledo,2,Madrid-Puerta de Atocha-Almudena Grandes > Toledo
2026-06-21,08163,AV,Avant (AV Media Distancia),Avant,AVANT,Impar (↑ Norte/Origen),92102,Toledo,60600,Albacete-Los Llanos,4,Toledo > Madrid-Puerta de Atocha-Almudena Grandes > Cuenca-Fernando Zóbel > Albacete-Los Llanos
2026-06-21,08166,AV,Avant (AV Media Distancia),Avant,AVANT,Par (↓ Sur/Destino),71801,Barcelona-Sants,78400,Lleida-Pirineus,3,Barcelona-Sants > Camp de Tarragona > Lleida-Pirineus
2026-06-21,08168,AV,Avant (AV Media Distancia),Avant,AVANT,Par (↓ Sur/Destino),10600,Valladolid-Campo Grande,17000,Madrid-Chamartín-Clara Campoamor,3,Valladolid-Campo Grande > Segovia-Guiomar > Madrid-Chamartín-Clara Campoamor
2026-06-21,08169,AV,Avant (AV Media Distancia),Avant,AVANT,Impar (↑ Norte/Origen),17000,Madrid-Chamartín-Clara Campoamor,10600,Valladolid-Campo Grande,3,Madrid-Chamartín-Clara Campoamor > Segovia-Guiomar > Valladolid-Campo Grande
2026-06-21,08170,AV,Avant (AV Media Distancia),Avant,AVANT,Par (↓ Sur/Destino),60000,Madrid-Puerta de Atocha-Almudena Grandes,37300,Puertollano,3,Madrid-Puerta de Atocha-Almudena Grandes > Ciudad Real > Puertollano
2026-06-21,08171,AV,Avant (AV Media Distancia),Avant,AVANT,Impar (↑ Norte/Origen),37300,Puertollano,60000,Madrid-Puerta de Atocha-Almudena Grandes,3,Puertollano > Ciudad Real > Madrid-Puerta de Atocha-Almudena Grandes
2026-06-21,08172,AV,Avant (AV Media Distancia),Avant,AVANT,Par (↓ Sur/Destino),60000,Madrid-Puerta de Atocha-Almudena Grandes,92102,Toledo,2,Madrid-Puerta de Atocha-Almudena Grandes > Toledo
2026-06-21,08173,AV,Avant (AV Media Distancia),Avant,AVANT,Impar (↑ Norte/Origen),92102,Toledo,60000,Madrid-Puerta de Atocha-Almudena Grandes,2,Toledo > Madrid-Puerta de Atocha-Almudena Grandes
2026-06-21,08175,AV,Avant (AV Media Distancia),Avant,AVANT,Impar (↑ Norte/Origen),51003,Sevilla-Santa Justa,54413,Málaga María Zambrano,5,Sevilla-Santa Justa > Córdoba-Julio Anguita > Puente Genil-Herrera > Antequera-Santa Ana > Málaga María Zambrano
2026-06-21,08178,AV,Avant (AV Media Distancia),Avant,AVANT,Par (↓ Sur/Destino),10600,Valladolid-Campo Grande,17000,Madrid-Chamartín-Clara Campoamor,3,Valladolid-Campo Grande > Segovia-Guiomar > Madrid-Chamartín-Clara Campoamor
2026-06-21,08179,AV,Avant (AV Media Distancia),Avant,AVANT,Impar (↑ Norte/Origen),17000,Madrid-Chamartín-Clara Campoamor,10600,Valladolid-Campo Grande,3,Madrid-Chamartín-Clara Campoamor > Segovia-Guiomar > Valladolid-Campo Grande
2026-06-21,08180,AV,Avant (AV Media Distancia),Avant,AVANT,Par (↓ Sur/Destino),60000,Madrid-Puerta de Atocha-Almudena Grandes,37300,Puertollano,3,Madrid-Puerta de Atocha-Almudena Grandes > Ciudad Real > Puertollano
2026-06-21,08181,AV,Avant (AV Media Distancia),Avant,AVANT,Impar (↑ Norte/Origen),37300,Puertollano,60000,Madrid-Puerta de Atocha-Almudena Grandes,3,Puertollano > Ciudad Real > Madrid-Puerta de Atocha-Almudena Grandes
2026-06-21,08182,AV,Avant (AV Media Distancia),Avant,AVANT,Par (↓ Sur/Destino),60000,Madrid-Puerta de Atocha-Almudena Grandes,92102,Toledo,2,Madrid-Puerta de Atocha-Almudena Grandes > Toledo
2026-06-21,08183,AV,Avant (AV Media Distancia),Avant,AVANT,Impar (↑ Norte/Origen),92102,Toledo,60000,Madrid-Puerta de Atocha-Almudena Grandes,2,Toledo > Madrid-Puerta de Atocha-Almudena Grandes
2026-06-21,08186,AV,Avant (AV Media Distancia),Avant,AVANT,Par (↓ Sur/Destino),71801,Barcelona-Sants,78400,Lleida-Pirineus,3,Barcelona-Sants > Camp de Tarragona > Lleida-Pirineus
2026-06-21,08187,AV,Avant (AV Media Distancia),Avant,AVANT,Impar (↑ Norte/Origen),78400,Lleida-Pirineus,71801,Barcelona-Sants,3,Lleida-Pirineus > Camp de Tarragona > Barcelona-Sants
2026-06-21,08189,AV,Avant (AV Media Distancia),Avant,AVANT,Impar (↑ Norte/Origen),17000,Madrid-Chamartín-Clara Campoamor,10600,Valladolid-Campo Grande,3,Madrid-Chamartín-Clara Campoamor > Segovia-Guiomar > Valladolid-Campo Grande
2026-06-21,08190,AV,Avant (AV Media Distancia),Avant,AVANT,Par (↓ Sur/Destino),60000,Madrid-Puerta de Atocha-Almudena Grandes,37300,Puertollano,3,Madrid-Puerta de Atocha-Almudena Grandes > Ciudad Real > Puertollano
2026-06-21,08191,AV,Avant (AV Media Distancia),Avant,AVANT,Impar (↑ Norte/Origen),37300,Puertollano,60000,Madrid-Puerta de Atocha-Almudena Grandes,3,Puertollano > Ciudad Real > Madrid-Puerta de Atocha-Almudena Grandes
2026-06-21,08192,AV,Avant (AV Media Distancia),Avant,AVANT,Par (↓ Sur/Destino),60000,Madrid-Puerta de Atocha-Almudena Grandes,92102,Toledo,2,Madrid-Puerta de Atocha-Almudena Grandes > Toledo
2026-06-21,08193,AV,Avant (AV Media Distancia),Avant,AVANT,Impar (↑ Norte/Origen),92102,Toledo,60000,Madrid-Puerta de Atocha-Almudena Grandes,2,Toledo > Madrid-Puerta de Atocha-Almudena Grandes
2026-06-21,08195,AV,Avant (AV Media Distancia),Avant,AVANT,Impar (↑ Norte/Origen),51003,Sevilla-Santa Justa,54413,Málaga María Zambrano,5,Sevilla-Santa Justa > Córdoba-Julio Anguita > Puente Genil-Herrera > Antequera-Santa Ana > Málaga María Zambrano
2026-06-21,08198,AV,Avant (AV Media Distancia),Avant,AVANT,Par (↓ Sur/Destino),10600,Valladolid-Campo Grande,17000,Madrid-Chamartín-Clara Campoamor,3,Valladolid-Campo Grande > Segovia-Guiomar > Madrid-Chamartín-Clara Campoamor
2026-06-21,08199,AV,Avant (AV Media Distancia),Avant,AVANT,Impar (↑ Norte/Origen),17000,Madrid-Chamartín-Clara Campoamor,10600,Valladolid-Campo Grande,3,Madrid-Chamartín-Clara Campoamor > Segovia-Guiomar > Valladolid-Campo Grande
2026-06-21,08200,AV,Avant (AV Media Distancia),Avant,AVANT,Par (↓ Sur/Destino),60000,Madrid-Puerta de Atocha-Almudena Grandes,37300,Puertollano,3,Madrid-Puerta de Atocha-Almudena Grandes > Ciudad Real > Puertollano
2026-06-21,08203,AV,Avant (AV Media Distancia),Avant,AVANT,Impar (↑ Norte/Origen),92102,Toledo,60000,Madrid-Puerta de Atocha-Almudena Grandes,2,Toledo > Madrid-Puerta de Atocha-Almudena Grandes
2026-06-21,08206,AV,Avant (AV Media Distancia),Avant,AVANT,Par (↓ Sur/Destino),71801,Barcelona-Sants,78400,Lleida-Pirineus,3,Barcelona-Sants > Camp de Tarragona > Lleida-Pirineus
2026-06-21,08207,AV,Avant (AV Media Distancia),Avant,AVANT,Impar (↑ Norte/Origen),78400,Lleida-Pirineus,71801,Barcelona-Sants,3,Lleida-Pirineus > Camp de Tarragona > Barcelona-Sants
2026-06-21,08208,AV,Avant (AV Media Distancia),Avant,AVANT,Par (↓ Sur/Destino),10600,Valladolid-Campo Grande,17000,Madrid-Chamartín-Clara Campoamor,3,Valladolid-Campo Grande > Segovia-Guiomar > Madrid-Chamartín-Clara Campoamor
2026-06-21,08209,AV,Avant (AV Media Distancia),Avant,AVANT,Impar (↑ Norte/Origen),17000,Madrid-Chamartín-Clara Campoamor,10600,Valladolid-Campo Grande,3,Madrid-Chamartín-Clara Campoamor > Segovia-Guiomar > Valladolid-Campo Grande
2026-06-21,08211,AV,Avant (AV Media Distancia),Avant,AVANT,Impar (↑ Norte/Origen),37300,Puertollano,60000,Madrid-Puerta de Atocha-Almudena Grandes,3,Puertollano > Ciudad Real > Madrid-Puerta de Atocha-Almudena Grandes
2026-06-21,08212,AV,Avant (AV Media Distancia),Avant,AVANT,Par (↓ Sur/Destino),60000,Madrid-Puerta de Atocha-Almudena Grandes,92102,Toledo,2,Madrid-Puerta de Atocha-Almudena Grandes > Toledo
2026-06-21,08213,AV,Avant (AV Media Distancia),Avant,AVANT,Impar (↑ Norte/Origen),92102,Toledo,60000,Madrid-Puerta de Atocha-Almudena Grandes,2,Toledo > Madrid-Puerta de Atocha-Almudena Grandes
2026-06-21,08215,AV,Avant (AV Media Distancia),Avant,AVANT,Impar (↑ Norte/Origen),51003,Sevilla-Santa Justa,50500,Córdoba-Julio Anguita,2,Sevilla-Santa Justa > Córdoba-Julio Anguita
2026-06-21,08216,AV,Avant (AV Media Distancia),Avant,AVANT,Par (↓ Sur/Destino),71801,Barcelona-Sants,78400,Lleida-Pirineus,3,Barcelona-Sants > Camp de Tarragona > Lleida-Pirineus
2026-06-21,08219,AV,Avant (AV Media Distancia),Avant,AVANT,Impar (↑ Norte/Origen),17000,Madrid-Chamartín-Clara Campoamor,10600,Valladolid-Campo Grande,3,Madrid-Chamartín-Clara Campoamor > Segovia-Guiomar > Valladolid-Campo Grande
2026-06-21,08220,AV,Avant (AV Media Distancia),Avant,AVANT,Par (↓ Sur/Destino),60000,Madrid-Puerta de Atocha-Almudena Grandes,37300,Puertollano,3,Madrid-Puerta de Atocha-Almudena Grandes > Ciudad Real > Puertollano
2026-06-21,08260,AV,Avant (AV Media Distancia),Avant,AVANT,Par (↓ Sur/Destino),60000,Madrid-Puerta de Atocha-Almudena Grandes,37300,Puertollano,3,Madrid-Puerta de Atocha-Almudena Grandes > Ciudad Real > Puertollano
2026-06-21,08261,AV,Avant (AV Media Distancia),Avant,AVANT,Impar (↑ Norte/Origen),37300,Puertollano,60000,Madrid-Puerta de Atocha-Almudena Grandes,3,Puertollano > Ciudad Real > Madrid-Puerta de Atocha-Almudena Grandes
2026-06-21,08271,AV,Avant (AV Media Distancia),Avant,AVANT,Impar (↑ Norte/Origen),37300,Puertollano,60000,Madrid-Puerta de Atocha-Almudena Grandes,3,Puertollano > Ciudad Real > Madrid-Puerta de Atocha-Almudena Grandes
2026-06-21,08273,AV,Avant (AV Media Distancia),Avant,AVANT,Impar (↑ Norte/Origen),92102,Toledo,60000,Madrid-Puerta de Atocha-Almudena Grandes,2,Toledo > Madrid-Puerta de Atocha-Almudena Grandes
2026-06-21,08275,AV,Avant (AV Media Distancia),Avant,AVANT,Impar (↑ Norte/Origen),51003,Sevilla-Santa Justa,05000,Granada,7,Sevilla-Santa Justa > Córdoba-Julio Anguita > Puente Genil-Herrera > Antequera-Santa Ana > Antequera AV > Loja > Granada
2026-06-21,08278,AV,Avant (AV Media Distancia),Avant,AVANT,Par (↓ Sur/Destino),10600,Valladolid-Campo Grande,17000,Madrid-Chamartín-Clara Campoamor,3,Valladolid-Campo Grande > Segovia-Guiomar > Madrid-Chamartín-Clara Campoamor
2026-06-21,08283,AV,Avant (AV Media Distancia),Avant,AVANT,Impar (↑ Norte/Origen),92102,Toledo,60000,Madrid-Puerta de Atocha-Almudena Grandes,2,Toledo > Madrid-Puerta de Atocha-Almudena Grandes
2026-06-21,08287,AV,Avant (AV Media Distancia),Avant,AVANT,Impar (↑ Norte/Origen),71801,Barcelona-Sants,04307,Figueres-Vilafant,3,Barcelona-Sants > Girona > Figueres-Vilafant
2026-06-21,08292,AV,Avant (AV Media Distancia),Avant,AVANT,Par (↓ Sur/Destino),60000,Madrid-Puerta de Atocha-Almudena Grandes,92102,Toledo,2,Madrid-Puerta de Atocha-Almudena Grandes > Toledo
2026-06-21,08295,AV,Avant (AV Media Distancia),Avant,AVANT,Impar (↑ Norte/Origen),51003,Sevilla-Santa Justa,05000,Granada,7,Sevilla-Santa Justa > Córdoba-Julio Anguita > Puente Genil-Herrera > Antequera-Santa Ana > Antequera AV > Loja > Granada
2026-06-21,08297,AV,Avant (AV Media Distancia),Avant,AVANT,Impar (↑ Norte/Origen),71801,Barcelona-Sants,04307,Figueres-Vilafant,3,Barcelona-Sants > Girona > Figueres-Vilafant
2026-06-21,08312,AV,Avant (AV Media Distancia),Avant,AVANT,Par (↓ Sur/Destino),60600,Albacete-Los Llanos,92102,Toledo,4,Albacete-Los Llanos > Cuenca-Fernando Zóbel > Madrid-Puerta de Atocha-Almudena Grandes > Toledo
2026-06-21,08312,AV,Avant (AV Media Distancia),Avant,AVANT,Par (↓ Sur/Destino),60000,Madrid-Puerta de Atocha-Almudena Grandes,92102,Toledo,2,Madrid-Puerta de Atocha-Almudena Grandes > Toledo
2026-06-21,08316,AV,Avant (AV Media Distancia),Avant,AVANT,Par (↓ Sur/Destino),04307,Figueres-Vilafant,71801,Barcelona-Sants,3,Figueres-Vilafant > Girona > Barcelona-Sants
2026-06-21,08322,AV,Avant (AV Media Distancia),Avant,AVANT,Par (↓ Sur/Destino),60000,Madrid-Puerta de Atocha-Almudena Grandes,92102,Toledo,2,Madrid-Puerta de Atocha-Almudena Grandes > Toledo
2026-06-21,08335,AV,Avant (AV Media Distancia),Avant,AVANT,Impar (↑ Norte/Origen),51003,Sevilla-Santa Justa,05000,Granada,7,Sevilla-Santa Justa > Córdoba-Julio Anguita > Puente Genil-Herrera > Antequera-Santa Ana > Antequera AV > Loja > Granada
2026-06-21,08336,AV,Avant (AV Media Distancia),Avant,AVANT,Par (↓ Sur/Destino),04307,Figueres-Vilafant,71801,Barcelona-Sants,3,Figueres-Vilafant > Girona > Barcelona-Sants
2026-06-21,08358,AV,Avant (AV Media Distancia),Avant,AVANT,Par (↓ Sur/Destino),08004,Segovia-Guiomar,17000,Madrid-Chamartín-Clara Campoamor,2,Segovia-Guiomar > Madrid-Chamartín-Clara Campoamor
2026-06-21,08359,AV,Avant (AV Media Distancia),Avant,AVANT,Impar (↑ Norte/Origen),17000,Madrid-Chamartín-Clara Campoamor,10600,Valladolid-Campo Grande,3,Madrid-Chamartín-Clara Campoamor > Segovia-Guiomar > Valladolid-Campo Grande
2026-06-21,08377,AV,Avant (AV Media Distancia),Avant,AVANT,Impar (↑ Norte/Origen),71801,Barcelona-Sants,04307,Figueres-Vilafant,3,Barcelona-Sants > Girona > Figueres-Vilafant
2026-06-21,08389,AV,Avant (AV Media Distancia),Avant,AVANT,Impar (↑ Norte/Origen),17000,Madrid-Chamartín-Clara Campoamor,10600,Valladolid-Campo Grande,3,Madrid-Chamartín-Clara Campoamor > Segovia-Guiomar > Valladolid-Campo Grande
2026-06-21,08395,AV,Avant (AV Media Distancia),Avant,AVANT,Impar (↑ Norte/Origen),51003,Sevilla-Santa Justa,05000,Granada,7,Sevilla-Santa Justa > Córdoba-Julio Anguita > Puente Genil-Herrera > Antequera-Santa Ana > Antequera AV > Loja > Granada
2026-06-21,08396,AV,Avant (AV Media Distancia),Avant,AVANT,Par (↓ Sur/Destino),04307,Figueres-Vilafant,71801,Barcelona-Sants,3,Figueres-Vilafant > Girona > Barcelona-Sants
2026-06-21,08475,AV,Avant (AV Media Distancia),Avant,AVANT,Impar (↑ Norte/Origen),05000,Granada,51003,Sevilla-Santa Justa,7,Granada > Loja > Antequera AV > Antequera-Santa Ana > Puente Genil-Herrera > Córdoba-Julio Anguita > Sevilla-Santa Justa
2026-06-21,08505,AV,Avant (AV Media Distancia),Avant,AVANT,Impar (↑ Norte/Origen),05000,Granada,51003,Sevilla-Santa Justa,7,Granada > Loja > Antequera AV > Antequera-Santa Ana > Puente Genil-Herrera > Córdoba-Julio Anguita > Sevilla-Santa Justa
2026-06-21,08525,AV,Avant (AV Media Distancia),Avant,AVANT,Impar (↑ Norte/Origen),05000,Granada,51003,Sevilla-Santa Justa,7,Granada > Loja > Antequera AV > Antequera-Santa Ana > Puente Genil-Herrera > Córdoba-Julio Anguita > Sevilla-Santa Justa
2026-06-21,08575,AV,Avant (AV Media Distancia),Avant,AVANT,Impar (↑ Norte/Origen),05000,Granada,51003,Sevilla-Santa Justa,7,Granada > Loja > Antequera AV > Antequera-Santa Ana > Puente Genil-Herrera > Córdoba-Julio Anguita > Sevilla-Santa Justa
2026-06-21,08654,AV,Avant (AV Media Distancia),Avant,AVANT,Par (↓ Sur/Destino),50500,Córdoba-Julio Anguita,51003,Sevilla-Santa Justa,2,Córdoba-Julio Anguita > Sevilla-Santa Justa
2026-06-21,08664,AV,Avant (AV Media Distancia),Avant,AVANT,Par (↓ Sur/Destino),54413,Málaga María Zambrano,51003,Sevilla-Santa Justa,5,Málaga María Zambrano > Antequera-Santa Ana > Puente Genil-Herrera > Córdoba-Julio Anguita > Sevilla-Santa Justa
2026-06-21,08694,AV,Avant (AV Media Distancia),Avant,AVANT,Par (↓ Sur/Destino),54413,Málaga María Zambrano,51003,Sevilla-Santa Justa,5,Málaga María Zambrano > Antequera-Santa Ana > Puente Genil-Herrera > Córdoba-Julio Anguita > Sevilla-Santa Justa
2026-06-21,08704,AV,Avant (AV Media Distancia),Avant,AVANT,Par (↓ Sur/Destino),54413,Málaga María Zambrano,51003,Sevilla-Santa Justa,5,Málaga María Zambrano > Antequera-Santa Ana > Puente Genil-Herrera > Córdoba-Julio Anguita > Sevilla-Santa Justa
2026-06-21,08744,AV,Avant (AV Media Distancia),Avant,AVANT,Par (↓ Sur/Destino),54413,Málaga María Zambrano,51003,Sevilla-Santa Justa,5,Málaga María Zambrano > Antequera-Santa Ana > Puente Genil-Herrera > Córdoba-Julio Anguita > Sevilla-Santa Justa
2026-06-21,08764,AV,Avant (AV Media Distancia),Avant,AVANT,Par (↓ Sur/Destino),54413,Málaga María Zambrano,51003,Sevilla-Santa Justa,5,Málaga María Zambrano > Antequera-Santa Ana > Puente Genil-Herrera > Córdoba-Julio Anguita > Sevilla-Santa Justa
2026-06-21,08784,AV,Avant (AV Media Distancia),Avant,AVANT,Par (↓ Sur/Destino),54413,Málaga María Zambrano,51003,Sevilla-Santa Justa,5,Málaga María Zambrano > Antequera-Santa Ana > Puente Genil-Herrera > Córdoba-Julio Anguita > Sevilla-Santa Justa
2026-06-21,08815,AV,Avant (AV Media Distancia),Avant,AVANT,Impar (↑ Norte/Origen),54413,Málaga María Zambrano,05000,Granada,4,Málaga María Zambrano > Antequera AV > Loja > Granada
2026-06-21,08835,AV,Avant (AV Media Distancia),Avant,AVANT,Impar (↑ Norte/Origen),54413,Málaga María Zambrano,05000,Granada,4,Málaga María Zambrano > Antequera AV > Loja > Granada
2026-06-21,08855,AV,Avant (AV Media Distancia),Avant,AVANT,Impar (↑ Norte/Origen),54413,Málaga María Zambrano,05000,Granada,4,Málaga María Zambrano > Antequera AV > Loja > Granada
2026-06-21,08915,AV,Avant (AV Media Distancia),Avant,AVANT,Impar (↑ Norte/Origen),05000,Granada,54413,Málaga María Zambrano,4,Granada > Loja > Antequera AV > Málaga María Zambrano
2026-06-21,08935,AV,Avant (AV Media Distancia),Avant,AVANT,Impar (↑ Norte/Origen),05000,Granada,54413,Málaga María Zambrano,4,Granada > Loja > Antequera AV > Málaga María Zambrano
2026-06-21,08955,AV,Avant (AV Media Distancia),Avant,AVANT,Impar (↑ Norte/Origen),05000,Granada,54413,Málaga María Zambrano,4,Granada > Loja > Antequera AV > Málaga María Zambrano
2026-06-21,09061,AV,Avant (AV Media Distancia),Avant,AVANT,Impar (↑ Norte/Origen),31412,A Coruña,22100,Ourense,3,A Coruña > Santiago de Compostela-Daniel Castelao > Ourense
2026-06-21,09067,AV,Avant (AV Media Distancia),Avant,AVANT,Impar (↑ Norte/Origen),61200,Murcia del Carmen,60911,Alicante/Alacant-Terminal,6,Murcia del Carmen > Beniel > Orihuela-Miguel Hernández > Callosa de Segura-Cox > Elche/Elx AV > Alicante/Alacant-Terminal
2026-06-21,09071,AV,Avant (AV Media Distancia),Avant,AVANT,Impar (↑ Norte/Origen),31412,A Coruña,22100,Ourense,4,A Coruña > Santiago de Compostela-Daniel Castelao > Santiago-Turístico > Ourense
2026-06-21,09072,AV,Avant (AV Media Distancia),Avant,MD,Par (↓ Sur/Destino),08223,Vigo Urzaiz,31412,A Coruña,8,Vigo Urzaiz > Redondela AV > Pontevedra > Vilagarcía de Arousa > Padrón Barbanza > Santiago de Compostela-Daniel Castelao > Cerceda-Meirama > A Coruña
2026-06-21,09073,AV,Avant (AV Media Distancia),Avant,MD,Impar (↑ Norte/Origen),31412,A Coruña,08223,Vigo Urzaiz,8,A Coruña > Santiago de Compostela-Daniel Castelao > Padrón Barbanza > Vilagarcía de Arousa > Pontevedra > Arcade > Redondela AV > Vigo Urzaiz
2026-06-21,09075,AV,Avant (AV Media Distancia),Avant,AVANT,Impar (↑ Norte/Origen),60911,Alicante/Alacant-Terminal,61200,Murcia del Carmen,6,Alicante/Alacant-Terminal > Elche/Elx AV > Callosa de Segura-Cox > Orihuela-Miguel Hernández > Beniel > Murcia del Carmen
2026-06-21,09082,AV,Avant (AV Media Distancia),Avant,MD,Par (↓ Sur/Destino),08223,Vigo Urzaiz,31412,A Coruña,5,Vigo Urzaiz > Pontevedra > Vilagarcía de Arousa > Santiago de Compostela-Daniel Castelao > A Coruña
2026-06-21,09083,AV,Avant (AV Media Distancia),Avant,MD,Impar (↑ Norte/Origen),31412,A Coruña,08223,Vigo Urzaiz,6,A Coruña > Santiago de Compostela-Daniel Castelao > Santiago-Turístico > Vilagarcía de Arousa > Pontevedra > Vigo Urzaiz
2026-06-21,09085,AV,Avant (AV Media Distancia),Avant,AVANT,Impar (↑ Norte/Origen),60911,Alicante/Alacant-Terminal,61200,Murcia del Carmen,6,Alicante/Alacant-Terminal > Elche/Elx AV > Callosa de Segura-Cox > Orihuela-Miguel Hernández > Beniel > Murcia del Carmen
2026-06-21,09087,AV,Avant (AV Media Distancia),Avant,AVANT,Impar (↑ Norte/Origen),61200,Murcia del Carmen,60911,Alicante/Alacant-Terminal,6,Murcia del Carmen > Beniel > Orihuela-Miguel Hernández > Callosa de Segura-Cox > Elche/Elx AV > Alicante/Alacant-Terminal
2026-06-21,09090,AV,Avant (AV Media Distancia),Avant,AVANT,Par (↓ Sur/Destino),22100,Ourense,31412,A Coruña,3,Ourense > Santiago de Compostela-Daniel Castelao > A Coruña
2026-06-21,09093,AV,Avant (AV Media Distancia),Avant,MD,Impar (↑ Norte/Origen),31412,A Coruña,08223,Vigo Urzaiz,5,A Coruña > Santiago de Compostela-Daniel Castelao > Vilagarcía de Arousa > Pontevedra > Vigo Urzaiz
2026-06-21,09101,AV,Avant (AV Media Distancia),Avant,AVANT,Impar (↑ Norte/Origen),31412,A Coruña,22100,Ourense,3,A Coruña > Santiago de Compostela-Daniel Castelao > Ourense
2026-06-21,09105,AV,Avant (AV Media Distancia),Avant,AVANT,Impar (↑ Norte/Origen),60911,Alicante/Alacant-Terminal,61200,Murcia del Carmen,6,Alicante/Alacant-Terminal > Elche/Elx AV > Callosa de Segura-Cox > Orihuela-Miguel Hernández > Beniel > Murcia del Carmen
2026-06-21,09107,AV,Avant (AV Media Distancia),Avant,AVANT,Impar (↑ Norte/Origen),61200,Murcia del Carmen,60911,Alicante/Alacant-Terminal,6,Murcia del Carmen > Beniel > Orihuela-Miguel Hernández > Callosa de Segura-Cox > Elche/Elx AV > Alicante/Alacant-Terminal
2026-06-21,09111,AV,Avant (AV Media Distancia),Avant,AVANT,Impar (↑ Norte/Origen),31412,A Coruña,22100,Ourense,3,A Coruña > Santiago de Compostela-Daniel Castelao > Ourense
2026-06-21,09112,AV,Avant (AV Media Distancia),Avant,MD,Par (↓ Sur/Destino),08223,Vigo Urzaiz,31412,A Coruña,5,Vigo Urzaiz > Pontevedra > Vilagarcía de Arousa > Santiago de Compostela-Daniel Castelao > A Coruña
2026-06-21,09113,AV,Avant (AV Media Distancia),Avant,MD,Impar (↑ Norte/Origen),31412,A Coruña,08223,Vigo Urzaiz,5,A Coruña > Santiago de Compostela-Daniel Castelao > Vilagarcía de Arousa > Pontevedra > Vigo Urzaiz
2026-06-21,09120,AV,Avant (AV Media Distancia),Avant,AVANT,Par (↓ Sur/Destino),22100,Ourense,31412,A Coruña,3,Ourense > Santiago de Compostela-Daniel Castelao > A Coruña
2026-06-21,09123,AV,Avant (AV Media Distancia),Avant,MD,Impar (↑ Norte/Origen),31412,A Coruña,08223,Vigo Urzaiz,5,A Coruña > Santiago de Compostela-Daniel Castelao > Vilagarcía de Arousa > Pontevedra > Vigo Urzaiz
2026-06-21,09125,AV,Avant (AV Media Distancia),Avant,AVANT,Impar (↑ Norte/Origen),60911,Alicante/Alacant-Terminal,61200,Murcia del Carmen,6,Alicante/Alacant-Terminal > Elche/Elx AV > Callosa de Segura-Cox > Orihuela-Miguel Hernández > Beniel > Murcia del Carmen
2026-06-21,09127,AV,Avant (AV Media Distancia),Avant,AVANT,Impar (↑ Norte/Origen),61200,Murcia del Carmen,60911,Alicante/Alacant-Terminal,6,Murcia del Carmen > Beniel > Orihuela-Miguel Hernández > Callosa de Segura-Cox > Elche/Elx AV > Alicante/Alacant-Terminal
2026-06-21,09131,AV,Avant (AV Media Distancia),Avant,AVANT,Impar (↑ Norte/Origen),31412,A Coruña,22100,Ourense,3,A Coruña > Santiago de Compostela-Daniel Castelao > Ourense
2026-06-21,09132,AV,Avant (AV Media Distancia),Avant,MD,Par (↓ Sur/Destino),08223,Vigo Urzaiz,31412,A Coruña,8,Vigo Urzaiz > Redondela AV > Arcade > Pontevedra > Vilagarcía de Arousa > Padrón Barbanza > Santiago de Compostela-Daniel Castelao > A Coruña
2026-06-21,09140,AV,Avant (AV Media Distancia),Avant,AVANT,Par (↓ Sur/Destino),22100,Ourense,31412,A Coruña,3,Ourense > Santiago de Compostela-Daniel Castelao > A Coruña
2026-06-21,09142,AV,Avant (AV Media Distancia),Avant,MD,Par (↓ Sur/Destino),08223,Vigo Urzaiz,31412,A Coruña,6,Vigo Urzaiz > Pontevedra > Pontevedra-Turístico > Vilagarcía de Arousa > Santiago de Compostela-Daniel Castelao > A Coruña
2026-06-21,09143,AV,Avant (AV Media Distancia),Avant,MD,Impar (↑ Norte/Origen),31412,A Coruña,08223,Vigo Urzaiz,7,A Coruña > Santiago de Compostela-Daniel Castelao > Padrón Barbanza > Vilagarcía de Arousa > Pontevedra > Redondela AV > Vigo Urzaiz
2026-06-21,09153,AV,Avant (AV Media Distancia),Avant,MD,Impar (↑ Norte/Origen),31412,A Coruña,08223,Vigo Urzaiz,5,A Coruña > Santiago de Compostela-Daniel Castelao > Vilagarcía de Arousa > Pontevedra > Vigo Urzaiz
2026-06-21,09155,AV,Avant (AV Media Distancia),Avant,AVANT,Impar (↑ Norte/Origen),60911,Alicante/Alacant-Terminal,61200,Murcia del Carmen,6,Alicante/Alacant-Terminal > Elche/Elx AV > Callosa de Segura-Cox > Orihuela-Miguel Hernández > Beniel > Murcia del Carmen
2026-06-21,09157,AV,Avant (AV Media Distancia),Avant,AVANT,Impar (↑ Norte/Origen),61200,Murcia del Carmen,60911,Alicante/Alacant-Terminal,6,Murcia del Carmen > Beniel > Orihuela-Miguel Hernández > Callosa de Segura-Cox > Elche/Elx AV > Alicante/Alacant-Terminal
2026-06-21,09160,AV,Avant (AV Media Distancia),Avant,AVANT,Par (↓ Sur/Destino),22100,Ourense,31412,A Coruña,3,Ourense > Santiago de Compostela-Daniel Castelao > A Coruña
2026-06-21,09162,AV,Avant (AV Media Distancia),Avant,MD,Par (↓ Sur/Destino),08223,Vigo Urzaiz,31412,A Coruña,5,Vigo Urzaiz > Pontevedra > Vilagarcía de Arousa > Santiago de Compostela-Daniel Castelao > A Coruña
2026-06-21,09167,AV,Avant (AV Media Distancia),Avant,AVANT,Impar (↑ Norte/Origen),61200,Murcia del Carmen,60911,Alicante/Alacant-Terminal,6,Murcia del Carmen > Beniel > Orihuela-Miguel Hernández > Callosa de Segura-Cox > Elche/Elx AV > Alicante/Alacant-Terminal
2026-06-21,09171,AV,Avant (AV Media Distancia),Avant,AVANT,Impar (↑ Norte/Origen),31412,A Coruña,22100,Ourense,3,A Coruña > Santiago de Compostela-Daniel Castelao > Ourense
2026-06-21,09172,AV,Avant (AV Media Distancia),Avant,MD,Par (↓ Sur/Destino),08223,Vigo Urzaiz,31412,A Coruña,5,Vigo Urzaiz > Pontevedra > Vilagarcía de Arousa > Santiago de Compostela-Daniel Castelao > A Coruña
2026-06-21,09173,AV,Avant (AV Media Distancia),Avant,MD,Impar (↑ Norte/Origen),31412,A Coruña,08223,Vigo Urzaiz,5,A Coruña > Santiago de Compostela-Daniel Castelao > Vilagarcía de Arousa > Pontevedra > Vigo Urzaiz
2026-06-21,09175,AV,Avant (AV Media Distancia),Avant,AVANT,Impar (↑ Norte/Origen),60911,Alicante/Alacant-Terminal,61200,Murcia del Carmen,6,Alicante/Alacant-Terminal > Elche/Elx AV > Callosa de Segura-Cox > Orihuela-Miguel Hernández > Beniel > Murcia del Carmen
2026-06-21,09182,AV,Avant (AV Media Distancia),Avant,MD,Par (↓ Sur/Destino),08223,Vigo Urzaiz,31412,A Coruña,5,Vigo Urzaiz > Pontevedra > Vilagarcía de Arousa > Santiago de Compostela-Daniel Castelao > A Coruña
2026-06-21,09183,AV,Avant (AV Media Distancia),Avant,MD,Impar (↑ Norte/Origen),31412,A Coruña,08223,Vigo Urzaiz,5,A Coruña > Santiago de Compostela-Daniel Castelao > Vilagarcía de Arousa > Pontevedra > Vigo Urzaiz
2026-06-21,09192,AV,Avant (AV Media Distancia),Avant,MD,Par (↓ Sur/Destino),08223,Vigo Urzaiz,31412,A Coruña,6,Vigo Urzaiz > Pontevedra > Pontevedra-Turístico > Vilagarcía de Arousa > Santiago de Compostela-Daniel Castelao > A Coruña
2026-06-21,09195,AV,Avant (AV Media Distancia),Avant,AVANT,Impar (↑ Norte/Origen),60911,Alicante/Alacant-Terminal,61200,Murcia del Carmen,6,Alicante/Alacant-Terminal > Elche/Elx AV > Callosa de Segura-Cox > Orihuela-Miguel Hernández > Beniel > Murcia del Carmen
2026-06-21,09197,AV,Avant (AV Media Distancia),Avant,AVANT,Impar (↑ Norte/Origen),61200,Murcia del Carmen,60911,Alicante/Alacant-Terminal,6,Murcia del Carmen > Beniel > Orihuela-Miguel Hernández > Callosa de Segura-Cox > Elche/Elx AV > Alicante/Alacant-Terminal
2026-06-21,09201,AV,Avant (AV Media Distancia),Avant,AVANT,Impar (↑ Norte/Origen),31412,A Coruña,22100,Ourense,4,A Coruña > Santiago de Compostela-Daniel Castelao > Santiago-Turístico > Ourense
2026-06-21,09212,AV,Avant (AV Media Distancia),Avant,MD,Par (↓ Sur/Destino),08223,Vigo Urzaiz,31412,A Coruña,9,Vigo Urzaiz > Redondela AV > Arcade > Pontevedra > Pontevedra-Turístico > Vilagarcía de Arousa > Padrón Barbanza > Santiago de Compostela-Daniel Castelao > A Coruña
2026-06-21,09213,AV,Avant (AV Media Distancia),Avant,MD,Impar (↑ Norte/Origen),31412,A Coruña,08223,Vigo Urzaiz,12,A Coruña > A Coruña-Turístico > Cerceda-Meirama > Santiago de Compostela-Daniel Castelao > Santiago-Turístico > Padrón Barbanza > Vilagarcía de Arousa > Pontevedra > Pontevedra-Turístico > Arcade > Redondela AV > Vigo Urzaiz
2026-06-21,09215,AV,Avant (AV Media Distancia),Avant,AVANT,Impar (↑ Norte/Origen),60911,Alicante/Alacant-Terminal,61200,Murcia del Carmen,6,Alicante/Alacant-Terminal > Elche/Elx AV > Callosa de Segura-Cox > Orihuela-Miguel Hernández > Beniel > Murcia del Carmen
2026-06-21,09217,AV,Avant (AV Media Distancia),Avant,AVANT,Impar (↑ Norte/Origen),61200,Murcia del Carmen,60911,Alicante/Alacant-Terminal,6,Murcia del Carmen > Beniel > Orihuela-Miguel Hernández > Callosa de Segura-Cox > Elche/Elx AV > Alicante/Alacant-Terminal
2026-06-21,09331,AV,Avant (AV Media Distancia),Avant,ALVIA,Impar (↑ Norte/Origen),55020,Algeciras,60000,Madrid-Puerta de Atocha-Almudena Grandes,6,Algeciras > San Roque-La Línea > Ronda > Antequera-Santa Ana > Córdoba-Julio Anguita > Madrid-Puerta de Atocha-Almudena Grandes
2026-06-21,09331,AV,Avant (AV Media Distancia),Avant,ALVIA,Impar (↑ Norte/Origen),55007,Ronda,60000,Madrid-Puerta de Atocha-Almudena Grandes,4,Ronda > Antequera-Santa Ana > Córdoba-Julio Anguita > Madrid-Puerta de Atocha-Almudena Grandes
2026-06-21,09351,AV,Avant (AV Media Distancia),Avant,AVANT,Impar (↑ Norte/Origen),31412,A Coruña,22100,Ourense,3,A Coruña > Santiago de Compostela-Daniel Castelao > Ourense
2026-06-21,09366,AV,Avant (AV Media Distancia),Avant,ALVIA,Par (↓ Sur/Destino),60000,Madrid-Puerta de Atocha-Almudena Grandes,55020,Algeciras,6,Madrid-Puerta de Atocha-Almudena Grandes > Córdoba-Julio Anguita > Antequera-Santa Ana > Ronda > San Roque-La Línea > Algeciras
2026-06-21,09366,AV,Avant (AV Media Distancia),Avant,ALVIA,Par (↓ Sur/Destino),60000,Madrid-Puerta de Atocha-Almudena Grandes,55007,Ronda,4,Madrid-Puerta de Atocha-Almudena Grandes > Córdoba-Julio Anguita > Antequera-Santa Ana > Ronda
2026-06-21,09400,AV,Avant (AV Media Distancia),Avant,AVANT,Par (↓ Sur/Destino),22100,Ourense,31412,A Coruña,4,Ourense > Santiago de Compostela-Daniel Castelao > Santiago-Turístico > A Coruña
2026-06-21,09470,AV,Avant (AV Media Distancia),Avant,AVANT,Par (↓ Sur/Destino),22100,Ourense,31412,A Coruña,3,Ourense > Santiago de Compostela-Daniel Castelao > A Coruña
2026-06-21,09480,AV,Avant (AV Media Distancia),Avant,AVANT,Par (↓ Sur/Destino),22100,Ourense,31412,A Coruña,3,Ourense > Santiago de Compostela-Daniel Castelao > A Coruña
2026-06-21,09550,AV,Avant (AV Media Distancia),Avant,AVANT,Par (↓ Sur/Destino),22100,Ourense,31412,A Coruña,3,Ourense > Santiago de Compostela-Daniel Castelao > A Coruña
2026-06-21,09590,AV,Avant (AV Media Distancia),Avant,AVANT,Par (↓ Sur/Destino),22100,Ourense,31412,A Coruña,4,Ourense > Ourense Turístico > Santiago de Compostela-Daniel Castelao > A Coruña
2026-06-21,09725,AV,Avant (AV Media Distancia),Avant,AVE INT,Impar (↑ Norte/Origen),60000,Madrid-Puerta de Atocha-Almudena Grandes,87089,Marseille St Charles,14,Madrid-Puerta de Atocha-Almudena Grandes > Guadalajara-Yebes > Zaragoza Delicias > Camp de Tarragona > Barcelona-Sants > Girona > Figueres-Vilafant > Perpignan > Narbonne > Montpellier Saint-Roch > Nimes > Avignon TGV > Aix en Provence TGV > Marseille St Charles
2026-06-21,09725,AV,Avant (AV Media Distancia),Avant,AVE INT,Impar (↑ Norte/Origen),60000,Madrid-Puerta de Atocha-Almudena Grandes,71801,Barcelona-Sants,5,Madrid-Puerta de Atocha-Almudena Grandes > Guadalajara-Yebes > Zaragoza Delicias > Camp de Tarragona > Barcelona-Sants
2026-06-21,09725,AV,Avant (AV Media Distancia),Avant,AVE INT,Impar (↑ Norte/Origen),04307,Figueres-Vilafant,87089,Marseille St Charles,8,Figueres-Vilafant > Perpignan > Narbonne > Montpellier Saint-Roch > Nimes > Avignon TGV > Aix en Provence TGV > Marseille St Charles
2026-06-21,09730,AV,Avant (AV Media Distancia),Avant,AVE INT,Par (↓ Sur/Destino),87089,Marseille St Charles,60000,Madrid-Puerta de Atocha-Almudena Grandes,13,Marseille St Charles > Aix en Provence TGV > Avignon TGV > Nimes > Montpellier Saint-Roch > Narbonne > Perpignan > Figueres-Vilafant > Girona > Barcelona-Sants > Camp de Tarragona > Zaragoza Delicias > Madrid-Puerta de Atocha-Almudena Grandes
2026-06-21,09730,AV,Avant (AV Media Distancia),Avant,AVE INT,Par (↓ Sur/Destino),87089,Marseille St Charles,04307,Figueres-Vilafant,8,Marseille St Charles > Aix en Provence TGV > Avignon TGV > Nimes > Montpellier Saint-Roch > Narbonne > Perpignan > Figueres-Vilafant
2026-06-21,09730,AV,Avant (AV Media Distancia),Avant,AVE INT,Par (↓ Sur/Destino),71801,Barcelona-Sants,60000,Madrid-Puerta de Atocha-Almudena Grandes,4,Barcelona-Sants > Camp de Tarragona > Zaragoza Delicias > Madrid-Puerta de Atocha-Almudena Grandes
2026-06-21,09737,AV,Avant (AV Media Distancia),Avant,AVE INT,Impar (↑ Norte/Origen),71801,Barcelona-Sants,87303,Lyon Part Dieu,9,Barcelona-Sants > Girona > Figueres-Vilafant > Perpignan > Narbonne > Montpellier Saint-Roch > Nimes > Valence TGV > Lyon Part Dieu
2026-06-21,09737,AV,Avant (AV Media Distancia),Avant,AVE INT,Impar (↑ Norte/Origen),04307,Figueres-Vilafant,87303,Lyon Part Dieu,7,Figueres-Vilafant > Perpignan > Narbonne > Montpellier Saint-Roch > Nimes > Valence TGV > Lyon Part Dieu
2026-06-21,09742,AV,Avant (AV Media Distancia),Avant,AVE INT,Par (↓ Sur/Destino),87303,Lyon Part Dieu,71801,Barcelona-Sants,9,Lyon Part Dieu > Valence TGV > Nimes > Montpellier Saint-Roch > Narbonne > Perpignan > Figueres-Vilafant > Girona > Barcelona-Sants
2026-06-21,09742,AV,Avant (AV Media Distancia),Avant,AVE INT,Par (↓ Sur/Destino),87303,Lyon Part Dieu,04307,Figueres-Vilafant,7,Lyon Part Dieu > Valence TGV > Nimes > Montpellier Saint-Roch > Narbonne > Perpignan > Figueres-Vilafant
2026-06-21,10272,LD,Ocasional LD/AV,Ocas.,AVE,Par (↓ Sur/Destino),74200,Huesca,60000,Madrid-Puerta de Atocha-Almudena Grandes,6,Huesca > Tardienta > Zaragoza Delicias > Calatayud > Guadalajara-Yebes > Madrid-Puerta de Atocha-Almudena Grandes
2026-06-21,10370,LD,Ocasional LD/AV,Ocas.,AVE,Par (↓ Sur/Destino),15410,Gijón-Sanz Crespo,17000,Madrid-Chamartín-Clara Campoamor,7,Gijón-Sanz Crespo > Oviedo > Pola de Lena > León > Palencia > Valladolid-Campo Grande > Madrid-Chamartín-Clara Campoamor
2026-06-21,10393,LD,Ocasional LD/AV,Ocas.,AVE,Impar (↑ Norte/Origen),60000,Madrid-Puerta de Atocha-Almudena Grandes,74200,Huesca,6,Madrid-Puerta de Atocha-Almudena Grandes > Guadalajara-Yebes > Calatayud > Zaragoza Delicias > Tardienta > Huesca
2026-06-21,10410,LD,Ocasional LD/AV,Ocas.,ALVIA,Par (↓ Sur/Destino),15410,Gijón-Sanz Crespo,17000,Madrid-Chamartín-Clara Campoamor,6,Gijón-Sanz Crespo > Oviedo > León > Palencia > Valladolid-Campo Grande > Madrid-Chamartín-Clara Campoamor
2026-06-21,10491,LD,Ocasional LD/AV,Ocas.,AVE,Impar (↑ Norte/Origen),17000,Madrid-Chamartín-Clara Campoamor,15410,Gijón-Sanz Crespo,7,Madrid-Chamartín-Clara Campoamor > Valladolid-Campo Grande > Palencia > León > Mieres-Puente > Oviedo > Gijón-Sanz Crespo
2026-06-21,10601,LD,Ocasional LD/AV,Ocas.,Intercity,Impar (↑ Norte/Origen),60000,Madrid-Puerta de Atocha-Almudena Grandes,80100,Pamplona/Iruña,5,Madrid-Puerta de Atocha-Almudena Grandes > Tudela de Navarra > Castejón de Ebro > Tafalla > Pamplona/Iruña
2026-06-21,10602,LD,Ocasional LD/AV,Ocas.,Intercity,Par (↓ Sur/Destino),80100,Pamplona/Iruña,60000,Madrid-Puerta de Atocha-Almudena Grandes,4,Pamplona/Iruña > Calatayud > Guadalajara-Yebes > Madrid-Puerta de Atocha-Almudena Grandes
2026-06-21,10605,LD,Ocasional LD/AV,Ocas.,Intercity,Impar (↑ Norte/Origen),60000,Madrid-Puerta de Atocha-Almudena Grandes,80100,Pamplona/Iruña,6,Madrid-Puerta de Atocha-Almudena Grandes > Guadalajara-Yebes > Calatayud > Tudela de Navarra > Tafalla > Pamplona/Iruña
2026-06-21,10606,LD,Ocasional LD/AV,Ocas.,Intercity,Par (↓ Sur/Destino),80100,Pamplona/Iruña,60000,Madrid-Puerta de Atocha-Almudena Grandes,4,Pamplona/Iruña > Tafalla > Tudela de Navarra > Madrid-Puerta de Atocha-Almudena Grandes
2026-06-21,10609,LD,Ocasional LD/AV,Ocas.,Intercity,Impar (↑ Norte/Origen),60000,Madrid-Puerta de Atocha-Almudena Grandes,80100,Pamplona/Iruña,6,Madrid-Puerta de Atocha-Almudena Grandes > Guadalajara-Yebes > Calatayud > Tudela de Navarra > Tafalla > Pamplona/Iruña
2026-06-21,10610,LD,Ocasional LD/AV,Ocas.,Intercity,Par (↓ Sur/Destino),80100,Pamplona/Iruña,60000,Madrid-Puerta de Atocha-Almudena Grandes,6,Pamplona/Iruña > Tafalla > Tudela de Navarra > Calatayud > Guadalajara-Yebes > Madrid-Puerta de Atocha-Almudena Grandes
2026-06-21,11092,LD,Ocasional LD/AV,Ocas.,Intercity,Par (↓ Sur/Destino),60600,Albacete-Los Llanos,61307,Cartagena,8,Albacete-Los Llanos > Hellín > Cieza > Archena-Fortuna > Murcia del Carmen > Balsicas-Mar Menor > Torre-Pacheco > Cartagena
2026-06-21,11093,LD,Ocasional LD/AV,Ocas.,Intercity,Impar (↑ Norte/Origen),61307,Cartagena,60600,Albacete-Los Llanos,8,Cartagena > Torre-Pacheco > Balsicas-Mar Menor > Murcia del Carmen > Archena-Fortuna > Cieza > Hellín > Albacete-Los Llanos
2026-06-21,11182,LD,Ocasional LD/AV,Ocas.,Intercity,Par (↓ Sur/Destino),60600,Albacete-Los Llanos,61307,Cartagena,8,Albacete-Los Llanos > Hellín > Cieza > Archena-Fortuna > Murcia del Carmen > Balsicas-Mar Menor > Torre-Pacheco > Cartagena
2026-06-21,11183,LD,Ocasional LD/AV,Ocas.,Intercity,Impar (↑ Norte/Origen),61307,Cartagena,60600,Albacete-Los Llanos,8,Cartagena > Torre-Pacheco > Balsicas-Mar Menor > Murcia del Carmen > Archena-Fortuna > Cieza > Hellín > Albacete-Los Llanos
2026-06-21,11564,LD,Ocasional LD/AV,Ocas.,ALVIA,Par (↓ Sur/Destino),71801,Barcelona-Sants,80100,Pamplona/Iruña,5,Barcelona-Sants > Camp de Tarragona > Lleida-Pirineus > Zaragoza Delicias > Pamplona/Iruña
2026-06-21,12100,MD,Media Distancia,Área Norte,REGIONAL,Par (↓ Sur/Destino),15410,Gijón-Sanz Crespo,10600,Valladolid-Campo Grande,32,Gijón-Sanz Crespo > Calzada de Asturias > Oviedo > Llamaquique > Mieres-Puente > Ujo > Pola de Lena > Campomanes > Puente de los Fierros > Linares-Congostinas > Busdongo > Villamanín > Santa Lucía > La Pola de Gordón > La Robla > León > Palanquinos > El Burgo Ranero > Sahagún > Grajal > Villada > Paredes de Nava > Becerril > Grijota > Palencia > Venta de Baños > Dueñas > Cubillas de Santa Marta > Corcos-Aguilarejo > Cabezón del Pisuerga > Valladolid Universidad > Valladolid-Campo Grande
2026-06-21,12101,MD,Media Distancia,Área Norte,REGIONAL,Impar (↑ Norte/Origen),10600,Valladolid-Campo Grande,15410,Gijón-Sanz Crespo,28,Valladolid-Campo Grande > Valladolid Universidad > Cabezón del Pisuerga > Dueñas > Venta de Baños > Palencia > Paredes de Nava > Villada > Grajal > Sahagún > El Burgo Ranero > Palanquinos > León > La Robla > La Pola de Gordón > Santa Lucía > Villamanín > Busdongo > Linares-Congostinas > Puente de los Fierros > Campomanes > Pola de Lena > Ujo > Mieres-Puente > Llamaquique > Oviedo > Calzada de Asturias > Gijón-Sanz Crespo
2026-06-21,12102,MD,Media Distancia,Área Norte,REGIONAL,Par (↓ Sur/Destino),15410,Gijón-Sanz Crespo,15100,León,16,Gijón-Sanz Crespo > Calzada de Asturias > Oviedo > Llamaquique > Mieres-Puente > Ujo > Pola de Lena > Campomanes > Puente de los Fierros > Linares-Congostinas > Busdongo > Villamanín > Santa Lucía > La Pola de Gordón > La Robla > León
2026-06-21,12411,MD,Media Distancia,Área Norte,REGIONAL,Impar (↑ Norte/Origen),31412,A Coruña,22308,Vigo-Guixar,12,A Coruña > Cerceda-Meirama > Santiago de Compostela-Daniel Castelao > Padrón > Pontecesures > Catoira > Vilagarcía de Arousa > Pontevedra > Arcade > Redondela-Picota > Redondela > Vigo-Guixar
2026-06-21,12421,MD,Media Distancia,Área Norte,REGIONAL,Impar (↑ Norte/Origen),31412,A Coruña,22308,Vigo-Guixar,14,A Coruña > Uxes > Cerceda-Meirama > Ordes > Santiago de Compostela-Daniel Castelao > Padrón > Pontecesures > Catoira > Vilagarcía de Arousa > Pontevedra > Arcade > Redondela-Picota > Redondela > Vigo-Guixar
2026-06-21,12431,MD,Media Distancia,Área Norte,REGIONAL,Impar (↑ Norte/Origen),31412,A Coruña,22308,Vigo-Guixar,14,A Coruña > Uxes > Cerceda-Meirama > Ordes > Santiago de Compostela-Daniel Castelao > Padrón > Pontecesures > Catoira > Vilagarcía de Arousa > Pontevedra > Arcade > Redondela-Picota > Redondela > Vigo-Guixar
2026-06-21,12441,MD,Media Distancia,Área Norte,REGIONAL,Impar (↑ Norte/Origen),31412,A Coruña,22308,Vigo-Guixar,16,A Coruña > Uxes > Cerceda-Meirama > Ordes > Santiago de Compostela-Daniel Castelao > Osebe > Padrón > Pontecesures > Catoira > Vilagarcía de Arousa > Portela > Pontevedra > Arcade > Redondela-Picota > Redondela > Vigo-Guixar
2026-06-21,12451,MD,Media Distancia,Área Norte,REGIONAL,Impar (↑ Norte/Origen),31400,Santiago de Compostela-Daniel Castelao,23008,Vilagarcía de Arousa,4,Santiago de Compostela-Daniel Castelao > Padrón > Pontecesures > Vilagarcía de Arousa
2026-06-21,12453,MD,Media Distancia,Área Norte,REGIONAL,Impar (↑ Norte/Origen),31412,A Coruña,22308,Vigo-Guixar,15,A Coruña > Uxes > Cerceda-Meirama > Ordes > Santiago de Compostela-Daniel Castelao > Padrón > Pontecesures > Catoira > Vilagarcía de Arousa > Pontevedra Universidad > Pontevedra > Arcade > Redondela-Picota > Redondela > Vigo-Guixar
2026-06-21,12455,MD,Media Distancia,Área Norte,REGIONAL,Impar (↑ Norte/Origen),31400,Santiago de Compostela-Daniel Castelao,22308,Vigo-Guixar,11,Santiago de Compostela-Daniel Castelao > Padrón > Pontecesures > Catoira > Vilagarcía de Arousa > Pontevedra > Arcade > Cesantes > Redondela-Picota > Redondela > Vigo-Guixar
2026-06-21,12457,MD,Media Distancia,Área Norte,REGIONAL,Impar (↑ Norte/Origen),31400,Santiago de Compostela-Daniel Castelao,23008,Vilagarcía de Arousa,4,Santiago de Compostela-Daniel Castelao > Padrón > Pontecesures > Vilagarcía de Arousa
2026-06-21,12459,MD,Media Distancia,Área Norte,REGIONAL,Impar (↑ Norte/Origen),31400,Santiago de Compostela-Daniel Castelao,22308,Vigo-Guixar,10,Santiago de Compostela-Daniel Castelao > Padrón > Pontecesures > Catoira > Vilagarcía de Arousa > Pontevedra > Arcade > Redondela-Picota > Redondela > Vigo-Guixar
2026-06-21,12461,MD,Media Distancia,Área Norte,REGIONAL,Impar (↑ Norte/Origen),31400,Santiago de Compostela-Daniel Castelao,22308,Vigo-Guixar,11,Santiago de Compostela-Daniel Castelao > Santiago-Turístico > Padrón > Pontecesures > Catoira > Vilagarcía de Arousa > Pontevedra > Arcade > Redondela-Picota > Redondela > Vigo-Guixar
2026-06-21,12480,MD,Media Distancia,Área Norte,REGIONAL,Par (↓ Sur/Destino),22308,Vigo-Guixar,31400,Santiago de Compostela-Daniel Castelao,10,Vigo-Guixar > Redondela > Redondela-Picota > Arcade > Pontevedra > Vilagarcía de Arousa > Catoira > Pontecesures > Padrón > Santiago de Compostela-Daniel Castelao
2026-06-21,12482,MD,Media Distancia,Área Norte,REGIONAL,Par (↓ Sur/Destino),23008,Vilagarcía de Arousa,31400,Santiago de Compostela-Daniel Castelao,4,Vilagarcía de Arousa > Pontecesures > Padrón > Santiago de Compostela-Daniel Castelao
2026-06-21,12484,MD,Media Distancia,Área Norte,REGIONAL,Par (↓ Sur/Destino),22308,Vigo-Guixar,31400,Santiago de Compostela-Daniel Castelao,7,Vigo-Guixar > Redondela > Pontevedra > Vilagarcía de Arousa > Pontecesures > Padrón > Santiago de Compostela-Daniel Castelao
2026-06-21,12488,MD,Media Distancia,Área Norte,REGIONAL,Par (↓ Sur/Destino),22308,Vigo-Guixar,31400,Santiago de Compostela-Daniel Castelao,13,Vigo-Guixar > Redondela > Redondela-Picota > Cesantes > Arcade > Pontevedra > Portela > Vilagarcía de Arousa > Catoira > Pontecesures > Padrón > Osebe > Santiago de Compostela-Daniel Castelao
2026-06-21,12512,MD,Media Distancia,Área Norte,REGIONAL,Par (↓ Sur/Destino),08223,Vigo Urzaiz,31412,A Coruña,13,Vigo Urzaiz > Redondela AV > Arcade > Pontevedra > Vilagarcía de Arousa > Catoira > Pontecesures > Padrón > Santiago de Compostela-Daniel Castelao > Ordes > Cerceda-Meirama > Uxes > A Coruña
2026-06-21,12526,MD,Media Distancia,Área Norte,REGIONAL,Par (↓ Sur/Destino),22308,Vigo-Guixar,31412,A Coruña,14,Vigo-Guixar > Redondela > Redondela-Picota > Arcade > Pontevedra > Pontevedra Universidad > Vilagarcía de Arousa > Catoira > Pontecesures > Padrón > Santiago de Compostela-Daniel Castelao > Cerceda-Meirama > Uxes > A Coruña
2026-06-21,12528,MD,Media Distancia,Área Norte,REGIONAL,Par (↓ Sur/Destino),22308,Vigo-Guixar,31412,A Coruña,14,Vigo-Guixar > Redondela > Redondela-Picota > Arcade > Pontevedra > Vilagarcía de Arousa > Catoira > Pontecesures > Padrón > Santiago de Compostela-Daniel Castelao > Ordes > Cerceda-Meirama > Uxes > A Coruña
2026-06-21,12538,MD,Media Distancia,Área Norte,REGIONAL,Par (↓ Sur/Destino),22308,Vigo-Guixar,31412,A Coruña,15,Vigo-Guixar > Redondela > Redondela-Picota > Arcade > Pontevedra > Pontevedra Universidad > Vilagarcía de Arousa > Catoira > Pontecesures > Padrón > Santiago de Compostela-Daniel Castelao > Ordes > Cerceda-Meirama > Uxes > A Coruña
2026-06-21,12554,MD,Media Distancia,Área Norte,REGIONAL,Par (↓ Sur/Destino),22308,Vigo-Guixar,31412,A Coruña,13,Vigo-Guixar > Redondela > Redondela-Picota > Arcade > Pontevedra > Vilagarcía de Arousa > Catoira > Pontecesures > Padrón > Santiago de Compostela-Daniel Castelao > Santiago-Turístico > Cerceda-Meirama > A Coruña
2026-06-21,12560,MD,Media Distancia,Área Norte,REGIONAL,Par (↓ Sur/Destino),31400,Santiago de Compostela-Daniel Castelao,31412,A Coruña,5,Santiago de Compostela-Daniel Castelao > Ordes > Cerceda-Meirama > Uxes > A Coruña
2026-06-21,12561,MD,Media Distancia,Área Norte,REGIONAL,Impar (↑ Norte/Origen),31412,A Coruña,31400,Santiago de Compostela-Daniel Castelao,5,A Coruña > A Coruña-Turístico > Uxes > Cerceda-Meirama > Santiago de Compostela-Daniel Castelao
2026-06-21,12590,MD,Media Distancia,Área Norte,REGIONAL,Par (↓ Sur/Destino),23008,Vilagarcía de Arousa,31400,Santiago de Compostela-Daniel Castelao,4,Vilagarcía de Arousa > Pontecesures > Padrón > Santiago de Compostela-Daniel Castelao
2026-06-21,12600,MD,Media Distancia,Área Norte,REG.EXP.,Par (↓ Sur/Destino),20200,Ponferrada,15100,León,15,Ponferrada > San Miguel de las Dueñas > Bembibre > Torre del Bierzo > La Granja > Brañuelas > Porqueros > Vega-Magaz > Astorga > Nistal > Barrientos > Veguellina > Villavante > Quintana-Raneros > León
2026-06-21,12601,MD,Media Distancia,Área Norte,REG.EXP.,Impar (↑ Norte/Origen),15100,León,20200,Ponferrada,15,León > Quintana-Raneros > Villavante > Veguellina > Barrientos > Nistal > Astorga > Vega-Magaz > Porqueros > Brañuelas > La Granja > Torre del Bierzo > Bembibre > San Miguel de las Dueñas > Ponferrada
2026-06-21,12602,MD,Media Distancia,Área Norte,REG.EXP.,Par (↓ Sur/Destino),20200,Ponferrada,10600,Valladolid-Campo Grande,28,Ponferrada > San Miguel de las Dueñas > Bembibre > La Granja > Brañuelas > Porqueros > Vega-Magaz > Astorga > Nistal > Barrientos > Veguellina > Villavante > Quintana-Raneros > León > Palanquinos > El Burgo Ranero > Sahagún > Grajal > Villada > Paredes de Nava > Becerril > Grijota > Palencia > Venta de Baños > Dueñas > Cabezón del Pisuerga > Valladolid Universidad > Valladolid-Campo Grande
2026-06-21,12602,MD,Media Distancia,Área Norte,REG.EXP.,Par (↓ Sur/Destino),15100,León,10600,Valladolid-Campo Grande,15,León > Palanquinos > El Burgo Ranero > Sahagún > Grajal > Villada > Paredes de Nava > Becerril > Grijota > Palencia > Venta de Baños > Dueñas > Cabezón del Pisuerga > Valladolid Universidad > Valladolid-Campo Grande
2026-06-21,12603,MD,Media Distancia,Área Norte,REG.EXP.,Impar (↑ Norte/Origen),15100,León,20200,Ponferrada,14,León > Quintana-Raneros > Villavante > Veguellina > Barrientos > Nistal > Astorga > Vega-Magaz > Porqueros > Brañuelas > La Granja > Bembibre > San Miguel de las Dueñas > Ponferrada
2026-06-21,12604,MD,Media Distancia,Área Norte,REG.EXP.,Par (↓ Sur/Destino),20200,Ponferrada,15100,León,10,Ponferrada > San Miguel de las Dueñas > Bembibre > Torre del Bierzo > Brañuelas > Porqueros > Vega-Magaz > Astorga > Veguellina > León
2026-06-21,12607,MD,Media Distancia,Área Norte,REG.EXP.,Impar (↑ Norte/Origen),20200,Ponferrada,22308,Vigo-Guixar,23,Ponferrada > Toral de los Vados > Covas > Quereño > Sobradelo > O Barco de Valdeorras > Vilamartín de Valdeorras > A Rúa-Petín > San Clodio-Quiroga > Monforte de Lemos > Ourense > Barbantes > Ribadavia > Filgueira > Frieira > Arbo > As Neves > Salvaterra > Caldelas > Guillarei > O Porriño > Redondela > Vigo-Guixar
2026-06-21,12608,MD,Media Distancia,Área Norte,REG.EXP.,Par (↓ Sur/Destino),22308,Vigo-Guixar,20200,Ponferrada,33,Vigo-Guixar > Redondela > O Porriño > Guillarei > Caldelas > Salvaterra > As Neves > Sela > Arbo > Pousa-Crecente > Frieira > Filgueira > Ribadavia > Ourense > Barra de Miño > Os Peares > San Pedro Do Sil > Santo Estevo Do Sil > Areas > Canaval > Monforte de Lemos > A Pobra Do Brollón > San Clodio-Quiroga > Montefurado > A Rúa-Petín > Vilamartín de Valdeorras > O Barco de Valdeorras > Sobradelo > Quereño > Covas > Toral de los Vados > Villadepalos > Ponferrada
2026-06-21,12611,MD,Media Distancia,Área Norte,REG.EXP.,Impar (↑ Norte/Origen),20200,Ponferrada,22100,Ourense,19,Ponferrada > Villadepalos > Toral de los Vados > Covas > Quereño > Sobradelo > O Barco de Valdeorras > Vilamartín de Valdeorras > A Rúa-Petín > Montefurado > San Clodio-Quiroga > Monforte de Lemos > Canaval > Areas > Santo Estevo Do Sil > San Pedro Do Sil > Os Peares > Barra de Miño > Ourense
2026-06-21,12613,MD,Media Distancia,Área Norte,REG.EXP.,Impar (↑ Norte/Origen),15100,León,20200,Ponferrada,15,León > Quintana-Raneros > Villavante > Veguellina > Barrientos > Nistal > Astorga > Vega-Magaz > Porqueros > Brañuelas > La Granja > Torre del Bierzo > Bembibre > San Miguel de las Dueñas > Ponferrada
2026-06-21,12614,MD,Media Distancia,Área Norte,REG.EXP.,Par (↓ Sur/Destino),22308,Vigo-Guixar,20200,Ponferrada,22,Vigo-Guixar > Redondela > O Porriño > Guillarei > Caldelas > Salvaterra > As Neves > Arbo > Frieira > Filgueira > Ribadavia > Barbantes > Ourense > Monforte de Lemos > San Clodio-Quiroga > A Rúa-Petín > Vilamartín de Valdeorras > O Barco de Valdeorras > Sobradelo > Quereño > Toral de los Vados > Ponferrada
2026-06-21,12623,MD,Media Distancia,Área Norte,REG.EXP.,Impar (↑ Norte/Origen),22100,Ourense,22308,Vigo-Guixar,14,Ourense > Ribadavia > Filgueira > Frieira > Pousa-Crecente > Arbo > Sela > As Neves > Salvaterra > Caldelas > Guillarei > O Porriño > Redondela > Vigo-Guixar
2026-06-21,12641,MD,Media Distancia,Área Norte,MD,Impar (↑ Norte/Origen),20300,Monforte de Lemos,31412,A Coruña,19,Monforte de Lemos > Sarria > Pedrelo-Céltigos > Lugo > Rábade > Baamonde > Parga > Guitiriz > Teixeiro > Curtis > Piñoi > Cesuras > Oza Dos Ríos > Betanzos-Infesta > Cecebre > Cambre > O Burgo-Santiago > Elviña-Universidade > A Coruña
2026-06-21,12642,MD,Media Distancia,Área Norte,MD,Par (↓ Sur/Destino),31412,A Coruña,20300,Monforte de Lemos,19,A Coruña > Elviña-Universidade > O Burgo-Santiago > Cambre > Cecebre > Betanzos-Infesta > Oza Dos Ríos > Cesuras > Piñoi > Curtis > Teixeiro > Guitiriz > Parga > Baamonde > Rábade > Lugo > Pedrelo-Céltigos > Sarria > Monforte de Lemos
2026-06-21,12644,MD,Media Distancia,Área Norte,MD,Par (↓ Sur/Destino),31412,A Coruña,22100,Ourense,20,A Coruña > Elviña-Universidade > O Burgo-Santiago > Cambre > Cecebre > Betanzos-Infesta > Oza Dos Ríos > Cesuras > Piñoi > Curtis > Teixeiro > Guitiriz > Parga > Baamonde > Rábade > Lugo > Pedrelo-Céltigos > Sarria > Monforte de Lemos > Ourense
2026-06-21,12646,MD,Media Distancia,Área Norte,MD,Par (↓ Sur/Destino),22100,Ourense,31412,A Coruña,20,Ourense > Monforte de Lemos > Sarria > Pedrelo-Céltigos > Lugo > Rábade > Baamonde > Parga > Guitiriz > Teixeiro > Curtis > Piñoi > Cesuras > Oza Dos Ríos > Betanzos-Infesta > Cecebre > Cambre > O Burgo-Santiago > Elviña-Universidade > A Coruña
2026-06-21,12680,MD,Media Distancia,Área Norte,MD,Par (↓ Sur/Destino),31412,A Coruña,21010,Ferrol,13,A Coruña > Elviña-Universidade > O Burgo-Santiago > Cambre > Cecebre > Betanzos-Infesta > Betanzos-Cidade > Miño > Perbes > Pontedeume > Cabanas > Perlío > Ferrol
2026-06-21,12681,MD,Media Distancia,Área Norte,MD,Impar (↑ Norte/Origen),21010,Ferrol,31412,A Coruña,8,Ferrol > Cabanas > Pontedeume > Betanzos-Cidade > Betanzos-Infesta > O Burgo-Santiago > Elviña-Universidade > A Coruña
2026-06-21,12682,MD,Media Distancia,Área Norte,MD,Par (↓ Sur/Destino),31412,A Coruña,21010,Ferrol,13,A Coruña > Elviña-Universidade > O Burgo-Santiago > Cambre > Cecebre > Betanzos-Infesta > Betanzos-Cidade > Miño > Perbes > Pontedeume > Cabanas > Perlío > Ferrol
2026-06-21,12683,MD,Media Distancia,Área Norte,MD,Impar (↑ Norte/Origen),21010,Ferrol,31412,A Coruña,13,Ferrol > Neda > Perlío > Barallobre > Cabanas > Pontedeume > Perbes > Miño > Betanzos-Cidade > Betanzos-Infesta > O Burgo-Santiago > Elviña-Universidade > A Coruña
2026-06-21,12684,MD,Media Distancia,Área Norte,MD,Par (↓ Sur/Destino),31412,A Coruña,21010,Ferrol,13,A Coruña > Elviña-Universidade > O Burgo-Santiago > Betanzos-Infesta > Betanzos-Cidade > Miño > Perbes > Pontedeume > Cabanas > Barallobre > Perlío > Neda > Ferrol
2026-06-21,12685,MD,Media Distancia,Área Norte,MD,Impar (↑ Norte/Origen),21010,Ferrol,31412,A Coruña,11,Ferrol > Perlío > Cabanas > Pontedeume > Perbes > Miño > Betanzos-Cidade > Betanzos-Infesta > O Burgo-Santiago > Elviña-Universidade > A Coruña
2026-06-21,12687,MD,Media Distancia,Área Norte,MD,Impar (↑ Norte/Origen),21010,Ferrol,31412,A Coruña,13,Ferrol > Perlío > Cabanas > Pontedeume > Perbes > Miño > Betanzos-Cidade > Betanzos-Infesta > Cecebre > Cambre > O Burgo-Santiago > Elviña-Universidade > A Coruña
2026-06-21,12689,MD,Media Distancia,Área Norte,MD,Impar (↑ Norte/Origen),21010,Ferrol,31412,A Coruña,5,Ferrol > Pontedeume > Betanzos-Cidade > Betanzos-Infesta > A Coruña
2026-06-21,12690,MD,Media Distancia,Área Norte,MD,Par (↓ Sur/Destino),31412,A Coruña,21010,Ferrol,11,A Coruña > Elviña-Universidade > O Burgo-Santiago > Betanzos-Infesta > Betanzos-Cidade > Miño > Perbes > Pontedeume > Cabanas > Perlío > Ferrol
2026-06-21,12692,MD,Media Distancia,Área Norte,MD,Par (↓ Sur/Destino),31412,A Coruña,21010,Ferrol,5,A Coruña > Betanzos-Infesta > Betanzos-Cidade > Pontedeume > Ferrol
2026-06-21,12694,MD,Media Distancia,Área Norte,MD,Par (↓ Sur/Destino),22100,Ourense,20309,Lugo,4,Ourense > Monforte de Lemos > Sarria > Lugo
2026-06-21,12696,MD,Media Distancia,Área Norte,MD,Par (↓ Sur/Destino),20309,Lugo,22100,Ourense,4,Lugo > Sarria > Monforte de Lemos > Ourense
2026-06-21,12960,MD,Media Distancia,Área Norte,REGIONAL,Par (↓ Sur/Destino),22100,Ourense,31400,Santiago de Compostela-Daniel Castelao,6,Ourense > A Friela-Maside > O Carballiño > O Irixo > Lalín > Santiago de Compostela-Daniel Castelao
2026-06-21,12961,MD,Media Distancia,Área Norte,REGIONAL,Impar (↑ Norte/Origen),31304,O Carballiño,22100,Ourense,2,O Carballiño > Ourense
2026-06-21,12962,MD,Media Distancia,Área Norte,REGIONAL,Par (↓ Sur/Destino),22100,Ourense,31304,O Carballiño,2,Ourense > O Carballiño
2026-06-21,12963,MD,Media Distancia,Área Norte,REGIONAL,Impar (↑ Norte/Origen),31304,O Carballiño,22100,Ourense,2,O Carballiño > Ourense
2026-06-21,12967,MD,Media Distancia,Área Norte,REGIONAL,Impar (↑ Norte/Origen),31400,Santiago de Compostela-Daniel Castelao,22100,Ourense,6,Santiago de Compostela-Daniel Castelao > Lalín > O Irixo > O Carballiño > A Friela-Maside > Ourense
2026-06-21,12968,MD,Media Distancia,Área Norte,REGIONAL,Par (↓ Sur/Destino),22100,Ourense,31304,O Carballiño,2,Ourense > O Carballiño
2026-06-21,13000,MD,Media Distancia,Área Sur,MD,Par (↓ Sur/Destino),51003,Sevilla-Santa Justa,51405,Cádiz,12,Sevilla-Santa Justa > San Bernardo > Virgen del Rocío > Dos Hermanas > Utrera > Lebrija > Aeropuerto de Jerez > Jerez de la Frontera > Puerto de Santa María > Puerto Real > San Fernando-Bahía Sur > Cádiz
2026-06-21,13001,MD,Media Distancia,Área Sur,MD,Impar (↑ Norte/Origen),51405,Cádiz,03100,Jaén,21,Cádiz > Segunda Aguada > Cádiz-Estadio > San Fernando-Bahía Sur > Puerto Real > Puerto de Santa María > Jerez de la Frontera > Aeropuerto de Jerez > Lebrija > Las Cabezas de San Juan > Utrera > Dos Hermanas > Virgen del Rocío > San Bernardo > Sevilla-Santa Justa > Lora del Río > Peñaflor > Palma del Río > Posadas > Córdoba-Julio Anguita > Jaén
2026-06-21,13002,MD,Media Distancia,Área Sur,MD,Par (↓ Sur/Destino),51003,Sevilla-Santa Justa,51405,Cádiz,9,Sevilla-Santa Justa > San Bernardo > Dos Hermanas > Lebrija > Jerez de la Frontera > Puerto de Santa María > Puerto Real > San Fernando-Bahía Sur > Cádiz
2026-06-21,13003,MD,Media Distancia,Área Sur,MD,Impar (↑ Norte/Origen),51405,Cádiz,50500,Córdoba-Julio Anguita,18,Cádiz > San Fernando-Bahía Sur > Puerto Real > Puerto de Santa María > Jerez de la Frontera > Aeropuerto de Jerez > Lebrija > Las Cabezas de San Juan > Utrera > Dos Hermanas > Virgen del Rocío > San Bernardo > Sevilla-Santa Justa > Lora del Río > Peñaflor > Palma del Río > Posadas > Córdoba-Julio Anguita
2026-06-21,13003,MD,Media Distancia,Área Sur,MD,Impar (↑ Norte/Origen),51405,Cádiz,03100,Jaén,19,Cádiz > San Fernando-Bahía Sur > Puerto Real > Puerto de Santa María > Jerez de la Frontera > Aeropuerto de Jerez > Lebrija > Las Cabezas de San Juan > Utrera > Dos Hermanas > Virgen del Rocío > San Bernardo > Sevilla-Santa Justa > Lora del Río > Peñaflor > Palma del Río > Posadas > Córdoba-Julio Anguita > Jaén
2026-06-21,13005,MD,Media Distancia,Área Sur,MD,Impar (↑ Norte/Origen),51405,Cádiz,51003,Sevilla-Santa Justa,8,Cádiz > San Fernando-Bahía Sur > Puerto de Santa María > Jerez de la Frontera > Lebrija > Dos Hermanas > San Bernardo > Sevilla-Santa Justa
2026-06-21,13007,MD,Media Distancia,Área Sur,MD,Impar (↑ Norte/Origen),51405,Cádiz,51003,Sevilla-Santa Justa,10,Cádiz > San Fernando-Bahía Sur > Puerto Real > Puerto de Santa María > Jerez de la Frontera > Aeropuerto de Jerez > Lebrija > Dos Hermanas > San Bernardo > Sevilla-Santa Justa
2026-06-21,13008,MD,Media Distancia,Área Sur,MD,Par (↓ Sur/Destino),51003,Sevilla-Santa Justa,51405,Cádiz,12,Sevilla-Santa Justa > San Bernardo > Dos Hermanas > Utrera > Las Cabezas de San Juan > Lebrija > Aeropuerto de Jerez > Jerez de la Frontera > Puerto de Santa María > Puerto Real > San Fernando-Bahía Sur > Cádiz
2026-06-21,13009,MD,Media Distancia,Área Sur,MD,Impar (↑ Norte/Origen),51405,Cádiz,03100,Jaén,17,Cádiz > San Fernando-Bahía Sur > Puerto Real > Puerto de Santa María > Jerez de la Frontera > Aeropuerto de Jerez > Lebrija > Utrera > Dos Hermanas > San Bernardo > Sevilla-Santa Justa > Lora del Río > Peñaflor > Palma del Río > Posadas > Córdoba-Julio Anguita > Jaén
2026-06-21,13010,MD,Media Distancia,Área Sur,MD,Par (↓ Sur/Destino),51003,Sevilla-Santa Justa,51405,Cádiz,11,Sevilla-Santa Justa > San Bernardo > Virgen del Rocío > Dos Hermanas > Lebrija > Aeropuerto de Jerez > Jerez de la Frontera > Puerto de Santa María > Puerto Real > San Fernando-Bahía Sur > Cádiz
2026-06-21,13011,MD,Media Distancia,Área Sur,MD,Impar (↑ Norte/Origen),51405,Cádiz,03100,Jaén,17,Cádiz > San Fernando-Bahía Sur > Puerto Real > Puerto de Santa María > Jerez de la Frontera > Lebrija > Utrera > Dos Hermanas > Virgen del Rocío > San Bernardo > Sevilla-Santa Justa > Lora del Río > Peñaflor > Palma del Río > Posadas > Córdoba-Julio Anguita > Jaén
2026-06-21,13011,MD,Media Distancia,Área Sur,MD,Impar (↑ Norte/Origen),51003,Sevilla-Santa Justa,03100,Jaén,7,Sevilla-Santa Justa > Lora del Río > Peñaflor > Palma del Río > Posadas > Córdoba-Julio Anguita > Jaén
2026-06-21,13013,MD,Media Distancia,Área Sur,MD,Impar (↑ Norte/Origen),51405,Cádiz,51003,Sevilla-Santa Justa,10,Cádiz > San Fernando-Bahía Sur > Puerto Real > Puerto de Santa María > Jerez de la Frontera > Aeropuerto de Jerez > Lebrija > Dos Hermanas > San Bernardo > Sevilla-Santa Justa
2026-06-21,13014,MD,Media Distancia,Área Sur,MD,Par (↓ Sur/Destino),51003,Sevilla-Santa Justa,51405,Cádiz,9,Sevilla-Santa Justa > San Bernardo > Dos Hermanas > Lebrija > Aeropuerto de Jerez > Jerez de la Frontera > Puerto de Santa María > San Fernando-Bahía Sur > Cádiz
2026-06-21,13015,MD,Media Distancia,Área Sur,MD,Impar (↑ Norte/Origen),51405,Cádiz,50500,Córdoba-Julio Anguita,17,Cádiz > San Fernando-Bahía Sur > Puerto Real > Puerto de Santa María > Jerez de la Frontera > Aeropuerto de Jerez > Lebrija > Las Cabezas de San Juan > Utrera > Dos Hermanas > San Bernardo > Sevilla-Santa Justa > Lora del Río > Peñaflor > Palma del Río > Posadas > Córdoba-Julio Anguita
2026-06-21,13017,MD,Media Distancia,Área Sur,MD,Impar (↑ Norte/Origen),51405,Cádiz,03100,Jaén,16,Cádiz > San Fernando-Bahía Sur > Puerto de Santa María > Jerez de la Frontera > Aeropuerto de Jerez > Lebrija > Utrera > Dos Hermanas > San Bernardo > Sevilla-Santa Justa > Lora del Río > Peñaflor > Palma del Río > Posadas > Córdoba-Julio Anguita > Jaén
2026-06-21,13019,MD,Media Distancia,Área Sur,MD,Impar (↑ Norte/Origen),51405,Cádiz,51003,Sevilla-Santa Justa,12,Cádiz > Cádiz-Estadio > San Fernando-Bahía Sur > Puerto Real > Puerto de Santa María > Jerez de la Frontera > Lebrija > Las Cabezas de San Juan > Utrera > Dos Hermanas > San Bernardo > Sevilla-Santa Justa
2026-06-21,13020,MD,Media Distancia,Área Sur,MD,Par (↓ Sur/Destino),50500,Córdoba-Julio Anguita,51405,Cádiz,16,Córdoba-Julio Anguita > Posadas > Palma del Río > Peñaflor > Lora del Río > Sevilla-Santa Justa > San Bernardo > Dos Hermanas > Utrera > Lebrija > Jerez de la Frontera > Puerto de Santa María > Puerto Real > San Fernando-Bahía Sur > Cádiz-Estadio > Cádiz
2026-06-21,13021,MD,Media Distancia,Área Sur,MD,Impar (↑ Norte/Origen),51405,Cádiz,51003,Sevilla-Santa Justa,10,Cádiz > Cádiz-Estadio > San Fernando-Bahía Sur > Puerto de Santa María > Jerez de la Frontera > Lebrija > Utrera > Dos Hermanas > San Bernardo > Sevilla-Santa Justa
2026-06-21,13030,MD,Media Distancia,Área Sur,MD,Par (↓ Sur/Destino),50500,Córdoba-Julio Anguita,51405,Cádiz,18,Córdoba-Julio Anguita > Posadas > Palma del Río > Peñaflor > Lora del Río > Sevilla-Santa Justa > San Bernardo > Dos Hermanas > Utrera > Las Cabezas de San Juan > Lebrija > Aeropuerto de Jerez > Jerez de la Frontera > Puerto de Santa María > Puerto Real > San Fernando-Bahía Sur > Cádiz-Estadio > Cádiz
2026-06-21,13030,MD,Media Distancia,Área Sur,MD,Par (↓ Sur/Destino),51003,Sevilla-Santa Justa,51405,Cádiz,13,Sevilla-Santa Justa > San Bernardo > Dos Hermanas > Utrera > Las Cabezas de San Juan > Lebrija > Aeropuerto de Jerez > Jerez de la Frontera > Puerto de Santa María > Puerto Real > San Fernando-Bahía Sur > Cádiz-Estadio > Cádiz
2026-06-21,13031,MD,Media Distancia,Área Sur,MD,Impar (↑ Norte/Origen),51405,Cádiz,50500,Córdoba-Julio Anguita,14,Cádiz > San Fernando-Bahía Sur > Puerto de Santa María > Jerez de la Frontera > Aeropuerto de Jerez > Lebrija > Dos Hermanas > San Bernardo > Sevilla-Santa Justa > Lora del Río > Peñaflor > Palma del Río > Posadas > Córdoba-Julio Anguita
2026-06-21,13032,MD,Media Distancia,Área Sur,MD,Par (↓ Sur/Destino),50500,Córdoba-Julio Anguita,51405,Cádiz,16,Córdoba-Julio Anguita > Posadas > Palma del Río > Peñaflor > Lora del Río > Sevilla-Santa Justa > San Bernardo > Virgen del Rocío > Dos Hermanas > Utrera > Las Cabezas de San Juan > Lebrija > Jerez de la Frontera > Puerto de Santa María > San Fernando-Bahía Sur > Cádiz
2026-06-21,13032,MD,Media Distancia,Área Sur,MD,Par (↓ Sur/Destino),50500,Córdoba-Julio Anguita,51003,Sevilla-Santa Justa,6,Córdoba-Julio Anguita > Posadas > Palma del Río > Peñaflor > Lora del Río > Sevilla-Santa Justa
2026-06-21,13035,MD,Media Distancia,Área Sur,MD,Impar (↑ Norte/Origen),03100,Jaén,51405,Cádiz,15,Jaén > Córdoba-Julio Anguita > Posadas > Palma del Río > Peñaflor > Lora del Río > Sevilla-Santa Justa > San Bernardo > Dos Hermanas > Utrera > Lebrija > Jerez de la Frontera > Puerto de Santa María > San Fernando-Bahía Sur > Cádiz
2026-06-21,13039,MD,Media Distancia,Área Sur,MD,Impar (↑ Norte/Origen),51003,Sevilla-Santa Justa,43019,Huelva,8,Sevilla-Santa Justa > Benacazón > Carrión de los Céspedes > Escacena > La Palma del Condado > Niebla-Puerta del Buey > San Juan del Puerto > Huelva
2026-06-21,13041,MD,Media Distancia,Área Sur,MD,Impar (↑ Norte/Origen),43019,Huelva,51003,Sevilla-Santa Justa,8,Huelva > San Juan del Puerto > Villarrasa > La Palma del Condado > Escacena > Carrión de los Céspedes > Benacazón > Sevilla-Santa Justa
2026-06-21,13043,MD,Media Distancia,Área Sur,MD,Impar (↑ Norte/Origen),43019,Huelva,51003,Sevilla-Santa Justa,8,Huelva > San Juan del Puerto > Niebla-Puerta del Buey > La Palma del Condado > Escacena > Carrión de los Céspedes > Benacazón > Sevilla-Santa Justa
2026-06-21,13045,MD,Media Distancia,Área Sur,MD,Impar (↑ Norte/Origen),43019,Huelva,51003,Sevilla-Santa Justa,8,Huelva > San Juan del Puerto > Niebla-Puerta del Buey > La Palma del Condado > Escacena > Carrión de los Céspedes > Benacazón > Sevilla-Santa Justa
2026-06-21,13049,MD,Media Distancia,Área Sur,MD,Impar (↑ Norte/Origen),43019,Huelva,51003,Sevilla-Santa Justa,8,Huelva > San Juan del Puerto > Niebla-Puerta del Buey > La Palma del Condado > Escacena > Carrión de los Céspedes > Benacazón > Sevilla-Santa Justa
2026-06-21,13051,MD,Media Distancia,Área Sur,MD,Impar (↑ Norte/Origen),01007,Osuna,51003,Sevilla-Santa Justa,8,Osuna > Marchena > Arahal > Dos Hermanas > Bellavista > Virgen del Rocío > San Bernardo > Sevilla-Santa Justa
2026-06-21,13052,MD,Media Distancia,Área Sur,MD,Par (↓ Sur/Destino),51003,Sevilla-Santa Justa,01007,Osuna,8,Sevilla-Santa Justa > San Bernardo > Virgen del Rocío > Bellavista > Dos Hermanas > Arahal > Marchena > Osuna
2026-06-21,13062,MD,Media Distancia,Área Sur,MD,Par (↓ Sur/Destino),02030,Antequera AV,55020,Algeciras,5,Antequera AV > Antequera-Santa Ana > Ronda > San Roque-La Línea > Algeciras
2026-06-21,13063,MD,Media Distancia,Área Sur,MD,Impar (↑ Norte/Origen),55020,Algeciras,02030,Antequera AV,5,Algeciras > San Roque-La Línea > Ronda > Antequera-Santa Ana > Antequera AV
2026-06-21,13064,MD,Media Distancia,Área Sur,MD,Par (↓ Sur/Destino),02030,Antequera AV,55020,Algeciras,5,Antequera AV > Antequera-Santa Ana > Ronda > San Roque-La Línea > Algeciras
2026-06-21,13065,MD,Media Distancia,Área Sur,MD,Impar (↑ Norte/Origen),55020,Algeciras,02030,Antequera AV,5,Algeciras > San Roque-La Línea > Ronda > Antequera-Santa Ana > Antequera AV
2026-06-21,13073,MD,Media Distancia,Área Sur,MD,Impar (↑ Norte/Origen),03100,Jaén,51405,Cádiz,19,Jaén > Córdoba-Julio Anguita > Posadas > Palma del Río > Peñaflor > Lora del Río > Sevilla-Santa Justa > San Bernardo > Dos Hermanas > Utrera > Lebrija > Aeropuerto de Jerez > Jerez de la Frontera > Puerto de Santa María > Puerto Real > San Fernando-Bahía Sur > Cádiz-Estadio > Segunda Aguada > Cádiz
2026-06-21,13076,MD,Media Distancia,Área Sur,MD,Par (↓ Sur/Destino),02030,Antequera AV,55020,Algeciras,5,Antequera AV > Antequera-Santa Ana > Ronda > San Roque-La Línea > Algeciras
2026-06-21,13077,MD,Media Distancia,Área Sur,MD,Impar (↑ Norte/Origen),55020,Algeciras,02030,Antequera AV,5,Algeciras > San Roque-La Línea > Ronda > Antequera-Santa Ana > Antequera AV
2026-06-21,13079,MD,Media Distancia,Área Sur,MD,Impar (↑ Norte/Origen),03100,Jaén,51405,Cádiz,17,Jaén > Córdoba-Julio Anguita > Posadas > Palma del Río > Peñaflor > Lora del Río > Sevilla-Santa Justa > San Bernardo > Dos Hermanas > Utrera > Lebrija > Aeropuerto de Jerez > Jerez de la Frontera > Puerto de Santa María > San Fernando-Bahía Sur > Cádiz-Estadio > Cádiz
2026-06-21,13083,MD,Media Distancia,Área Sur,MD,Impar (↑ Norte/Origen),03100,Jaén,51405,Cádiz,18,Jaén > Córdoba-Julio Anguita > Posadas > Palma del Río > Peñaflor > Lora del Río > Sevilla-Santa Justa > San Bernardo > Dos Hermanas > Utrera > Las Cabezas de San Juan > Lebrija > Aeropuerto de Jerez > Jerez de la Frontera > Puerto de Santa María > Puerto Real > San Fernando-Bahía Sur > Cádiz
2026-06-21,13084,MD,Media Distancia,Área Sur,MD,Par (↓ Sur/Destino),42008,Jabugo-Galaroza,43019,Huelva,10,Jabugo-Galaroza > Almonaster-Cortegana > Valdelamusa > El Tamujoso > Calañas > Los Milanos > El Cobujón > Belmonte > Gibraleón > Huelva
2026-06-21,13086,MD,Media Distancia,Área Sur,MD,Par (↓ Sur/Destino),40100,Zafra,43019,Huelva,10,Zafra > Fregenal de la Sierra > Cumbres Mayores > Jabugo-Galaroza > Almonaster-Cortegana > Valdelamusa > El Tamujoso > Calañas > Gibraleón > Huelva
2026-06-21,13087,MD,Media Distancia,Área Sur,MD,Impar (↑ Norte/Origen),43019,Huelva,40100,Zafra,10,Huelva > Gibraleón > Calañas > El Tamujoso > Valdelamusa > Almonaster-Cortegana > Jabugo-Galaroza > Cumbres Mayores > Fregenal de la Sierra > Zafra
2026-06-21,13089,MD,Media Distancia,Área Sur,MD,Impar (↑ Norte/Origen),43019,Huelva,42008,Jabugo-Galaroza,10,Huelva > Gibraleón > Belmonte > El Cobujón > Los Milanos > Calañas > El Tamujoso > Valdelamusa > Almonaster-Cortegana > Jabugo-Galaroza
2026-06-21,13089,MD,Media Distancia,Área Sur,MD,Impar (↑ Norte/Origen),43019,Huelva,40100,Zafra,13,Huelva > Gibraleón > Belmonte > El Cobujón > Los Milanos > Calañas > El Tamujoso > Valdelamusa > Almonaster-Cortegana > Jabugo-Galaroza > Cumbres Mayores > Fregenal de la Sierra > Zafra
2026-06-21,13095,MD,Media Distancia,Área Sur,MD,Impar (↑ Norte/Origen),51003,Sevilla-Santa Justa,43019,Huelva,8,Sevilla-Santa Justa > Benacazón > Carrión de los Céspedes > Escacena > La Palma del Condado > Villarrasa > San Juan del Puerto > Huelva
2026-06-21,13097,MD,Media Distancia,Área Sur,MD,Impar (↑ Norte/Origen),51003,Sevilla-Santa Justa,43019,Huelva,8,Sevilla-Santa Justa > Benacazón > Carrión de los Céspedes > Escacena > La Palma del Condado > Niebla-Puerta del Buey > San Juan del Puerto > Huelva
2026-06-21,13099,MD,Media Distancia,Área Sur,MD,Impar (↑ Norte/Origen),51003,Sevilla-Santa Justa,43019,Huelva,8,Sevilla-Santa Justa > Benacazón > Carrión de los Céspedes > Escacena > La Palma del Condado > Niebla-Puerta del Buey > San Juan del Puerto > Huelva
2026-06-21,13156,MD,Media Distancia,Área Sur,PROXIMDAD,Par (↓ Sur/Destino),54403,El Chorro-Caminito del Rey,54517,Málaga-Centro Alameda,11,El Chorro-Caminito del Rey > Las Mellizas > Álora > Pizarra > Aljaima > Cártama > Campanillas > Málaga-Los Prados > Victoria Kent > Málaga María Zambrano > Málaga-Centro Alameda
2026-06-21,13157,MD,Media Distancia,Área Sur,PROXIMDAD,Impar (↑ Norte/Origen),54517,Málaga-Centro Alameda,54403,El Chorro-Caminito del Rey,11,Málaga-Centro Alameda > Málaga María Zambrano > Victoria Kent > Málaga-Los Prados > Campanillas > Cártama > Aljaima > Pizarra > Álora > Las Mellizas > El Chorro-Caminito del Rey
2026-06-21,13168,MD,Media Distancia,Área Sur,PROXIMDAD,Par (↓ Sur/Destino),54403,El Chorro-Caminito del Rey,54517,Málaga-Centro Alameda,11,El Chorro-Caminito del Rey > Las Mellizas > Álora > Pizarra > Aljaima > Cártama > Campanillas > Málaga-Los Prados > Victoria Kent > Málaga María Zambrano > Málaga-Centro Alameda
2026-06-21,13169,MD,Media Distancia,Área Sur,PROXIMDAD,Impar (↑ Norte/Origen),54517,Málaga-Centro Alameda,54403,El Chorro-Caminito del Rey,11,Málaga-Centro Alameda > Málaga María Zambrano > Victoria Kent > Málaga-Los Prados > Campanillas > Cártama > Aljaima > Pizarra > Álora > Las Mellizas > El Chorro-Caminito del Rey
2026-06-21,13201,MD,Media Distancia,Área Sur,PROXIMDAD,Impar (↑ Norte/Origen),50506,Palma del Río,50413,Alcolea de Córdoba,7,Palma del Río > Posadas > Villarrubia de Córdoba > El Higuerón > Córdoba-Julio Anguita > Campus Universitario de Rabanales > Alcolea de Córdoba
2026-06-21,13202,MD,Media Distancia,Área Sur,PROXIMDAD,Par (↓ Sur/Destino),50407,Villa del Río,50506,Palma del Río,8,Villa del Río > Alcolea de Córdoba > Campus Universitario de Rabanales > Córdoba-Julio Anguita > El Higuerón > Villarrubia de Córdoba > Posadas > Palma del Río
2026-06-21,13203,MD,Media Distancia,Área Sur,PROXIMDAD,Impar (↑ Norte/Origen),50506,Palma del Río,50407,Villa del Río,8,Palma del Río > Posadas > Villarrubia de Córdoba > El Higuerón > Córdoba-Julio Anguita > Campus Universitario de Rabanales > Alcolea de Córdoba > Villa del Río
2026-06-21,13206,MD,Media Distancia,Área Sur,PROXIMDAD,Par (↓ Sur/Destino),50413,Alcolea de Córdoba,50502,Villarrubia de Córdoba,5,Alcolea de Córdoba > Campus Universitario de Rabanales > Córdoba-Julio Anguita > El Higuerón > Villarrubia de Córdoba
2026-06-21,13207,MD,Media Distancia,Área Sur,PROXIMDAD,Impar (↑ Norte/Origen),50502,Villarrubia de Córdoba,50413,Alcolea de Córdoba,5,Villarrubia de Córdoba > El Higuerón > Córdoba-Julio Anguita > Campus Universitario de Rabanales > Alcolea de Córdoba
2026-06-21,13208,MD,Media Distancia,Área Sur,PROXIMDAD,Par (↓ Sur/Destino),50407,Villa del Río,50502,Villarrubia de Córdoba,6,Villa del Río > Alcolea de Córdoba > Campus Universitario de Rabanales > Córdoba-Julio Anguita > El Higuerón > Villarrubia de Córdoba
2026-06-21,13209,MD,Media Distancia,Área Sur,PROXIMDAD,Impar (↑ Norte/Origen),50502,Villarrubia de Córdoba,50413,Alcolea de Córdoba,5,Villarrubia de Córdoba > El Higuerón > Córdoba-Julio Anguita > Campus Universitario de Rabanales > Alcolea de Córdoba
2026-06-21,13211,MD,Media Distancia,Área Sur,PROXIMDAD,Impar (↑ Norte/Origen),50502,Villarrubia de Córdoba,50413,Alcolea de Córdoba,5,Villarrubia de Córdoba > El Higuerón > Córdoba-Julio Anguita > Campus Universitario de Rabanales > Alcolea de Córdoba
2026-06-21,13212,MD,Media Distancia,Área Sur,PROXIMDAD,Par (↓ Sur/Destino),50413,Alcolea de Córdoba,50502,Villarrubia de Córdoba,5,Alcolea de Córdoba > Campus Universitario de Rabanales > Córdoba-Julio Anguita > El Higuerón > Villarrubia de Córdoba
2026-06-21,13213,MD,Media Distancia,Área Sur,PROXIMDAD,Impar (↑ Norte/Origen),50502,Villarrubia de Córdoba,50413,Alcolea de Córdoba,5,Villarrubia de Córdoba > El Higuerón > Córdoba-Julio Anguita > Campus Universitario de Rabanales > Alcolea de Córdoba
2026-06-21,13215,MD,Media Distancia,Área Sur,PROXIMDAD,Impar (↑ Norte/Origen),50500,Córdoba-Julio Anguita,50413,Alcolea de Córdoba,3,Córdoba-Julio Anguita > Campus Universitario de Rabanales > Alcolea de Córdoba
2026-06-21,13216,MD,Media Distancia,Área Sur,PROXIMDAD,Par (↓ Sur/Destino),50413,Alcolea de Córdoba,50502,Villarrubia de Córdoba,5,Alcolea de Córdoba > Campus Universitario de Rabanales > Córdoba-Julio Anguita > El Higuerón > Villarrubia de Córdoba
2026-06-21,13217,MD,Media Distancia,Área Sur,PROXIMDAD,Impar (↑ Norte/Origen),50502,Villarrubia de Córdoba,50500,Córdoba-Julio Anguita,3,Villarrubia de Córdoba > El Higuerón > Córdoba-Julio Anguita
2026-06-21,13218,MD,Media Distancia,Área Sur,PROXIMDAD,Par (↓ Sur/Destino),50413,Alcolea de Córdoba,50502,Villarrubia de Córdoba,5,Alcolea de Córdoba > Campus Universitario de Rabanales > Córdoba-Julio Anguita > El Higuerón > Villarrubia de Córdoba
2026-06-21,13219,MD,Media Distancia,Área Sur,PROXIMDAD,Impar (↑ Norte/Origen),50506,Palma del Río,50417,Campus Universitario de Rabanales,6,Palma del Río > Posadas > Villarrubia de Córdoba > El Higuerón > Córdoba-Julio Anguita > Campus Universitario de Rabanales
2026-06-21,13219,MD,Media Distancia,Área Sur,PROXIMDAD,Impar (↑ Norte/Origen),50506,Palma del Río,50500,Córdoba-Julio Anguita,5,Palma del Río > Posadas > Villarrubia de Córdoba > El Higuerón > Córdoba-Julio Anguita
2026-06-21,13221,MD,Media Distancia,Área Sur,PROXIMDAD,Impar (↑ Norte/Origen),50500,Córdoba-Julio Anguita,50407,Villa del Río,4,Córdoba-Julio Anguita > Campus Universitario de Rabanales > Alcolea de Córdoba > Villa del Río
2026-06-21,13222,MD,Media Distancia,Área Sur,PROXIMDAD,Par (↓ Sur/Destino),50417,Campus Universitario de Rabanales,50500,Córdoba-Julio Anguita,2,Campus Universitario de Rabanales > Córdoba-Julio Anguita
2026-06-21,13223,MD,Media Distancia,Área Sur,PROXIMDAD,Impar (↑ Norte/Origen),50506,Palma del Río,50413,Alcolea de Córdoba,7,Palma del Río > Posadas > Villarrubia de Córdoba > El Higuerón > Córdoba-Julio Anguita > Campus Universitario de Rabanales > Alcolea de Córdoba
2026-06-21,13224,MD,Media Distancia,Área Sur,PROXIMDAD,Par (↓ Sur/Destino),50413,Alcolea de Córdoba,50500,Córdoba-Julio Anguita,3,Alcolea de Córdoba > Campus Universitario de Rabanales > Córdoba-Julio Anguita
2026-06-21,13226,MD,Media Distancia,Área Sur,PROXIMDAD,Par (↓ Sur/Destino),50417,Campus Universitario de Rabanales,50502,Villarrubia de Córdoba,4,Campus Universitario de Rabanales > Córdoba-Julio Anguita > El Higuerón > Villarrubia de Córdoba
2026-06-21,13226,MD,Media Distancia,Área Sur,PROXIMDAD,Par (↓ Sur/Destino),50500,Córdoba-Julio Anguita,50502,Villarrubia de Córdoba,3,Córdoba-Julio Anguita > El Higuerón > Villarrubia de Córdoba
2026-06-21,13227,MD,Media Distancia,Área Sur,PROXIMDAD,Impar (↑ Norte/Origen),50502,Villarrubia de Córdoba,50413,Alcolea de Córdoba,5,Villarrubia de Córdoba > El Higuerón > Córdoba-Julio Anguita > Campus Universitario de Rabanales > Alcolea de Córdoba
2026-06-21,13229,MD,Media Distancia,Área Sur,PROXIMDAD,Impar (↑ Norte/Origen),50500,Córdoba-Julio Anguita,50413,Alcolea de Córdoba,3,Córdoba-Julio Anguita > Campus Universitario de Rabanales > Alcolea de Córdoba
2026-06-21,13230,MD,Media Distancia,Área Sur,PROXIMDAD,Par (↓ Sur/Destino),50413,Alcolea de Córdoba,50506,Palma del Río,7,Alcolea de Córdoba > Campus Universitario de Rabanales > Córdoba-Julio Anguita > El Higuerón > Villarrubia de Córdoba > Posadas > Palma del Río
2026-06-21,13232,MD,Media Distancia,Área Sur,PROXIMDAD,Par (↓ Sur/Destino),50407,Villa del Río,50500,Córdoba-Julio Anguita,4,Villa del Río > Alcolea de Córdoba > Campus Universitario de Rabanales > Córdoba-Julio Anguita
2026-06-21,13233,MD,Media Distancia,Área Sur,PROXIMDAD,Impar (↑ Norte/Origen),50500,Córdoba-Julio Anguita,50407,Villa del Río,4,Córdoba-Julio Anguita > Campus Universitario de Rabanales > Alcolea de Córdoba > Villa del Río
2026-06-21,13234,MD,Media Distancia,Área Sur,PROXIMDAD,Par (↓ Sur/Destino),50413,Alcolea de Córdoba,50506,Palma del Río,7,Alcolea de Córdoba > Campus Universitario de Rabanales > Córdoba-Julio Anguita > El Higuerón > Villarrubia de Córdoba > Posadas > Palma del Río
2026-06-21,13235,MD,Media Distancia,Área Sur,PROXIMDAD,Impar (↑ Norte/Origen),50502,Villarrubia de Córdoba,50417,Campus Universitario de Rabanales,4,Villarrubia de Córdoba > El Higuerón > Córdoba-Julio Anguita > Campus Universitario de Rabanales
2026-06-21,13235,MD,Media Distancia,Área Sur,PROXIMDAD,Impar (↑ Norte/Origen),50502,Villarrubia de Córdoba,50500,Córdoba-Julio Anguita,3,Villarrubia de Córdoba > El Higuerón > Córdoba-Julio Anguita
2026-06-21,13236,MD,Media Distancia,Área Sur,PROXIMDAD,Par (↓ Sur/Destino),50413,Alcolea de Córdoba,50500,Córdoba-Julio Anguita,3,Alcolea de Córdoba > Campus Universitario de Rabanales > Córdoba-Julio Anguita
2026-06-21,13240,MD,Media Distancia,Área Sur,PROXIMDAD,Par (↓ Sur/Destino),50413,Alcolea de Córdoba,50502,Villarrubia de Córdoba,5,Alcolea de Córdoba > Campus Universitario de Rabanales > Córdoba-Julio Anguita > El Higuerón > Villarrubia de Córdoba
2026-06-21,13241,MD,Media Distancia,Área Sur,PROXIMDAD,Impar (↑ Norte/Origen),50502,Villarrubia de Córdoba,50413,Alcolea de Córdoba,5,Villarrubia de Córdoba > El Higuerón > Córdoba-Julio Anguita > Campus Universitario de Rabanales > Alcolea de Córdoba
2026-06-21,13250,MD,Media Distancia,Área Sur,PROXIMDAD,Par (↓ Sur/Destino),50417,Campus Universitario de Rabanales,50500,Córdoba-Julio Anguita,2,Campus Universitario de Rabanales > Córdoba-Julio Anguita
2026-06-21,13251,MD,Media Distancia,Área Sur,PROXIMDAD,Impar (↑ Norte/Origen),50500,Córdoba-Julio Anguita,50417,Campus Universitario de Rabanales,2,Córdoba-Julio Anguita > Campus Universitario de Rabanales
2026-06-21,13252,MD,Media Distancia,Área Sur,PROXIMDAD,Par (↓ Sur/Destino),50417,Campus Universitario de Rabanales,50500,Córdoba-Julio Anguita,2,Campus Universitario de Rabanales > Córdoba-Julio Anguita
2026-06-21,13253,MD,Media Distancia,Área Sur,PROXIMDAD,Impar (↑ Norte/Origen),50500,Córdoba-Julio Anguita,50417,Campus Universitario de Rabanales,2,Córdoba-Julio Anguita > Campus Universitario de Rabanales
2026-06-21,13254,MD,Media Distancia,Área Sur,PROXIMDAD,Par (↓ Sur/Destino),50417,Campus Universitario de Rabanales,50500,Córdoba-Julio Anguita,2,Campus Universitario de Rabanales > Córdoba-Julio Anguita
2026-06-21,13255,MD,Media Distancia,Área Sur,PROXIMDAD,Impar (↑ Norte/Origen),50500,Córdoba-Julio Anguita,50417,Campus Universitario de Rabanales,2,Córdoba-Julio Anguita > Campus Universitario de Rabanales
2026-06-21,13256,MD,Media Distancia,Área Sur,PROXIMDAD,Par (↓ Sur/Destino),50417,Campus Universitario de Rabanales,50500,Córdoba-Julio Anguita,2,Campus Universitario de Rabanales > Córdoba-Julio Anguita
2026-06-21,13258,MD,Media Distancia,Área Sur,PROXIMDAD,Par (↓ Sur/Destino),50417,Campus Universitario de Rabanales,50506,Palma del Río,6,Campus Universitario de Rabanales > Córdoba-Julio Anguita > El Higuerón > Villarrubia de Córdoba > Posadas > Palma del Río
2026-06-21,13258,MD,Media Distancia,Área Sur,PROXIMDAD,Par (↓ Sur/Destino),50500,Córdoba-Julio Anguita,50506,Palma del Río,5,Córdoba-Julio Anguita > El Higuerón > Villarrubia de Córdoba > Posadas > Palma del Río
2026-06-21,13259,MD,Media Distancia,Área Sur,PROXIMDAD,Impar (↑ Norte/Origen),50500,Córdoba-Julio Anguita,50417,Campus Universitario de Rabanales,2,Córdoba-Julio Anguita > Campus Universitario de Rabanales
2026-06-21,13260,MD,Media Distancia,Área Sur,PROXIMDAD,Par (↓ Sur/Destino),50417,Campus Universitario de Rabanales,50500,Córdoba-Julio Anguita,2,Campus Universitario de Rabanales > Córdoba-Julio Anguita
2026-06-21,13261,MD,Media Distancia,Área Sur,PROXIMDAD,Impar (↑ Norte/Origen),50500,Córdoba-Julio Anguita,50417,Campus Universitario de Rabanales,2,Córdoba-Julio Anguita > Campus Universitario de Rabanales
2026-06-21,13262,MD,Media Distancia,Área Sur,PROXIMDAD,Par (↓ Sur/Destino),50417,Campus Universitario de Rabanales,50500,Córdoba-Julio Anguita,2,Campus Universitario de Rabanales > Córdoba-Julio Anguita
2026-06-21,13263,MD,Media Distancia,Área Sur,PROXIMDAD,Impar (↑ Norte/Origen),50500,Córdoba-Julio Anguita,50417,Campus Universitario de Rabanales,2,Córdoba-Julio Anguita > Campus Universitario de Rabanales
2026-06-21,13264,MD,Media Distancia,Área Sur,PROXIMDAD,Par (↓ Sur/Destino),50417,Campus Universitario de Rabanales,50500,Córdoba-Julio Anguita,2,Campus Universitario de Rabanales > Córdoba-Julio Anguita
2026-06-21,13265,MD,Media Distancia,Área Sur,PROXIMDAD,Impar (↑ Norte/Origen),50500,Córdoba-Julio Anguita,50417,Campus Universitario de Rabanales,2,Córdoba-Julio Anguita > Campus Universitario de Rabanales
2026-06-21,13266,MD,Media Distancia,Área Sur,PROXIMDAD,Par (↓ Sur/Destino),50500,Córdoba-Julio Anguita,50502,Villarrubia de Córdoba,3,Córdoba-Julio Anguita > El Higuerón > Villarrubia de Córdoba
2026-06-21,13331,MD,Media Distancia,Área Sur,MD,Impar (↑ Norte/Origen),03100,Jaén,50500,Córdoba-Julio Anguita,4,Jaén > Andújar > Villa del Río > Córdoba-Julio Anguita
2026-06-21,13337,MD,Media Distancia,Área Sur,MD,Impar (↑ Norte/Origen),50500,Córdoba-Julio Anguita,03100,Jaén,5,Córdoba-Julio Anguita > Campus Universitario de Rabanales > Villa del Río > Andújar > Jaén
2026-06-21,13393,MD,Media Distancia,Área Sur,MD,Impar (↑ Norte/Origen),51405,Cádiz,51003,Sevilla-Santa Justa,9,Cádiz > San Fernando-Bahía Sur > Puerto de Santa María > Jerez de la Frontera > Lebrija > Utrera > Dos Hermanas > San Bernardo > Sevilla-Santa Justa
2026-06-21,13394,MD,Media Distancia,Área Sur,MD,Par (↓ Sur/Destino),51003,Sevilla-Santa Justa,51405,Cádiz,9,Sevilla-Santa Justa > San Bernardo > Virgen del Rocío > Dos Hermanas > Lebrija > Jerez de la Frontera > Puerto de Santa María > San Fernando-Bahía Sur > Cádiz
2026-06-21,13900,MD,Media Distancia,Área Sur,MD,Par (↓ Sur/Destino),51003,Sevilla-Santa Justa,54413,Málaga María Zambrano,13,Sevilla-Santa Justa > San Bernardo > Dos Hermanas > Arahal > Marchena > Osuna > Pedrera > Antequera-Santa Ana > Bobadilla > El Chorro-Caminito del Rey > Las Mellizas > Álora > Málaga María Zambrano
2026-06-21,13901,MD,Media Distancia,Área Sur,MD,Impar (↑ Norte/Origen),54413,Málaga María Zambrano,51003,Sevilla-Santa Justa,10,Málaga María Zambrano > Bobadilla > Antequera-Santa Ana > Pedrera > Osuna > Marchena > Arahal > Dos Hermanas > San Bernardo > Sevilla-Santa Justa
2026-06-21,13902,MD,Media Distancia,Área Sur,MD,Par (↓ Sur/Destino),51003,Sevilla-Santa Justa,54413,Málaga María Zambrano,11,Sevilla-Santa Justa > San Bernardo > Dos Hermanas > Arahal > Marchena > Osuna > Pedrera > Antequera-Santa Ana > Bobadilla > El Chorro-Caminito del Rey > Málaga María Zambrano
2026-06-21,13903,MD,Media Distancia,Área Sur,MD,Impar (↑ Norte/Origen),54413,Málaga María Zambrano,51003,Sevilla-Santa Justa,14,Málaga María Zambrano > Álora > El Chorro-Caminito del Rey > Bobadilla > Antequera-Santa Ana > Pedrera > Osuna > Marchena > Arahal > Dos Hermanas > Bellavista > Virgen del Rocío > San Bernardo > Sevilla-Santa Justa
2026-06-21,13904,MD,Media Distancia,Área Sur,MD,Par (↓ Sur/Destino),51003,Sevilla-Santa Justa,54413,Málaga María Zambrano,13,Sevilla-Santa Justa > San Bernardo > Dos Hermanas > Arahal > Marchena > Osuna > Pedrera > Antequera-Santa Ana > Bobadilla > El Chorro-Caminito del Rey > Las Mellizas > Álora > Málaga María Zambrano
2026-06-21,13905,MD,Media Distancia,Área Sur,MD,Impar (↑ Norte/Origen),54413,Málaga María Zambrano,51003,Sevilla-Santa Justa,11,Málaga María Zambrano > El Chorro-Caminito del Rey > Bobadilla > Antequera-Santa Ana > Pedrera > Osuna > Marchena > Arahal > Dos Hermanas > San Bernardo > Sevilla-Santa Justa
2026-06-21,13906,MD,Media Distancia,Área Sur,MD,Par (↓ Sur/Destino),51003,Sevilla-Santa Justa,54413,Málaga María Zambrano,12,Sevilla-Santa Justa > San Bernardo > Dos Hermanas > Arahal > Marchena > Osuna > Pedrera > Antequera-Santa Ana > Bobadilla > El Chorro-Caminito del Rey > Álora > Málaga María Zambrano
2026-06-21,13907,MD,Media Distancia,Área Sur,MD,Impar (↑ Norte/Origen),54413,Málaga María Zambrano,51003,Sevilla-Santa Justa,13,Málaga María Zambrano > Álora > Las Mellizas > El Chorro-Caminito del Rey > Bobadilla > Antequera-Santa Ana > Pedrera > Osuna > Marchena > Arahal > Dos Hermanas > San Bernardo > Sevilla-Santa Justa
2026-06-21,13908,MD,Media Distancia,Área Sur,MD,Par (↓ Sur/Destino),51003,Sevilla-Santa Justa,54413,Málaga María Zambrano,13,Sevilla-Santa Justa > San Bernardo > Virgen del Rocío > Bellavista > Dos Hermanas > Arahal > Marchena > Osuna > Pedrera > Antequera-Santa Ana > Bobadilla > El Chorro-Caminito del Rey > Málaga María Zambrano
2026-06-21,13909,MD,Media Distancia,Área Sur,MD,Impar (↑ Norte/Origen),54413,Málaga María Zambrano,51003,Sevilla-Santa Justa,13,Málaga María Zambrano > Álora > Las Mellizas > El Chorro-Caminito del Rey > Bobadilla > Antequera-Santa Ana > Pedrera > Osuna > Marchena > Arahal > Dos Hermanas > San Bernardo > Sevilla-Santa Justa
2026-06-21,13910,MD,Media Distancia,Área Sur,MD,Par (↓ Sur/Destino),51003,Sevilla-Santa Justa,54413,Málaga María Zambrano,12,Sevilla-Santa Justa > San Bernardo > Virgen del Rocío > Bellavista > Dos Hermanas > Arahal > Marchena > Osuna > Pedrera > Antequera-Santa Ana > Bobadilla > Málaga María Zambrano
2026-06-21,13911,MD,Media Distancia,Área Sur,MD,Impar (↑ Norte/Origen),54413,Málaga María Zambrano,51003,Sevilla-Santa Justa,12,Málaga María Zambrano > Bobadilla > Antequera-Santa Ana > Pedrera > Osuna > Marchena > Arahal > Dos Hermanas > Bellavista > Virgen del Rocío > San Bernardo > Sevilla-Santa Justa
2026-06-21,13940,MD,Media Distancia,Área Sur,MD,Par (↓ Sur/Destino),05000,Granada,56312,Almería,4,Granada > Guadix > Huercal-Viator > Almería
2026-06-21,13942,MD,Media Distancia,Área Sur,MD,Par (↓ Sur/Destino),05000,Granada,56312,Almería,9,Granada > Iznalloz > Benalúa de Guadix > Guadix > Fiñana > Gérgal > Gádor > Huercal-Viator > Almería
2026-06-21,13944,MD,Media Distancia,Área Sur,MD,Par (↓ Sur/Destino),05000,Granada,56312,Almería,4,Granada > Guadix > Huercal-Viator > Almería
2026-06-21,13946,MD,Media Distancia,Área Sur,MD,Par (↓ Sur/Destino),05000,Granada,56312,Almería,9,Granada > Iznalloz > Benalúa de Guadix > Guadix > Fiñana > Gérgal > Gádor > Huercal-Viator > Almería
2026-06-21,13951,MD,Media Distancia,Área Sur,MD,Impar (↑ Norte/Origen),56312,Almería,05000,Granada,9,Almería > Huercal-Viator > Gádor > Gérgal > Fiñana > Guadix > Benalúa de Guadix > Iznalloz > Granada
2026-06-21,13953,MD,Media Distancia,Área Sur,MD,Impar (↑ Norte/Origen),56312,Almería,05000,Granada,4,Almería > Huercal-Viator > Guadix > Granada
2026-06-21,13955,MD,Media Distancia,Área Sur,MD,Impar (↑ Norte/Origen),56312,Almería,05000,Granada,4,Almería > Huercal-Viator > Guadix > Granada
2026-06-21,13957,MD,Media Distancia,Área Sur,MD,Impar (↑ Norte/Origen),56312,Almería,05000,Granada,9,Almería > Huercal-Viator > Gádor > Gérgal > Fiñana > Guadix > Benalúa de Guadix > Iznalloz > Granada
2026-06-21,14003,MD,Media Distancia,Área Este,REG.EXP.,Impar (↑ Norte/Origen),65000,València-Estació del Nord,60911,Alicante/Alacant-Terminal,6,València-Estació del Nord > Xàtiva > Villena > Elda-Petrer > Universidad de Alicante > Alicante/Alacant-Terminal
2026-06-21,14014,MD,Media Distancia,Área Este,REG.EXP.,Par (↓ Sur/Destino),65400,Tortosa,65000,València-Estació del Nord,14,Tortosa > L'Aldea-Amposta-Tortosa > Ulldecona-Alcanar-La Sénia > Vinaròs > Benicarló-Peñíscola > Alcalá de Chivert > Torreblanca > Orpesa > Benicàssim > Castelló de la Plana > Vila-Real > Sagunt > València-Cabanyal > València-Estació del Nord
2026-06-21,14016,MD,Media Distancia,Área Este,REG.EXP.,Par (↓ Sur/Destino),65000,València-Estació del Nord,65400,Tortosa,14,València-Estació del Nord > València-Cabanyal > Sagunt > Vila-Real > Castelló de la Plana > Benicàssim > Orpesa > Torreblanca > Alcalá de Chivert > Benicarló-Peñíscola > Vinaròs > Ulldecona-Alcanar-La Sénia > L'Aldea-Amposta-Tortosa > Tortosa
2026-06-21,14018,MD,Media Distancia,Área Este,REG.EXP.,Par (↓ Sur/Destino),65400,Tortosa,65000,València-Estació del Nord,15,Tortosa > L'Aldea-Amposta-Tortosa > Ulldecona-Alcanar-La Sénia > Vinaròs > Benicarló-Peñíscola > Alcalá de Chivert > Torreblanca > Orpesa > Benicàssim > Castelló de la Plana > Vila-Real > Nules la Villavella > Sagunt > València-Cabanyal > València-Estació del Nord
2026-06-21,14020,MD,Media Distancia,Área Este,REG.EXP.,Par (↓ Sur/Destino),65000,València-Estació del Nord,65400,Tortosa,15,València-Estació del Nord > València-Cabanyal > Sagunt > Nules la Villavella > Vila-Real > Castelló de la Plana > Benicàssim > Orpesa > Torreblanca > Alcalá de Chivert > Benicarló-Peñíscola > Vinaròs > Ulldecona-Alcanar-La Sénia > L'Aldea-Amposta-Tortosa > Tortosa
2026-06-21,14022,MD,Media Distancia,Área Este,REG.EXP.,Par (↓ Sur/Destino),65400,Tortosa,65000,València-Estació del Nord,14,Tortosa > L'Aldea-Amposta-Tortosa > Ulldecona-Alcanar-La Sénia > Vinaròs > Benicarló-Peñíscola > Alcalá de Chivert > Torreblanca > Orpesa > Benicàssim > Castelló de la Plana > Vila-Real > Sagunt > València-Cabanyal > València-Estació del Nord
2026-06-21,14123,MD,Media Distancia,Área Este,MD,Impar (↑ Norte/Origen),65000,València-Estació del Nord,61200,Murcia del Carmen,17,València-Estació del Nord > Xàtiva > Villena > Sax > Elda-Petrer > Novelda-Aspe > Universidad de Alicante > Alicante/Alacant-Terminal > Sant Gabriel > Torrellano > Elche/Elx-Parc > Elche/Elx-Carrús > Crevillente > San Isidro-Albatera-Catral > Callosa de Segura > Orihuela-Miguel Hernández > Murcia del Carmen
2026-06-21,14123,MD,Media Distancia,Área Este,MD,Impar (↑ Norte/Origen),65000,València-Estació del Nord,60902,Villena,3,València-Estació del Nord > Xàtiva > Villena
2026-06-21,14123,MD,Media Distancia,Área Este,MD,Impar (↑ Norte/Origen),60911,Alicante/Alacant-Terminal,61200,Murcia del Carmen,10,Alicante/Alacant-Terminal > Sant Gabriel > Torrellano > Elche/Elx-Parc > Elche/Elx-Carrús > Crevillente > San Isidro-Albatera-Catral > Callosa de Segura > Orihuela-Miguel Hernández > Murcia del Carmen
2026-06-21,14202,MD,Media Distancia,Área Este,MD,Par (↓ Sur/Destino),61307,Cartagena,65000,València-Estació del Nord,18,Cartagena > Torre-Pacheco > Balsicas-Mar Menor > Murcia del Carmen > Orihuela-Miguel Hernández > Callosa de Segura > San Isidro-Albatera-Catral > Elche/Elx-Carrús > Elche/Elx-Parc > Sant Gabriel > Alicante/Alacant-Terminal > Universidad de Alicante > Novelda-Aspe > Elda-Petrer > Sax > Villena > Xàtiva > València-Estació del Nord
2026-06-21,14202,MD,Media Distancia,Área Este,MD,Par (↓ Sur/Destino),61200,Murcia del Carmen,60911,Alicante/Alacant-Terminal,8,Murcia del Carmen > Orihuela-Miguel Hernández > Callosa de Segura > San Isidro-Albatera-Catral > Elche/Elx-Carrús > Elche/Elx-Parc > Sant Gabriel > Alicante/Alacant-Terminal
2026-06-21,14202,MD,Media Distancia,Área Este,MD,Par (↓ Sur/Destino),60902,Villena,65000,València-Estació del Nord,3,Villena > Xàtiva > València-Estació del Nord
2026-06-21,14209,MD,Media Distancia,Área Este,REGIONAL,Impar (↑ Norte/Origen),60911,Alicante/Alacant-Terminal,65000,València-Estació del Nord,6,Alicante/Alacant-Terminal > Universidad de Alicante > Elda-Petrer > Villena > Xàtiva > València-Estació del Nord
2026-06-21,14302,MD,Media Distancia,Área Este,REGIONAL,Par (↓ Sur/Destino),65000,València-Estació del Nord,65400,Tortosa,15,València-Estació del Nord > València-Cabanyal > Sagunt > Nules la Villavella > Vila-Real > Castelló de la Plana > Benicàssim > Orpesa > Torreblanca > Alcalá de Chivert > Benicarló-Peñíscola > Vinaròs > Ulldecona-Alcanar-La Sénia > L'Aldea-Amposta-Tortosa > Tortosa
2026-06-21,14304,MD,Media Distancia,Área Este,REGIONAL,Par (↓ Sur/Destino),65400,Tortosa,65000,València-Estació del Nord,15,Tortosa > L'Aldea-Amposta-Tortosa > Ulldecona-Alcanar-La Sénia > Vinaròs > Benicarló-Peñíscola > Alcalá de Chivert > Torreblanca > Orpesa > Benicàssim > Castelló de la Plana > Vila-Real > Nules la Villavella > Sagunt > València-Cabanyal > València-Estació del Nord
2026-06-21,14400,MD,Media Distancia,Área Este,REGIONAL,Par (↓ Sur/Destino),60600,Albacete-Los Llanos,65000,València-Estació del Nord,5,Albacete-Los Llanos > Almansa > La Encina > Xàtiva > València-Estació del Nord
2026-06-21,14401,MD,Media Distancia,Área Este,REGIONAL,Impar (↑ Norte/Origen),65000,València-Estació del Nord,60600,Albacete-Los Llanos,5,València-Estació del Nord > Xàtiva > La Encina > Almansa > Albacete-Los Llanos
2026-06-21,14404,MD,Media Distancia,Área Este,MD,Par (↓ Sur/Destino),60600,Albacete-Los Llanos,65000,València-Estació del Nord,4,Albacete-Los Llanos > Almansa > Xàtiva > València-Estació del Nord
2026-06-21,14405,MD,Media Distancia,Área Este,MD,Impar (↑ Norte/Origen),65000,València-Estació del Nord,60600,Albacete-Los Llanos,5,València-Estació del Nord > Silla > Xàtiva > Almansa > Albacete-Los Llanos
2026-06-21,14406,MD,Media Distancia,Área Este,MD,Par (↓ Sur/Destino),60600,Albacete-Los Llanos,65000,València-Estació del Nord,5,Albacete-Los Llanos > Almansa > Xàtiva > Silla > València-Estació del Nord
2026-06-21,14407,MD,Media Distancia,Área Este,MD,Impar (↑ Norte/Origen),65000,València-Estació del Nord,60600,Albacete-Los Llanos,4,València-Estació del Nord > Xàtiva > Almansa > Albacete-Los Llanos
2026-06-21,14410,MD,Media Distancia,Área Este,REGIONAL,Par (↓ Sur/Destino),69011,Alcoi,65000,València-Estació del Nord,16,Alcoi > Ontinyent > Albaida > Benigànim > Xàtiva > Lenova-Manuel > La Pobla Llarga > Carcaixent > Alzira > Algemesí > Benifaió > Silla > Catarroja > Massanassa > Alfafar-Benetússer > València-Estació del Nord
2026-06-21,14411,MD,Media Distancia,Área Este,REGIONAL,Impar (↑ Norte/Origen),65000,València-Estació del Nord,69011,Alcoi,16,València-Estació del Nord > Alfafar-Benetússer > Massanassa > Catarroja > Silla > Benifaió > Algemesí > Alzira > Carcaixent > La Pobla Llarga > Lenova-Manuel > Xàtiva > Benigànim > Albaida > Ontinyent > Alcoi
2026-06-21,14412,MD,Media Distancia,Área Este,REGIONAL,Par (↓ Sur/Destino),69011,Alcoi,65000,València-Estació del Nord,16,Alcoi > Ontinyent > Albaida > Benigànim > Xàtiva > Lenova-Manuel > La Pobla Llarga > Carcaixent > Alzira > Algemesí > Benifaió > Silla > Catarroja > Massanassa > Alfafar-Benetússer > València-Estació del Nord
2026-06-21,14413,MD,Media Distancia,Área Este,REGIONAL,Impar (↑ Norte/Origen),65000,València-Estació del Nord,69011,Alcoi,16,València-Estació del Nord > Alfafar-Benetússer > Massanassa > Catarroja > Silla > Benifaió > Algemesí > Alzira > Carcaixent > La Pobla Llarga > Lenova-Manuel > Xàtiva > Benigànim > Albaida > Ontinyent > Alcoi
2026-06-21,14414,MD,Media Distancia,Área Este,REGIONAL,Par (↓ Sur/Destino),69011,Alcoi,65000,València-Estació del Nord,16,Alcoi > Ontinyent > Albaida > Benigànim > Xàtiva > Lenova-Manuel > La Pobla Llarga > Carcaixent > Alzira > Algemesí > Benifaió > Silla > Catarroja > Massanassa > Alfafar-Benetússer > València-Estació del Nord
2026-06-21,14415,MD,Media Distancia,Área Este,REGIONAL,Impar (↑ Norte/Origen),65000,València-Estació del Nord,69011,Alcoi,16,València-Estació del Nord > Alfafar-Benetússer > Massanassa > Catarroja > Silla > Benifaió > Algemesí > Alzira > Carcaixent > La Pobla Llarga > Lenova-Manuel > Xàtiva > Benigànim > Albaida > Ontinyent > Alcoi
2026-06-21,14416,MD,Media Distancia,Área Este,REGIONAL,Par (↓ Sur/Destino),69011,Alcoi,65000,València-Estació del Nord,16,Alcoi > Ontinyent > Albaida > Benigànim > Xàtiva > Lenova-Manuel > La Pobla Llarga > Carcaixent > Alzira > Algemesí > Benifaió > Silla > Catarroja > Massanassa > Alfafar-Benetússer > València-Estació del Nord
2026-06-21,14417,MD,Media Distancia,Área Este,REGIONAL,Impar (↑ Norte/Origen),65000,València-Estació del Nord,69011,Alcoi,16,València-Estació del Nord > Alfafar-Benetússer > Massanassa > Catarroja > Silla > Benifaió > Algemesí > Alzira > Carcaixent > La Pobla Llarga > Lenova-Manuel > Xàtiva > Benigànim > Albaida > Ontinyent > Alcoi
2026-06-21,14418,MD,Media Distancia,Área Este,REGIONAL,Par (↓ Sur/Destino),69011,Alcoi,65000,València-Estació del Nord,16,Alcoi > Ontinyent > Albaida > Benigànim > Xàtiva > Lenova-Manuel > La Pobla Llarga > Carcaixent > Alzira > Algemesí > Benifaió > Silla > Catarroja > Massanassa > Alfafar-Benetússer > València-Estació del Nord
2026-06-21,14419,MD,Media Distancia,Área Este,REGIONAL,Impar (↑ Norte/Origen),65000,València-Estació del Nord,69011,Alcoi,16,València-Estació del Nord > Alfafar-Benetússer > Massanassa > Catarroja > Silla > Benifaió > Algemesí > Alzira > Carcaixent > La Pobla Llarga > Lenova-Manuel > Xàtiva > Benigànim > Albaida > Ontinyent > Alcoi
2026-06-21,14420,MD,Media Distancia,Área Este,REGIONAL,Par (↓ Sur/Destino),69011,Alcoi,65000,València-Estació del Nord,16,Alcoi > Ontinyent > Albaida > Benigànim > Xàtiva > Lenova-Manuel > La Pobla Llarga > Carcaixent > Alzira > Algemesí > Benifaió > Silla > Catarroja > Massanassa > Alfafar-Benetússer > València-Estació del Nord
2026-06-21,14421,MD,Media Distancia,Área Este,REGIONAL,Impar (↑ Norte/Origen),65000,València-Estació del Nord,69011,Alcoi,16,València-Estació del Nord > Alfafar-Benetússer > Massanassa > Catarroja > Silla > Benifaió > Algemesí > Alzira > Carcaixent > La Pobla Llarga > Lenova-Manuel > Xàtiva > Benigànim > Albaida > Ontinyent > Alcoi
2026-06-21,14430,MD,Media Distancia,Área Este,REGIONAL,Par (↓ Sur/Destino),65000,València-Estació del Nord,65312,Vinaròs,14,València-Estació del Nord > València-La Font de Sant Lluís > València-Cabanyal > Puçol > Sagunt > Nules la Villavella > Vila-Real > Castelló de la Plana > Benicàssim > Orpesa > Torreblanca > Alcalá de Chivert > Benicarló-Peñíscola > Vinaròs
2026-06-21,14432,MD,Media Distancia,Área Este,REGIONAL,Par (↓ Sur/Destino),65000,València-Estació del Nord,65312,Vinaròs,20,València-Estació del Nord > València-La Font de Sant Lluís > València-Cabanyal > Albuixech > El Puig > Puçol > Sagunt > Almenara > Chilches/Xilxes > Nules la Villavella > Burriana-Alquerías Niño Perdido > Vila-Real > Almassora > Castelló de la Plana > Benicàssim > Orpesa > Torreblanca > Alcalá de Chivert > Benicarló-Peñíscola > Vinaròs
2026-06-21,14433,MD,Media Distancia,Área Este,REGIONAL,Impar (↑ Norte/Origen),65312,Vinaròs,65000,València-Estació del Nord,20,Vinaròs > Benicarló-Peñíscola > Alcalá de Chivert > Torreblanca > Orpesa > Benicàssim > Castelló de la Plana > Almassora > Vila-Real > Burriana-Alquerías Niño Perdido > Nules la Villavella > Chilches/Xilxes > Almenara > Sagunt > Puçol > El Puig > Albuixech > València-Cabanyal > València-La Font de Sant Lluís > València-Estació del Nord
2026-06-21,14435,MD,Media Distancia,Área Este,REGIONAL,Impar (↑ Norte/Origen),65312,Vinaròs,65000,València-Estació del Nord,20,Vinaròs > Benicarló-Peñíscola > Alcalá de Chivert > Torreblanca > Orpesa > Benicàssim > Castelló de la Plana > Almassora > Vila-Real > Burriana-Alquerías Niño Perdido > Nules la Villavella > Chilches/Xilxes > Almenara > Sagunt > Puçol > El Puig > Albuixech > València-Cabanyal > València-La Font de Sant Lluís > València-Estació del Nord
2026-06-21,14437,MD,Media Distancia,Área Este,REGIONAL,Impar (↑ Norte/Origen),65312,Vinaròs,65000,València-Estació del Nord,20,Vinaròs > Benicarló-Peñíscola > Alcalá de Chivert > Torreblanca > Orpesa > Benicàssim > Castelló de la Plana > Almassora > Vila-Real > Burriana-Alquerías Niño Perdido > Nules la Villavella > Chilches/Xilxes > Almenara > Sagunt > Puçol > El Puig > Albuixech > València-Cabanyal > València-La Font de Sant Lluís > València-Estació del Nord
2026-06-21,14443,MD,Media Distancia,Área Este,REGIONAL,Impar (↑ Norte/Origen),65312,Vinaròs,65000,València-Estació del Nord,25,Vinaròs > Benicarló-Peñíscola > Alcalá de Chivert > Torreblanca > Orpesa > Benicàssim > Castelló de la Plana > Almassora > Vila-Real > Burriana-Alquerías Niño Perdido > Nules la Villavella > Moncofa > Chilches/Xilxes > La Llosa > Almenara > Les Valls > Sagunt > Puçol > El Puig > Massalfassar > Albuixech > Roca-Cúper > València-Cabanyal > València-La Font de Sant Lluís > València-Estació del Nord
2026-06-21,14444,MD,Media Distancia,Área Este,REGIONAL,Par (↓ Sur/Destino),65000,València-Estació del Nord,65312,Vinaròs,24,València-Estació del Nord > València-La Font de Sant Lluís > València-Cabanyal > Roca-Cúper > Albuixech > El Puig > Puçol > Sagunt > Les Valls > Almenara > La Llosa > Chilches/Xilxes > Moncofa > Nules la Villavella > Burriana-Alquerías Niño Perdido > Vila-Real > Almassora > Castelló de la Plana > Benicàssim > Orpesa > Torreblanca > Alcalá de Chivert > Benicarló-Peñíscola > Vinaròs
2026-06-21,14446,MD,Media Distancia,Área Este,REGIONAL,Par (↓ Sur/Destino),65000,València-Estació del Nord,65312,Vinaròs,20,València-Estació del Nord > València-La Font de Sant Lluís > València-Cabanyal > Albuixech > El Puig > Puçol > Sagunt > Almenara > Chilches/Xilxes > Nules la Villavella > Burriana-Alquerías Niño Perdido > Vila-Real > Almassora > Castelló de la Plana > Benicàssim > Orpesa > Torreblanca > Alcalá de Chivert > Benicarló-Peñíscola > Vinaròs
2026-06-21,14450,MD,Media Distancia,Área Este,REGIONAL,Par (↓ Sur/Destino),65000,València-Estació del Nord,65312,Vinaròs,20,València-Estació del Nord > València-La Font de Sant Lluís > València-Cabanyal > Albuixech > El Puig > Puçol > Sagunt > Almenara > Chilches/Xilxes > Nules la Villavella > Burriana-Alquerías Niño Perdido > Vila-Real > Almassora > Castelló de la Plana > Benicàssim > Orpesa > Torreblanca > Alcalá de Chivert > Benicarló-Peñíscola > Vinaròs
2026-06-21,14452,MD,Media Distancia,Área Este,REGIONAL,Par (↓ Sur/Destino),65000,València-Estació del Nord,65312,Vinaròs,25,València-Estació del Nord > València-La Font de Sant Lluís > València-Cabanyal > Roca-Cúper > Albuixech > Massalfassar > El Puig > Puçol > Sagunt > Les Valls > Almenara > La Llosa > Chilches/Xilxes > Moncofa > Nules la Villavella > Burriana-Alquerías Niño Perdido > Vila-Real > Almassora > Castelló de la Plana > Benicàssim > Orpesa > Torreblanca > Alcalá de Chivert > Benicarló-Peñíscola > Vinaròs
2026-06-21,14461,MD,Media Distancia,Área Este,REGIONAL,Impar (↑ Norte/Origen),65312,Vinaròs,65000,València-Estació del Nord,20,Vinaròs > Benicarló-Peñíscola > Alcalá de Chivert > Torreblanca > Orpesa > Benicàssim > Castelló de la Plana > Almassora > Vila-Real > Burriana-Alquerías Niño Perdido > Nules la Villavella > Chilches/Xilxes > Almenara > Sagunt > Puçol > El Puig > Albuixech > València-Cabanyal > València-La Font de Sant Lluís > València-Estació del Nord
2026-06-21,14462,MD,Media Distancia,Área Este,REGIONAL,Par (↓ Sur/Destino),65000,València-Estació del Nord,65312,Vinaròs,25,València-Estació del Nord > València-La Font de Sant Lluís > València-Cabanyal > Roca-Cúper > Albuixech > Massalfassar > El Puig > Puçol > Sagunt > Les Valls > Almenara > La Llosa > Chilches/Xilxes > Moncofa > Nules la Villavella > Burriana-Alquerías Niño Perdido > Vila-Real > Almassora > Castelló de la Plana > Benicàssim > Orpesa > Torreblanca > Alcalá de Chivert > Benicarló-Peñíscola > Vinaròs
2026-06-21,14463,MD,Media Distancia,Área Este,REGIONAL,Impar (↑ Norte/Origen),65312,Vinaròs,65000,València-Estació del Nord,20,Vinaròs > Benicarló-Peñíscola > Alcalá de Chivert > Torreblanca > Orpesa > Benicàssim > Castelló de la Plana > Almassora > Vila-Real > Burriana-Alquerías Niño Perdido > Nules la Villavella > Chilches/Xilxes > Almenara > Sagunt > Puçol > El Puig > Albuixech > València-Cabanyal > València-La Font de Sant Lluís > València-Estació del Nord
2026-06-21,14464,MD,Media Distancia,Área Este,REGIONAL,Par (↓ Sur/Destino),65000,València-Estació del Nord,65312,Vinaròs,25,València-Estació del Nord > València-La Font de Sant Lluís > València-Cabanyal > Roca-Cúper > Albuixech > Massalfassar > El Puig > Puçol > Sagunt > Les Valls > Almenara > La Llosa > Chilches/Xilxes > Moncofa > Nules la Villavella > Burriana-Alquerías Niño Perdido > Vila-Real > Almassora > Castelló de la Plana > Benicàssim > Orpesa > Torreblanca > Alcalá de Chivert > Benicarló-Peñíscola > Vinaròs
2026-06-21,14465,MD,Media Distancia,Área Este,REGIONAL,Impar (↑ Norte/Origen),65312,Vinaròs,65000,València-Estació del Nord,25,Vinaròs > Benicarló-Peñíscola > Alcalá de Chivert > Torreblanca > Orpesa > Benicàssim > Castelló de la Plana > Almassora > Vila-Real > Burriana-Alquerías Niño Perdido > Nules la Villavella > Moncofa > Chilches/Xilxes > La Llosa > Almenara > Les Valls > Sagunt > Puçol > El Puig > Massalfassar > Albuixech > Roca-Cúper > València-Cabanyal > València-La Font de Sant Lluís > València-Estació del Nord
2026-06-21,14467,MD,Media Distancia,Área Este,REGIONAL,Impar (↑ Norte/Origen),65312,Vinaròs,65000,València-Estació del Nord,20,Vinaròs > Benicarló-Peñíscola > Alcalá de Chivert > Torreblanca > Orpesa > Benicàssim > Castelló de la Plana > Almassora > Vila-Real > Burriana-Alquerías Niño Perdido > Nules la Villavella > Chilches/Xilxes > Almenara > Sagunt > Puçol > El Puig > Albuixech > València-Cabanyal > València-La Font de Sant Lluís > València-Estació del Nord
2026-06-21,14470,MD,Media Distancia,Área Este,REGIONAL,Par (↓ Sur/Destino),60902,Villena,60911,Alicante/Alacant-Terminal,7,Villena > Sax > Elda-Petrer > Novelda-Aspe > Sant Vicent Centre > Universidad de Alicante > Alicante/Alacant-Terminal
2026-06-21,14471,MD,Media Distancia,Área Este,REGIONAL,Impar (↑ Norte/Origen),60911,Alicante/Alacant-Terminal,60902,Villena,7,Alicante/Alacant-Terminal > Universidad de Alicante > Sant Vicent Centre > Novelda-Aspe > Elda-Petrer > Sax > Villena
2026-06-21,14472,MD,Media Distancia,Área Este,REGIONAL,Par (↓ Sur/Destino),60902,Villena,60911,Alicante/Alacant-Terminal,7,Villena > Sax > Elda-Petrer > Novelda-Aspe > Sant Vicent Centre > Universidad de Alicante > Alicante/Alacant-Terminal
2026-06-21,14473,MD,Media Distancia,Área Este,REGIONAL,Impar (↑ Norte/Origen),60911,Alicante/Alacant-Terminal,60902,Villena,7,Alicante/Alacant-Terminal > Universidad de Alicante > Sant Vicent Centre > Novelda-Aspe > Elda-Petrer > Sax > Villena
2026-06-21,14474,MD,Media Distancia,Área Este,REGIONAL,Par (↓ Sur/Destino),60902,Villena,60911,Alicante/Alacant-Terminal,7,Villena > Sax > Elda-Petrer > Novelda-Aspe > Sant Vicent Centre > Universidad de Alicante > Alicante/Alacant-Terminal
2026-06-21,14475,MD,Media Distancia,Área Este,REGIONAL,Impar (↑ Norte/Origen),60911,Alicante/Alacant-Terminal,60902,Villena,7,Alicante/Alacant-Terminal > Universidad de Alicante > Sant Vicent Centre > Novelda-Aspe > Elda-Petrer > Sax > Villena
2026-06-21,14476,MD,Media Distancia,Área Este,REGIONAL,Par (↓ Sur/Destino),60902,Villena,60911,Alicante/Alacant-Terminal,7,Villena > Sax > Elda-Petrer > Novelda-Aspe > Sant Vicent Centre > Universidad de Alicante > Alicante/Alacant-Terminal
2026-06-21,14477,MD,Media Distancia,Área Este,REGIONAL,Impar (↑ Norte/Origen),60911,Alicante/Alacant-Terminal,60902,Villena,7,Alicante/Alacant-Terminal > Universidad de Alicante > Sant Vicent Centre > Novelda-Aspe > Elda-Petrer > Sax > Villena
2026-06-21,14478,MD,Media Distancia,Área Este,REGIONAL,Par (↓ Sur/Destino),60902,Villena,60911,Alicante/Alacant-Terminal,7,Villena > Sax > Elda-Petrer > Novelda-Aspe > Sant Vicent Centre > Universidad de Alicante > Alicante/Alacant-Terminal
2026-06-21,14479,MD,Media Distancia,Área Este,REGIONAL,Impar (↑ Norte/Origen),60911,Alicante/Alacant-Terminal,60902,Villena,7,Alicante/Alacant-Terminal > Universidad de Alicante > Sant Vicent Centre > Novelda-Aspe > Elda-Petrer > Sax > Villena
2026-06-21,14510,MD,Media Distancia,Área Este,PROXIMDAD,Par (↓ Sur/Destino),61200,Murcia del Carmen,61307,Cartagena,4,Murcia del Carmen > Balsicas-Mar Menor > Torre-Pacheco > Cartagena
2026-06-21,14510,MD,Media Distancia,Área Este,PROXIMDAD,Par (↓ Sur/Destino),61200,Murcia del Carmen,61304,Torre-Pacheco,3,Murcia del Carmen > Balsicas-Mar Menor > Torre-Pacheco
2026-06-21,14510,MD,Media Distancia,Área Este,PROXIMDAD,Par (↓ Sur/Destino),61304,Torre-Pacheco,61307,Cartagena,2,Torre-Pacheco > Cartagena
2026-06-21,14512,MD,Media Distancia,Área Este,PROXIMDAD,Par (↓ Sur/Destino),61200,Murcia del Carmen,61307,Cartagena,4,Murcia del Carmen > Balsicas-Mar Menor > Torre-Pacheco > Cartagena
2026-06-21,14512,MD,Media Distancia,Área Este,PROXIMDAD,Par (↓ Sur/Destino),61200,Murcia del Carmen,61304,Torre-Pacheco,3,Murcia del Carmen > Balsicas-Mar Menor > Torre-Pacheco
2026-06-21,14512,MD,Media Distancia,Área Este,PROXIMDAD,Par (↓ Sur/Destino),61304,Torre-Pacheco,61307,Cartagena,2,Torre-Pacheco > Cartagena
2026-06-21,14514,MD,Media Distancia,Área Este,PROXIMDAD,Par (↓ Sur/Destino),61200,Murcia del Carmen,61307,Cartagena,4,Murcia del Carmen > Balsicas-Mar Menor > Torre-Pacheco > Cartagena
2026-06-21,14514,MD,Media Distancia,Área Este,PROXIMDAD,Par (↓ Sur/Destino),61200,Murcia del Carmen,61304,Torre-Pacheco,3,Murcia del Carmen > Balsicas-Mar Menor > Torre-Pacheco
2026-06-21,14514,MD,Media Distancia,Área Este,PROXIMDAD,Par (↓ Sur/Destino),61304,Torre-Pacheco,61307,Cartagena,2,Torre-Pacheco > Cartagena
2026-06-21,14515,MD,Media Distancia,Área Este,PROXIMDAD,Impar (↑ Norte/Origen),61307,Cartagena,61200,Murcia del Carmen,4,Cartagena > Torre-Pacheco > Balsicas-Mar Menor > Murcia del Carmen
2026-06-21,14515,MD,Media Distancia,Área Este,PROXIMDAD,Impar (↑ Norte/Origen),61307,Cartagena,61304,Torre-Pacheco,2,Cartagena > Torre-Pacheco
2026-06-21,14515,MD,Media Distancia,Área Este,PROXIMDAD,Impar (↑ Norte/Origen),61304,Torre-Pacheco,61200,Murcia del Carmen,3,Torre-Pacheco > Balsicas-Mar Menor > Murcia del Carmen
2026-06-21,14516,MD,Media Distancia,Área Este,PROXIMDAD,Par (↓ Sur/Destino),61200,Murcia del Carmen,61307,Cartagena,4,Murcia del Carmen > Balsicas-Mar Menor > Torre-Pacheco > Cartagena
2026-06-21,14516,MD,Media Distancia,Área Este,PROXIMDAD,Par (↓ Sur/Destino),61200,Murcia del Carmen,61304,Torre-Pacheco,3,Murcia del Carmen > Balsicas-Mar Menor > Torre-Pacheco
2026-06-21,14516,MD,Media Distancia,Área Este,PROXIMDAD,Par (↓ Sur/Destino),61304,Torre-Pacheco,61307,Cartagena,2,Torre-Pacheco > Cartagena
2026-06-21,14517,MD,Media Distancia,Área Este,PROXIMDAD,Impar (↑ Norte/Origen),61307,Cartagena,61200,Murcia del Carmen,4,Cartagena > Torre-Pacheco > Balsicas-Mar Menor > Murcia del Carmen
2026-06-21,14517,MD,Media Distancia,Área Este,PROXIMDAD,Impar (↑ Norte/Origen),61307,Cartagena,61304,Torre-Pacheco,2,Cartagena > Torre-Pacheco
2026-06-21,14517,MD,Media Distancia,Área Este,PROXIMDAD,Impar (↑ Norte/Origen),61304,Torre-Pacheco,61200,Murcia del Carmen,3,Torre-Pacheco > Balsicas-Mar Menor > Murcia del Carmen
2026-06-21,14518,MD,Media Distancia,Área Este,PROXIMDAD,Par (↓ Sur/Destino),61200,Murcia del Carmen,61307,Cartagena,4,Murcia del Carmen > Balsicas-Mar Menor > Torre-Pacheco > Cartagena
2026-06-21,14518,MD,Media Distancia,Área Este,PROXIMDAD,Par (↓ Sur/Destino),61200,Murcia del Carmen,61304,Torre-Pacheco,3,Murcia del Carmen > Balsicas-Mar Menor > Torre-Pacheco
2026-06-21,14518,MD,Media Distancia,Área Este,PROXIMDAD,Par (↓ Sur/Destino),61304,Torre-Pacheco,61307,Cartagena,2,Torre-Pacheco > Cartagena
2026-06-21,14519,MD,Media Distancia,Área Este,PROXIMDAD,Impar (↑ Norte/Origen),61307,Cartagena,61200,Murcia del Carmen,4,Cartagena > Torre-Pacheco > Balsicas-Mar Menor > Murcia del Carmen
2026-06-21,14519,MD,Media Distancia,Área Este,PROXIMDAD,Impar (↑ Norte/Origen),61307,Cartagena,61304,Torre-Pacheco,2,Cartagena > Torre-Pacheco
2026-06-21,14519,MD,Media Distancia,Área Este,PROXIMDAD,Impar (↑ Norte/Origen),61304,Torre-Pacheco,61200,Murcia del Carmen,3,Torre-Pacheco > Balsicas-Mar Menor > Murcia del Carmen
2026-06-21,14521,MD,Media Distancia,Área Este,PROXIMDAD,Impar (↑ Norte/Origen),61307,Cartagena,61200,Murcia del Carmen,4,Cartagena > Torre-Pacheco > Balsicas-Mar Menor > Murcia del Carmen
2026-06-21,14521,MD,Media Distancia,Área Este,PROXIMDAD,Impar (↑ Norte/Origen),61307,Cartagena,61304,Torre-Pacheco,2,Cartagena > Torre-Pacheco
2026-06-21,14521,MD,Media Distancia,Área Este,PROXIMDAD,Impar (↑ Norte/Origen),61304,Torre-Pacheco,61200,Murcia del Carmen,3,Torre-Pacheco > Balsicas-Mar Menor > Murcia del Carmen
2026-06-21,14541,MD,Media Distancia,Área Este,PROXIMDAD,Impar (↑ Norte/Origen),61307,Cartagena,61200,Murcia del Carmen,4,Cartagena > Torre-Pacheco > Balsicas-Mar Menor > Murcia del Carmen
2026-06-21,14541,MD,Media Distancia,Área Este,PROXIMDAD,Impar (↑ Norte/Origen),61307,Cartagena,61304,Torre-Pacheco,2,Cartagena > Torre-Pacheco
2026-06-21,14541,MD,Media Distancia,Área Este,PROXIMDAD,Impar (↑ Norte/Origen),61304,Torre-Pacheco,61200,Murcia del Carmen,3,Torre-Pacheco > Balsicas-Mar Menor > Murcia del Carmen
2026-06-21,14542,MD,Media Distancia,Área Este,PROXIMDAD,Par (↓ Sur/Destino),61200,Murcia del Carmen,61307,Cartagena,4,Murcia del Carmen > Balsicas-Mar Menor > Torre-Pacheco > Cartagena
2026-06-21,14542,MD,Media Distancia,Área Este,PROXIMDAD,Par (↓ Sur/Destino),61200,Murcia del Carmen,61304,Torre-Pacheco,3,Murcia del Carmen > Balsicas-Mar Menor > Torre-Pacheco
2026-06-21,14542,MD,Media Distancia,Área Este,PROXIMDAD,Par (↓ Sur/Destino),61304,Torre-Pacheco,61307,Cartagena,2,Torre-Pacheco > Cartagena
2026-06-21,14544,MD,Media Distancia,Área Este,PROXIMDAD,Par (↓ Sur/Destino),61200,Murcia del Carmen,61307,Cartagena,4,Murcia del Carmen > Balsicas-Mar Menor > Torre-Pacheco > Cartagena
2026-06-21,14544,MD,Media Distancia,Área Este,PROXIMDAD,Par (↓ Sur/Destino),61200,Murcia del Carmen,61304,Torre-Pacheco,3,Murcia del Carmen > Balsicas-Mar Menor > Torre-Pacheco
2026-06-21,14544,MD,Media Distancia,Área Este,PROXIMDAD,Par (↓ Sur/Destino),61304,Torre-Pacheco,61307,Cartagena,2,Torre-Pacheco > Cartagena
2026-06-21,14545,MD,Media Distancia,Área Este,PROXIMDAD,Impar (↑ Norte/Origen),61307,Cartagena,61200,Murcia del Carmen,4,Cartagena > Torre-Pacheco > Balsicas-Mar Menor > Murcia del Carmen
2026-06-21,14545,MD,Media Distancia,Área Este,PROXIMDAD,Impar (↑ Norte/Origen),61307,Cartagena,61304,Torre-Pacheco,2,Cartagena > Torre-Pacheco
2026-06-21,14545,MD,Media Distancia,Área Este,PROXIMDAD,Impar (↑ Norte/Origen),61304,Torre-Pacheco,61200,Murcia del Carmen,3,Torre-Pacheco > Balsicas-Mar Menor > Murcia del Carmen
2026-06-21,14546,MD,Media Distancia,Área Este,PROXIMDAD,Par (↓ Sur/Destino),61200,Murcia del Carmen,61307,Cartagena,4,Murcia del Carmen > Balsicas-Mar Menor > Torre-Pacheco > Cartagena
2026-06-21,14546,MD,Media Distancia,Área Este,PROXIMDAD,Par (↓ Sur/Destino),61200,Murcia del Carmen,61304,Torre-Pacheco,3,Murcia del Carmen > Balsicas-Mar Menor > Torre-Pacheco
2026-06-21,14546,MD,Media Distancia,Área Este,PROXIMDAD,Par (↓ Sur/Destino),61304,Torre-Pacheco,61307,Cartagena,2,Torre-Pacheco > Cartagena
2026-06-21,14547,MD,Media Distancia,Área Este,PROXIMDAD,Impar (↑ Norte/Origen),61307,Cartagena,61200,Murcia del Carmen,4,Cartagena > Torre-Pacheco > Balsicas-Mar Menor > Murcia del Carmen
2026-06-21,14547,MD,Media Distancia,Área Este,PROXIMDAD,Impar (↑ Norte/Origen),61307,Cartagena,61304,Torre-Pacheco,2,Cartagena > Torre-Pacheco
2026-06-21,14547,MD,Media Distancia,Área Este,PROXIMDAD,Impar (↑ Norte/Origen),61304,Torre-Pacheco,61200,Murcia del Carmen,3,Torre-Pacheco > Balsicas-Mar Menor > Murcia del Carmen
2026-06-21,15000,MD,Media Distancia,Área Nordeste,REG.EXP.,Par (↓ Sur/Destino),71400,Reus,79400,Barcelona Estació de França,10,Reus > Vila-seca > Tarragona > Altafulla-Tamarit > Torredembarra > Sant Vicenç de Calders > Vilanova i la Geltrú > Barcelona-Sants > Barcelona-Passeig de Gràcia > Barcelona Estació de França
2026-06-21,15001,MD,Media Distancia,Área Nordeste,REG.EXP.,Impar (↑ Norte/Origen),79400,Barcelona Estació de França,71400,Reus,10,Barcelona Estació de França > Barcelona-Passeig de Gràcia > Barcelona-Sants > Vilanova i la Geltrú > Sant Vicenç de Calders > Torredembarra > Altafulla-Tamarit > Tarragona > Vila-seca > Reus
2026-06-21,15002,MD,Media Distancia,Área Nordeste,REG.EXP.,Par (↓ Sur/Destino),71400,Reus,79400,Barcelona Estació de França,10,Reus > Vila-seca > Tarragona > Altafulla-Tamarit > Torredembarra > Sant Vicenç de Calders > Vilanova i la Geltrú > Barcelona-Sants > Barcelona-Passeig de Gràcia > Barcelona Estació de França
2026-06-21,15003,MD,Media Distancia,Área Nordeste,REG.EXP.,Impar (↑ Norte/Origen),79400,Barcelona Estació de França,71400,Reus,10,Barcelona Estació de França > Barcelona-Passeig de Gràcia > Barcelona-Sants > Vilanova i la Geltrú > Sant Vicenç de Calders > Torredembarra > Altafulla-Tamarit > Tarragona > Vila-seca > Reus
2026-06-21,15004,MD,Media Distancia,Área Nordeste,REG.EXP.,Par (↓ Sur/Destino),71400,Reus,79400,Barcelona Estació de França,10,Reus > Vila-seca > Tarragona > Altafulla-Tamarit > Torredembarra > Sant Vicenç de Calders > Vilanova i la Geltrú > Barcelona-Sants > Barcelona-Passeig de Gràcia > Barcelona Estació de França
2026-06-21,15005,MD,Media Distancia,Área Nordeste,REG.EXP.,Impar (↑ Norte/Origen),79400,Barcelona Estació de França,71400,Reus,10,Barcelona Estació de França > Barcelona-Passeig de Gràcia > Barcelona-Sants > Vilanova i la Geltrú > Sant Vicenç de Calders > Torredembarra > Altafulla-Tamarit > Tarragona > Vila-seca > Reus
2026-06-21,15006,MD,Media Distancia,Área Nordeste,REG.EXP.,Par (↓ Sur/Destino),71400,Reus,79400,Barcelona Estació de França,10,Reus > Vila-seca > Tarragona > Altafulla-Tamarit > Torredembarra > Sant Vicenç de Calders > Vilanova i la Geltrú > Barcelona-Sants > Barcelona-Passeig de Gràcia > Barcelona Estació de França
2026-06-21,15007,MD,Media Distancia,Área Nordeste,REG.EXP.,Impar (↑ Norte/Origen),79400,Barcelona Estació de França,71400,Reus,10,Barcelona Estació de França > Barcelona-Passeig de Gràcia > Barcelona-Sants > Vilanova i la Geltrú > Sant Vicenç de Calders > Torredembarra > Altafulla-Tamarit > Tarragona > Vila-seca > Reus
2026-06-21,15008,MD,Media Distancia,Área Nordeste,REG.EXP.,Par (↓ Sur/Destino),71400,Reus,79400,Barcelona Estació de França,10,Reus > Vila-seca > Tarragona > Altafulla-Tamarit > Torredembarra > Sant Vicenç de Calders > Vilanova i la Geltrú > Barcelona-Sants > Barcelona-Passeig de Gràcia > Barcelona Estació de França
2026-06-21,15009,MD,Media Distancia,Área Nordeste,REG.EXP.,Impar (↑ Norte/Origen),79400,Barcelona Estació de França,71210,Flix,19,Barcelona Estació de França > Barcelona-Passeig de Gràcia > Barcelona-Sants > Vilanova i la Geltrú > Sant Vicenç de Calders > Torredembarra > Altafulla-Tamarit > Tarragona > Vila-seca > Reus > Les Borges del Camp > Riudecanyes-Botarell > Duesaigües-L'Argentera > Pradell > Marçà-Falset > Capçanes > Móra la Nova > Ascó > Flix
2026-06-21,15010,MD,Media Distancia,Área Nordeste,REG.EXP.,Par (↓ Sur/Destino),71400,Reus,79400,Barcelona Estació de França,10,Reus > Vila-seca > Tarragona > Altafulla-Tamarit > Torredembarra > Sant Vicenç de Calders > Vilanova i la Geltrú > Barcelona-Sants > Barcelona-Passeig de Gràcia > Barcelona Estació de França
2026-06-21,15011,MD,Media Distancia,Área Nordeste,REG.EXP.,Impar (↑ Norte/Origen),79400,Barcelona Estació de França,71400,Reus,10,Barcelona Estació de França > Barcelona-Passeig de Gràcia > Barcelona-Sants > Vilanova i la Geltrú > Sant Vicenç de Calders > Torredembarra > Altafulla-Tamarit > Tarragona > Vila-seca > Reus
2026-06-21,15012,MD,Media Distancia,Área Nordeste,REG.EXP.,Par (↓ Sur/Destino),71400,Reus,79400,Barcelona Estació de França,10,Reus > Vila-seca > Tarragona > Altafulla-Tamarit > Torredembarra > Sant Vicenç de Calders > Vilanova i la Geltrú > Barcelona-Sants > Barcelona-Passeig de Gràcia > Barcelona Estació de França
2026-06-21,15013,MD,Media Distancia,Área Nordeste,REG.EXP.,Impar (↑ Norte/Origen),79400,Barcelona Estació de França,71400,Reus,10,Barcelona Estació de França > Barcelona-Passeig de Gràcia > Barcelona-Sants > Vilanova i la Geltrú > Sant Vicenç de Calders > Torredembarra > Altafulla-Tamarit > Tarragona > Vila-seca > Reus
2026-06-21,15015,MD,Media Distancia,Área Nordeste,REG.EXP.,Impar (↑ Norte/Origen),79400,Barcelona Estació de França,71400,Reus,10,Barcelona Estació de França > Barcelona-Passeig de Gràcia > Barcelona-Sants > Vilanova i la Geltrú > Sant Vicenç de Calders > Torredembarra > Altafulla-Tamarit > Tarragona > Vila-seca > Reus
2026-06-21,15016,MD,Media Distancia,Área Nordeste,REG.EXP.,Par (↓ Sur/Destino),71400,Reus,79400,Barcelona Estació de França,10,Reus > Vila-seca > Tarragona > Altafulla-Tamarit > Torredembarra > Sant Vicenç de Calders > Vilanova i la Geltrú > Barcelona-Sants > Barcelona-Passeig de Gràcia > Barcelona Estació de França
2026-06-21,15017,MD,Media Distancia,Área Nordeste,REG.EXP.,Impar (↑ Norte/Origen),79400,Barcelona Estació de França,71400,Reus,10,Barcelona Estació de França > Barcelona-Passeig de Gràcia > Barcelona-Sants > Vilanova i la Geltrú > Sant Vicenç de Calders > Torredembarra > Altafulla-Tamarit > Tarragona > Vila-seca > Reus
2026-06-21,15018,MD,Media Distancia,Área Nordeste,REG.EXP.,Par (↓ Sur/Destino),71400,Reus,79400,Barcelona Estació de França,10,Reus > Vila-seca > Tarragona > Altafulla-Tamarit > Torredembarra > Sant Vicenç de Calders > Vilanova i la Geltrú > Barcelona-Sants > Barcelona-Passeig de Gràcia > Barcelona Estació de França
2026-06-21,15019,MD,Media Distancia,Área Nordeste,REG.EXP.,Impar (↑ Norte/Origen),79400,Barcelona Estació de França,71400,Reus,10,Barcelona Estació de França > Barcelona-Passeig de Gràcia > Barcelona-Sants > Vilanova i la Geltrú > Sant Vicenç de Calders > Torredembarra > Altafulla-Tamarit > Tarragona > Vila-seca > Reus
2026-06-21,15020,MD,Media Distancia,Área Nordeste,REG.EXP.,Par (↓ Sur/Destino),71400,Reus,79400,Barcelona Estació de França,10,Reus > Vila-seca > Tarragona > Altafulla-Tamarit > Torredembarra > Sant Vicenç de Calders > Vilanova i la Geltrú > Barcelona-Sants > Barcelona-Passeig de Gràcia > Barcelona Estació de França
2026-06-21,15021,MD,Media Distancia,Área Nordeste,REG.EXP.,Impar (↑ Norte/Origen),79400,Barcelona Estació de França,71400,Reus,10,Barcelona Estació de França > Barcelona-Passeig de Gràcia > Barcelona-Sants > Vilanova i la Geltrú > Sant Vicenç de Calders > Torredembarra > Altafulla-Tamarit > Tarragona > Vila-seca > Reus
2026-06-21,15022,MD,Media Distancia,Área Nordeste,REG.EXP.,Par (↓ Sur/Destino),71400,Reus,79400,Barcelona Estació de França,10,Reus > Vila-seca > Tarragona > Altafulla-Tamarit > Torredembarra > Sant Vicenç de Calders > Vilanova i la Geltrú > Barcelona-Sants > Barcelona-Passeig de Gràcia > Barcelona Estació de França
2026-06-21,15023,MD,Media Distancia,Área Nordeste,REG.EXP.,Impar (↑ Norte/Origen),79400,Barcelona Estació de França,71400,Reus,10,Barcelona Estació de França > Barcelona-Passeig de Gràcia > Barcelona-Sants > Vilanova i la Geltrú > Sant Vicenç de Calders > Torredembarra > Altafulla-Tamarit > Tarragona > Vila-seca > Reus
2026-06-21,15024,MD,Media Distancia,Área Nordeste,REG.EXP.,Par (↓ Sur/Destino),71400,Reus,79400,Barcelona Estació de França,10,Reus > Vila-seca > Tarragona > Altafulla-Tamarit > Torredembarra > Sant Vicenç de Calders > Vilanova i la Geltrú > Barcelona-Sants > Barcelona-Passeig de Gràcia > Barcelona Estació de França
2026-06-21,15030,MD,Media Distancia,Área Nordeste,REG.EXP.,Par (↓ Sur/Destino),71300,Móra la Nova,79400,Barcelona Estació de França,17,Móra la Nova > Capçanes > Marçà-Falset > Pradell > Duesaigües-L'Argentera > Riudecanyes-Botarell > Les Borges del Camp > Reus > Vila-seca > Tarragona > Altafulla-Tamarit > Torredembarra > Sant Vicenç de Calders > Vilanova i la Geltrú > Barcelona-Sants > Barcelona-Passeig de Gràcia > Barcelona Estació de França
2026-06-21,15031,MD,Media Distancia,Área Nordeste,REG.EXP.,Impar (↑ Norte/Origen),79400,Barcelona Estació de França,71300,Móra la Nova,17,Barcelona Estació de França > Barcelona-Passeig de Gràcia > Barcelona-Sants > Vilanova i la Geltrú > Sant Vicenç de Calders > Torredembarra > Altafulla-Tamarit > Tarragona > Vila-seca > Reus > Les Borges del Camp > Riudecanyes-Botarell > Duesaigües-L'Argentera > Pradell > Marçà-Falset > Capçanes > Móra la Nova
2026-06-21,15032,MD,Media Distancia,Área Nordeste,REG.EXP.,Par (↓ Sur/Destino),71204,Caspe,79400,Barcelona Estació de França,21,Caspe > Fabara > Nonaspe > Faió-La Pobla de Massaluca > Riba-roja d'Ebre > Flix > Ascó > Móra la Nova > Capçanes > Marçà-Falset > Les Borges del Camp > Reus > Vila-seca > Tarragona > Altafulla-Tamarit > Torredembarra > Sant Vicenç de Calders > Vilanova i la Geltrú > Barcelona-Sants > Barcelona-Passeig de Gràcia > Barcelona Estació de França
2026-06-21,15033,MD,Media Distancia,Área Nordeste,REG.EXP.,Impar (↑ Norte/Origen),79400,Barcelona Estació de França,71400,Reus,10,Barcelona Estació de França > Barcelona-Passeig de Gràcia > Barcelona-Sants > Vilanova i la Geltrú > Sant Vicenç de Calders > Torredembarra > Altafulla-Tamarit > Tarragona > Vila-seca > Reus
2026-06-21,15034,MD,Media Distancia,Área Nordeste,REG.EXP.,Par (↓ Sur/Destino),71400,Reus,79400,Barcelona Estació de França,10,Reus > Vila-seca > Tarragona > Altafulla-Tamarit > Torredembarra > Sant Vicenç de Calders > Vilanova i la Geltrú > Barcelona-Sants > Barcelona-Passeig de Gràcia > Barcelona Estació de França
2026-06-21,15035,MD,Media Distancia,Área Nordeste,REG.EXP.,Impar (↑ Norte/Origen),79400,Barcelona Estació de França,71204,Caspe,21,Barcelona Estació de França > Barcelona-Passeig de Gràcia > Barcelona-Sants > Vilanova i la Geltrú > Sant Vicenç de Calders > Torredembarra > Altafulla-Tamarit > Tarragona > Vila-seca > Reus > Les Borges del Camp > Marçà-Falset > Capçanes > Móra la Nova > Ascó > Flix > Riba-roja d'Ebre > Faió-La Pobla de Massaluca > Nonaspe > Fabara > Caspe
2026-06-21,15036,MD,Media Distancia,Área Nordeste,REG.EXP.,Par (↓ Sur/Destino),71209,Riba-roja d'Ebre,79400,Barcelona Estació de França,20,Riba-roja d'Ebre > Flix > Ascó > Móra la Nova > Capçanes > Marçà-Falset > Pradell > Duesaigües-L'Argentera > Riudecanyes-Botarell > Les Borges del Camp > Reus > Vila-seca > Tarragona > Altafulla-Tamarit > Torredembarra > Sant Vicenç de Calders > Vilanova i la Geltrú > Barcelona-Sants > Barcelona-Passeig de Gràcia > Barcelona Estació de França
2026-06-21,15038,MD,Media Distancia,Área Nordeste,REG.EXP.,Par (↓ Sur/Destino),71210,Flix,79400,Barcelona Estació de França,19,Flix > Ascó > Móra la Nova > Capçanes > Marçà-Falset > Pradell > Duesaigües-L'Argentera > Riudecanyes-Botarell > Les Borges del Camp > Reus > Vila-seca > Tarragona > Altafulla-Tamarit > Torredembarra > Sant Vicenç de Calders > Vilanova i la Geltrú > Barcelona-Sants > Barcelona-Passeig de Gràcia > Barcelona Estació de França
2026-06-21,15039,MD,Media Distancia,Área Nordeste,REG.EXP.,Impar (↑ Norte/Origen),79400,Barcelona Estació de França,71300,Móra la Nova,17,Barcelona Estació de França > Barcelona-Passeig de Gràcia > Barcelona-Sants > Vilanova i la Geltrú > Sant Vicenç de Calders > Torredembarra > Altafulla-Tamarit > Tarragona > Vila-seca > Reus > Les Borges del Camp > Riudecanyes-Botarell > Duesaigües-L'Argentera > Pradell > Marçà-Falset > Capçanes > Móra la Nova
2026-06-21,15040,MD,Media Distancia,Área Nordeste,REG.EXP.,Par (↓ Sur/Destino),78400,Lleida-Pirineus,71801,Barcelona-Sants,13,Lleida-Pirineus > Puigverd de Lleida-Artesa de Lleida > Juneda > Les Borges Blanques > Vinaixa > Vimbodí i Poblet > L'Espluga de Francolí > Montblanc > La Plana-Picamoixons > Valls > Roda de Mar > Sant Vicenç de Calders > Barcelona-Sants
2026-06-21,15041,MD,Media Distancia,Área Nordeste,REG.EXP.,Impar (↑ Norte/Origen),71801,Barcelona-Sants,78400,Lleida-Pirineus,16,Barcelona-Sants > Sant Vicenç de Calders > Roda de Mar > Salomó > Nulles-Bràfim > Valls > La Plana-Picamoixons > La Riba > Vilaverd > Montblanc > L'Espluga de Francolí > Vimbodí i Poblet > Vinaixa > Les Borges Blanques > Juneda > Lleida-Pirineus
2026-06-21,15042,MD,Media Distancia,Área Nordeste,REG.EXP.,Par (↓ Sur/Destino),78400,Lleida-Pirineus,71801,Barcelona-Sants,19,Lleida-Pirineus > Puigverd de Lleida-Artesa de Lleida > Juneda > Les Borges Blanques > La Floresta > Vinaixa > Vimbodí i Poblet > L'Espluga de Francolí > Montblanc > Vilaverd > La Riba > La Plana-Picamoixons > Valls > Nulles-Bràfim > Vilabella > Salomó > Roda de Mar > Sant Vicenç de Calders > Barcelona-Sants
2026-06-21,15043,MD,Media Distancia,Área Nordeste,REG.EXP.,Impar (↑ Norte/Origen),71801,Barcelona-Sants,78400,Lleida-Pirineus,14,Barcelona-Sants > Sant Vicenç de Calders > Roda de Mar > Salomó > Nulles-Bràfim > Valls > La Plana-Picamoixons > Montblanc > L'Espluga de Francolí > Vimbodí i Poblet > Vinaixa > Les Borges Blanques > Juneda > Lleida-Pirineus
2026-06-21,15044,MD,Media Distancia,Área Nordeste,REG.EXP.,Par (↓ Sur/Destino),78400,Lleida-Pirineus,71801,Barcelona-Sants,14,Lleida-Pirineus > Juneda > Les Borges Blanques > Vinaixa > Vimbodí i Poblet > L'Espluga de Francolí > Montblanc > La Plana-Picamoixons > Valls > Nulles-Bràfim > Salomó > Roda de Mar > Sant Vicenç de Calders > Barcelona-Sants
2026-06-21,15045,MD,Media Distancia,Área Nordeste,REG.EXP.,Impar (↑ Norte/Origen),71801,Barcelona-Sants,78400,Lleida-Pirineus,19,Barcelona-Sants > Sant Vicenç de Calders > Roda de Mar > Salomó > Vilabella > Nulles-Bràfim > Valls > La Plana-Picamoixons > La Riba > Vilaverd > Montblanc > L'Espluga de Francolí > Vimbodí i Poblet > Vinaixa > La Floresta > Les Borges Blanques > Juneda > Puigverd de Lleida-Artesa de Lleida > Lleida-Pirineus
2026-06-21,15046,MD,Media Distancia,Área Nordeste,REG.EXP.,Par (↓ Sur/Destino),78400,Lleida-Pirineus,71801,Barcelona-Sants,14,Lleida-Pirineus > Juneda > Les Borges Blanques > Vinaixa > Vimbodí i Poblet > L'Espluga de Francolí > Montblanc > La Plana-Picamoixons > Valls > Nulles-Bràfim > Salomó > Roda de Mar > Sant Vicenç de Calders > Barcelona-Sants
2026-06-21,15047,MD,Media Distancia,Área Nordeste,REG.EXP.,Impar (↑ Norte/Origen),71801,Barcelona-Sants,78400,Lleida-Pirineus,12,Barcelona-Sants > Sant Vicenç de Calders > Roda de Mar > Valls > La Plana-Picamoixons > Montblanc > L'Espluga de Francolí > Vimbodí i Poblet > Vinaixa > Les Borges Blanques > Juneda > Lleida-Pirineus
2026-06-21,15051,MD,Media Distancia,Área Nordeste,REGIONAL,Impar (↑ Norte/Origen),71500,Tarragona,78400,Lleida-Pirineus,17,Tarragona > Vila-seca > Reus > La Selva del Camp > Alcover > La Plana-Picamoixons > La Riba > Vilaverd > Montblanc > L'Espluga de Francolí > Vimbodí i Poblet > Vinaixa > La Floresta > Les Borges Blanques > Juneda > Puigverd de Lleida-Artesa de Lleida > Lleida-Pirineus
2026-06-21,15052,MD,Media Distancia,Área Nordeste,REG.EXP.,Par (↓ Sur/Destino),78400,Lleida-Pirineus,79400,Barcelona Estació de França,23,Lleida-Pirineus > Puigverd de Lleida-Artesa de Lleida > Juneda > Les Borges Blanques > La Floresta > Vinaixa > Vimbodí i Poblet > L'Espluga de Francolí > Montblanc > Vilaverd > La Riba > La Plana-Picamoixons > Alcover > La Selva del Camp > Reus > Vila-seca > Tarragona > Altafulla-Tamarit > Torredembarra > Sant Vicenç de Calders > Barcelona-Sants > Barcelona-Passeig de Gràcia > Barcelona Estació de França
2026-06-21,15053,MD,Media Distancia,Área Nordeste,REG.EXP.,Impar (↑ Norte/Origen),79400,Barcelona Estació de França,78400,Lleida-Pirineus,23,Barcelona Estació de França > Barcelona-Passeig de Gràcia > Barcelona-Sants > Sant Vicenç de Calders > Torredembarra > Altafulla-Tamarit > Tarragona > Vila-seca > Reus > La Selva del Camp > Alcover > La Plana-Picamoixons > La Riba > Vilaverd > Montblanc > L'Espluga de Francolí > Vimbodí i Poblet > Vinaixa > La Floresta > Les Borges Blanques > Juneda > Puigverd de Lleida-Artesa de Lleida > Lleida-Pirineus
2026-06-21,15054,MD,Media Distancia,Área Nordeste,REG.EXP.,Par (↓ Sur/Destino),78400,Lleida-Pirineus,71500,Tarragona,17,Lleida-Pirineus > Puigverd de Lleida-Artesa de Lleida > Juneda > Les Borges Blanques > La Floresta > Vinaixa > Vimbodí i Poblet > L'Espluga de Francolí > Montblanc > Vilaverd > La Riba > La Plana-Picamoixons > Alcover > La Selva del Camp > Reus > Vila-seca > Tarragona
2026-06-21,15060,MD,Media Distancia,Área Nordeste,REG.EXP.,Par (↓ Sur/Destino),65411,Salou-Port Aventura,79400,Barcelona Estació de França,9,Salou-Port Aventura > Tarragona > Altafulla-Tamarit > Torredembarra > Sant Vicenç de Calders > Vilanova i la Geltrú > Barcelona-Sants > Barcelona-Passeig de Gràcia > Barcelona Estació de França
2026-06-21,15061,MD,Media Distancia,Área Nordeste,REG.EXP.,Impar (↑ Norte/Origen),79400,Barcelona Estació de França,65411,Salou-Port Aventura,9,Barcelona Estació de França > Barcelona-Passeig de Gràcia > Barcelona-Sants > Vilanova i la Geltrú > Sant Vicenç de Calders > Torredembarra > Altafulla-Tamarit > Tarragona > Salou-Port Aventura
2026-06-21,15062,MD,Media Distancia,Área Nordeste,REG.EXP.,Par (↓ Sur/Destino),65411,Salou-Port Aventura,79400,Barcelona Estació de França,9,Salou-Port Aventura > Tarragona > Altafulla-Tamarit > Torredembarra > Sant Vicenç de Calders > Vilanova i la Geltrú > Barcelona-Sants > Barcelona-Passeig de Gràcia > Barcelona Estació de França
2026-06-21,15063,MD,Media Distancia,Área Nordeste,REG.EXP.,Impar (↑ Norte/Origen),79400,Barcelona Estació de França,65411,Salou-Port Aventura,9,Barcelona Estació de França > Barcelona-Passeig de Gràcia > Barcelona-Sants > Vilanova i la Geltrú > Sant Vicenç de Calders > Torredembarra > Altafulla-Tamarit > Tarragona > Salou-Port Aventura
2026-06-21,15064,MD,Media Distancia,Área Nordeste,REG.EXP.,Par (↓ Sur/Destino),65411,Salou-Port Aventura,79400,Barcelona Estació de França,9,Salou-Port Aventura > Tarragona > Altafulla-Tamarit > Torredembarra > Sant Vicenç de Calders > Vilanova i la Geltrú > Barcelona-Sants > Barcelona-Passeig de Gràcia > Barcelona Estació de França
2026-06-21,15065,MD,Media Distancia,Área Nordeste,REG.EXP.,Impar (↑ Norte/Origen),79400,Barcelona Estació de França,65411,Salou-Port Aventura,9,Barcelona Estació de França > Barcelona-Passeig de Gràcia > Barcelona-Sants > Vilanova i la Geltrú > Sant Vicenç de Calders > Torredembarra > Altafulla-Tamarit > Tarragona > Salou-Port Aventura
2026-06-21,15210,MD,Media Distancia,Área Nordeste,REGIONAL,Par (↓ Sur/Destino),65411,Salou-Port Aventura,71500,Tarragona,2,Salou-Port Aventura > Tarragona
2026-06-21,15211,MD,Media Distancia,Área Nordeste,REGIONAL,Impar (↑ Norte/Origen),71500,Tarragona,65411,Salou-Port Aventura,2,Tarragona > Salou-Port Aventura
2026-06-21,15212,MD,Media Distancia,Área Nordeste,REGIONAL,Par (↓ Sur/Destino),65411,Salou-Port Aventura,71500,Tarragona,2,Salou-Port Aventura > Tarragona
2026-06-21,15213,MD,Media Distancia,Área Nordeste,REGIONAL,Impar (↑ Norte/Origen),71500,Tarragona,65411,Salou-Port Aventura,2,Tarragona > Salou-Port Aventura
2026-06-21,15214,MD,Media Distancia,Área Nordeste,REGIONAL,Par (↓ Sur/Destino),65411,Salou-Port Aventura,71500,Tarragona,2,Salou-Port Aventura > Tarragona
2026-06-21,15215,MD,Media Distancia,Área Nordeste,REGIONAL,Impar (↑ Norte/Origen),71500,Tarragona,65411,Salou-Port Aventura,2,Tarragona > Salou-Port Aventura
2026-06-21,15216,MD,Media Distancia,Área Nordeste,REGIONAL,Par (↓ Sur/Destino),65411,Salou-Port Aventura,71500,Tarragona,2,Salou-Port Aventura > Tarragona
2026-06-21,15217,MD,Media Distancia,Área Nordeste,REGIONAL,Impar (↑ Norte/Origen),71500,Tarragona,65411,Salou-Port Aventura,2,Tarragona > Salou-Port Aventura
2026-06-21,15218,MD,Media Distancia,Área Nordeste,REGIONAL,Par (↓ Sur/Destino),65411,Salou-Port Aventura,71500,Tarragona,2,Salou-Port Aventura > Tarragona
2026-06-21,15219,MD,Media Distancia,Área Nordeste,REGIONAL,Impar (↑ Norte/Origen),71500,Tarragona,65411,Salou-Port Aventura,2,Tarragona > Salou-Port Aventura
2026-06-21,15220,MD,Media Distancia,Área Nordeste,REGIONAL,Par (↓ Sur/Destino),65411,Salou-Port Aventura,71500,Tarragona,2,Salou-Port Aventura > Tarragona
2026-06-21,15221,MD,Media Distancia,Área Nordeste,REGIONAL,Impar (↑ Norte/Origen),71500,Tarragona,65411,Salou-Port Aventura,2,Tarragona > Salou-Port Aventura
2026-06-21,15222,MD,Media Distancia,Área Nordeste,REGIONAL,Par (↓ Sur/Destino),65411,Salou-Port Aventura,71500,Tarragona,2,Salou-Port Aventura > Tarragona
2026-06-21,15223,MD,Media Distancia,Área Nordeste,REGIONAL,Impar (↑ Norte/Origen),71500,Tarragona,65411,Salou-Port Aventura,2,Tarragona > Salou-Port Aventura
2026-06-21,15224,MD,Media Distancia,Área Nordeste,REGIONAL,Par (↓ Sur/Destino),65411,Salou-Port Aventura,71500,Tarragona,2,Salou-Port Aventura > Tarragona
2026-06-21,15225,MD,Media Distancia,Área Nordeste,REGIONAL,Impar (↑ Norte/Origen),71500,Tarragona,65411,Salou-Port Aventura,2,Tarragona > Salou-Port Aventura
2026-06-21,15254,MD,Media Distancia,Área Nordeste,MD,Par (↓ Sur/Destino),79315,Portbou,71801,Barcelona-Sants,12,Portbou > Llançà > Figueres > Flaçà > Girona > Caldes de Malavella > Sils > Maçanet-Massanes > Sant Celoni > Barcelona El Clot > Barcelona-Passeig de Gràcia > Barcelona-Sants
2026-06-21,15308,MD,Media Distancia,Área Nordeste,REGIONAL,Par (↓ Sur/Destino),04040,Zaragoza Delicias,71300,Móra la Nova,18,Zaragoza Delicias > Zaragoza-Portillo > Zaragoza-Goya > Zaragoza-Miraflores > Fuentes de Ebro > Quinto > La Zaida-Sástago > La Puebla de Híjar > Samper > Caspe > Val de Pilas > Fabara > Nonaspe > Faió-La Pobla de Massaluca > Riba-roja d'Ebre > Flix > Ascó > Móra la Nova
2026-06-21,15309,MD,Media Distancia,Área Nordeste,REGIONAL,Impar (↑ Norte/Origen),71300,Móra la Nova,04040,Zaragoza Delicias,18,Móra la Nova > Ascó > Flix > Riba-roja d'Ebre > Faió-La Pobla de Massaluca > Nonaspe > Fabara > Val de Pilas > Caspe > Samper > La Puebla de Híjar > La Zaida-Sástago > Quinto > Fuentes de Ebro > Zaragoza-Miraflores > Zaragoza-Goya > Zaragoza-Portillo > Zaragoza Delicias
2026-06-21,15311,MD,Media Distancia,Área Nordeste,REGIONAL,Impar (↑ Norte/Origen),71300,Móra la Nova,04040,Zaragoza Delicias,18,Móra la Nova > Ascó > Flix > Riba-roja d'Ebre > Faió-La Pobla de Massaluca > Nonaspe > Fabara > Val de Pilas > Caspe > Samper > La Puebla de Híjar > La Zaida-Sástago > Quinto > Fuentes de Ebro > Zaragoza-Miraflores > Zaragoza-Goya > Zaragoza-Portillo > Zaragoza Delicias
2026-06-21,15506,MD,Media Distancia,Área Nordeste,REG.EXP.,Par (↓ Sur/Destino),04040,Zaragoza Delicias,78400,Lleida-Pirineus,7,Zaragoza Delicias > Tardienta > Grañén > Sariñena > Monzón-Río Cinca > Binéfar > Lleida-Pirineus
2026-06-21,15507,MD,Media Distancia,Área Nordeste,REGIONAL,Impar (↑ Norte/Origen),78400,Lleida-Pirineus,04040,Zaragoza Delicias,11,Lleida-Pirineus > Binéfar > Monzón-Río Cinca > Sariñena > Grañén > Tardienta > Villanueva de Gállego > Zaragoza-Miraflores > Zaragoza-Goya > Zaragoza-Portillo > Zaragoza Delicias
2026-06-21,15509,MD,Media Distancia,Área Nordeste,REGIONAL,Impar (↑ Norte/Origen),78400,Lleida-Pirineus,04040,Zaragoza Delicias,4,Lleida-Pirineus > Binéfar > Monzón-Río Cinca > Zaragoza Delicias
2026-06-21,15509,MD,Media Distancia,Área Nordeste,REGIONAL,Impar (↑ Norte/Origen),78400,Lleida-Pirineus,78005,Villanueva de Gállego,7,Lleida-Pirineus > Binéfar > Monzón-Río Cinca > Sariñena > Grañén > Tardienta > Villanueva de Gállego
2026-06-21,15509,MD,Media Distancia,Área Nordeste,REGIONAL,Impar (↑ Norte/Origen),78301,Monzón-Río Cinca,04040,Zaragoza Delicias,2,Monzón-Río Cinca > Zaragoza Delicias
2026-06-21,15510,MD,Media Distancia,Área Nordeste,REG.EXP.,Par (↓ Sur/Destino),04040,Zaragoza Delicias,78400,Lleida-Pirineus,10,Zaragoza Delicias > Zaragoza-Portillo > Zaragoza-Goya > Zaragoza-Miraflores > Tardienta > Grañén > Sariñena > Monzón-Río Cinca > Binéfar > Lleida-Pirineus
2026-06-21,15550,MD,Media Distancia,Área Nordeste,REG.EXP.,Par (↓ Sur/Destino),04040,Zaragoza Delicias,78400,Lleida-Pirineus,10,Zaragoza Delicias > Zaragoza-Portillo > Zaragoza-Goya > Zaragoza-Miraflores > Tardienta > Grañén > Sariñena > Monzón-Río Cinca > Binéfar > Lleida-Pirineus
2026-06-21,15609,MD,Media Distancia,Área Nordeste,REGIONAL,Impar (↑ Norte/Origen),78500,Cervera,78400,Lleida-Pirineus,9,Cervera > Tàrrega > Anglesola > Bellpuig > Castellnou de Seana > Golmés > Mollerussa > Bell-lloc d'Urgell > Lleida-Pirineus
2026-06-21,15610,MD,Media Distancia,Área Nordeste,REGIONAL,Par (↓ Sur/Destino),78400,Lleida-Pirineus,78500,Cervera,9,Lleida-Pirineus > Bell-lloc d'Urgell > Mollerussa > Golmés > Castellnou de Seana > Bellpuig > Anglesola > Tàrrega > Cervera
2026-06-21,15613,MD,Media Distancia,Área Nordeste,REGIONAL,Impar (↑ Norte/Origen),78500,Cervera,78400,Lleida-Pirineus,9,Cervera > Tàrrega > Anglesola > Bellpuig > Castellnou de Seana > Golmés > Mollerussa > Bell-lloc d'Urgell > Lleida-Pirineus
2026-06-21,15620,MD,Media Distancia,Área Nordeste,REGIONAL,Par (↓ Sur/Destino),78400,Lleida-Pirineus,78700,Terrassa Estació del Nord,18,Lleida-Pirineus > Bell-lloc d'Urgell > Mollerussa > Golmés > Castellnou de Seana > Bellpuig > Anglesola > Tàrrega > Cervera > Sant Guim de Freixenet > Sant Martí Sesgueioles > Calaf > Seguers-Sant Pere Sallavinera > Aguilar de Segarra > Rajadell > Manresa > Sant Vicenç de Castellet > Terrassa Estació del Nord
2026-06-21,15621,MD,Media Distancia,Área Nordeste,REGIONAL,Impar (↑ Norte/Origen),78500,Cervera,78400,Lleida-Pirineus,9,Cervera > Tàrrega > Anglesola > Bellpuig > Castellnou de Seana > Golmés > Mollerussa > Bell-lloc d'Urgell > Lleida-Pirineus
2026-06-21,15622,MD,Media Distancia,Área Nordeste,REGIONAL,Par (↓ Sur/Destino),78400,Lleida-Pirineus,78700,Terrassa Estació del Nord,18,Lleida-Pirineus > Bell-lloc d'Urgell > Mollerussa > Golmés > Castellnou de Seana > Bellpuig > Anglesola > Tàrrega > Cervera > Sant Guim de Freixenet > Sant Martí Sesgueioles > Calaf > Seguers-Sant Pere Sallavinera > Aguilar de Segarra > Rajadell > Manresa > Sant Vicenç de Castellet > Terrassa Estació del Nord
2026-06-21,15623,MD,Media Distancia,Área Nordeste,REGIONAL,Impar (↑ Norte/Origen),78700,Terrassa Estació del Nord,78400,Lleida-Pirineus,18,Terrassa Estació del Nord > Sant Vicenç de Castellet > Manresa > Rajadell > Aguilar de Segarra > Seguers-Sant Pere Sallavinera > Calaf > Sant Martí Sesgueioles > Sant Guim de Freixenet > Cervera > Tàrrega > Anglesola > Bellpuig > Castellnou de Seana > Golmés > Mollerussa > Bell-lloc d'Urgell > Lleida-Pirineus
2026-06-21,15624,MD,Media Distancia,Área Nordeste,REGIONAL,Par (↓ Sur/Destino),78400,Lleida-Pirineus,78700,Terrassa Estació del Nord,18,Lleida-Pirineus > Bell-lloc d'Urgell > Mollerussa > Golmés > Castellnou de Seana > Bellpuig > Anglesola > Tàrrega > Cervera > Sant Guim de Freixenet > Sant Martí Sesgueioles > Calaf > Seguers-Sant Pere Sallavinera > Aguilar de Segarra > Rajadell > Manresa > Sant Vicenç de Castellet > Terrassa Estació del Nord
2026-06-21,15625,MD,Media Distancia,Área Nordeste,REGIONAL,Impar (↑ Norte/Origen),78700,Terrassa Estació del Nord,78400,Lleida-Pirineus,18,Terrassa Estació del Nord > Sant Vicenç de Castellet > Manresa > Rajadell > Aguilar de Segarra > Seguers-Sant Pere Sallavinera > Calaf > Sant Martí Sesgueioles > Sant Guim de Freixenet > Cervera > Tàrrega > Anglesola > Bellpuig > Castellnou de Seana > Golmés > Mollerussa > Bell-lloc d'Urgell > Lleida-Pirineus
2026-06-21,15626,MD,Media Distancia,Área Nordeste,REGIONAL,Par (↓ Sur/Destino),78400,Lleida-Pirineus,78700,Terrassa Estació del Nord,18,Lleida-Pirineus > Bell-lloc d'Urgell > Mollerussa > Golmés > Castellnou de Seana > Bellpuig > Anglesola > Tàrrega > Cervera > Sant Guim de Freixenet > Sant Martí Sesgueioles > Calaf > Seguers-Sant Pere Sallavinera > Aguilar de Segarra > Rajadell > Manresa > Sant Vicenç de Castellet > Terrassa Estació del Nord
2026-06-21,15627,MD,Media Distancia,Área Nordeste,REGIONAL,Impar (↑ Norte/Origen),78700,Terrassa Estació del Nord,78400,Lleida-Pirineus,18,Terrassa Estació del Nord > Sant Vicenç de Castellet > Manresa > Rajadell > Aguilar de Segarra > Seguers-Sant Pere Sallavinera > Calaf > Sant Martí Sesgueioles > Sant Guim de Freixenet > Cervera > Tàrrega > Anglesola > Bellpuig > Castellnou de Seana > Golmés > Mollerussa > Bell-lloc d'Urgell > Lleida-Pirineus
2026-06-21,15628,MD,Media Distancia,Área Nordeste,REGIONAL,Par (↓ Sur/Destino),78400,Lleida-Pirineus,78700,Terrassa Estació del Nord,18,Lleida-Pirineus > Bell-lloc d'Urgell > Mollerussa > Golmés > Castellnou de Seana > Bellpuig > Anglesola > Tàrrega > Cervera > Sant Guim de Freixenet > Sant Martí Sesgueioles > Calaf > Seguers-Sant Pere Sallavinera > Aguilar de Segarra > Rajadell > Manresa > Sant Vicenç de Castellet > Terrassa Estació del Nord
2026-06-21,15629,MD,Media Distancia,Área Nordeste,REGIONAL,Impar (↑ Norte/Origen),78700,Terrassa Estació del Nord,78400,Lleida-Pirineus,18,Terrassa Estació del Nord > Sant Vicenç de Castellet > Manresa > Rajadell > Aguilar de Segarra > Seguers-Sant Pere Sallavinera > Calaf > Sant Martí Sesgueioles > Sant Guim de Freixenet > Cervera > Tàrrega > Anglesola > Bellpuig > Castellnou de Seana > Golmés > Mollerussa > Bell-lloc d'Urgell > Lleida-Pirineus
2026-06-21,15630,MD,Media Distancia,Área Nordeste,REGIONAL,Par (↓ Sur/Destino),78400,Lleida-Pirineus,78500,Cervera,9,Lleida-Pirineus > Bell-lloc d'Urgell > Mollerussa > Golmés > Castellnou de Seana > Bellpuig > Anglesola > Tàrrega > Cervera
2026-06-21,15631,MD,Media Distancia,Área Nordeste,REGIONAL,Impar (↑ Norte/Origen),78700,Terrassa Estació del Nord,78400,Lleida-Pirineus,18,Terrassa Estació del Nord > Sant Vicenç de Castellet > Manresa > Rajadell > Aguilar de Segarra > Seguers-Sant Pere Sallavinera > Calaf > Sant Martí Sesgueioles > Sant Guim de Freixenet > Cervera > Tàrrega > Anglesola > Bellpuig > Castellnou de Seana > Golmés > Mollerussa > Bell-lloc d'Urgell > Lleida-Pirineus
2026-06-21,15632,MD,Media Distancia,Área Nordeste,REGIONAL,Par (↓ Sur/Destino),78400,Lleida-Pirineus,78500,Cervera,9,Lleida-Pirineus > Bell-lloc d'Urgell > Mollerussa > Golmés > Castellnou de Seana > Bellpuig > Anglesola > Tàrrega > Cervera
2026-06-21,15632,MD,Media Distancia,Área Nordeste,REGIONAL,Par (↓ Sur/Destino),78400,Lleida-Pirineus,78700,Terrassa Estació del Nord,18,Lleida-Pirineus > Bell-lloc d'Urgell > Mollerussa > Golmés > Castellnou de Seana > Bellpuig > Anglesola > Tàrrega > Cervera > Sant Guim de Freixenet > Sant Martí Sesgueioles > Calaf > Seguers-Sant Pere Sallavinera > Aguilar de Segarra > Rajadell > Manresa > Sant Vicenç de Castellet > Terrassa Estació del Nord
2026-06-21,15633,MD,Media Distancia,Área Nordeste,REGIONAL,Impar (↑ Norte/Origen),78500,Cervera,78400,Lleida-Pirineus,9,Cervera > Tàrrega > Anglesola > Bellpuig > Castellnou de Seana > Golmés > Mollerussa > Bell-lloc d'Urgell > Lleida-Pirineus
2026-06-21,15633,MD,Media Distancia,Área Nordeste,REGIONAL,Impar (↑ Norte/Origen),78700,Terrassa Estació del Nord,78400,Lleida-Pirineus,18,Terrassa Estació del Nord > Sant Vicenç de Castellet > Manresa > Rajadell > Aguilar de Segarra > Seguers-Sant Pere Sallavinera > Calaf > Sant Martí Sesgueioles > Sant Guim de Freixenet > Cervera > Tàrrega > Anglesola > Bellpuig > Castellnou de Seana > Golmés > Mollerussa > Bell-lloc d'Urgell > Lleida-Pirineus
2026-06-21,15634,MD,Media Distancia,Área Nordeste,REGIONAL,Par (↓ Sur/Destino),78400,Lleida-Pirineus,78500,Cervera,9,Lleida-Pirineus > Bell-lloc d'Urgell > Mollerussa > Golmés > Castellnou de Seana > Bellpuig > Anglesola > Tàrrega > Cervera
2026-06-21,15634,MD,Media Distancia,Área Nordeste,REGIONAL,Par (↓ Sur/Destino),78400,Lleida-Pirineus,78700,Terrassa Estació del Nord,18,Lleida-Pirineus > Bell-lloc d'Urgell > Mollerussa > Golmés > Castellnou de Seana > Bellpuig > Anglesola > Tàrrega > Cervera > Sant Guim de Freixenet > Sant Martí Sesgueioles > Calaf > Seguers-Sant Pere Sallavinera > Aguilar de Segarra > Rajadell > Manresa > Sant Vicenç de Castellet > Terrassa Estació del Nord
2026-06-21,15635,MD,Media Distancia,Área Nordeste,REGIONAL,Impar (↑ Norte/Origen),78500,Cervera,78400,Lleida-Pirineus,9,Cervera > Tàrrega > Anglesola > Bellpuig > Castellnou de Seana > Golmés > Mollerussa > Bell-lloc d'Urgell > Lleida-Pirineus
2026-06-21,15635,MD,Media Distancia,Área Nordeste,REGIONAL,Impar (↑ Norte/Origen),78700,Terrassa Estació del Nord,78400,Lleida-Pirineus,18,Terrassa Estació del Nord > Sant Vicenç de Castellet > Manresa > Rajadell > Aguilar de Segarra > Seguers-Sant Pere Sallavinera > Calaf > Sant Martí Sesgueioles > Sant Guim de Freixenet > Cervera > Tàrrega > Anglesola > Bellpuig > Castellnou de Seana > Golmés > Mollerussa > Bell-lloc d'Urgell > Lleida-Pirineus
2026-06-21,15636,MD,Media Distancia,Área Nordeste,REGIONAL,Par (↓ Sur/Destino),78400,Lleida-Pirineus,78500,Cervera,9,Lleida-Pirineus > Bell-lloc d'Urgell > Mollerussa > Golmés > Castellnou de Seana > Bellpuig > Anglesola > Tàrrega > Cervera
2026-06-21,15638,MD,Media Distancia,Área Nordeste,REGIONAL,Par (↓ Sur/Destino),78400,Lleida-Pirineus,78500,Cervera,9,Lleida-Pirineus > Bell-lloc d'Urgell > Mollerussa > Golmés > Castellnou de Seana > Bellpuig > Anglesola > Tàrrega > Cervera
2026-06-21,15639,MD,Media Distancia,Área Nordeste,REGIONAL,Impar (↑ Norte/Origen),78500,Cervera,78400,Lleida-Pirineus,9,Cervera > Tàrrega > Anglesola > Bellpuig > Castellnou de Seana > Golmés > Mollerussa > Bell-lloc d'Urgell > Lleida-Pirineus
2026-06-21,15640,MD,Media Distancia,Área Nordeste,REGIONAL,Par (↓ Sur/Destino),04040,Zaragoza Delicias,74217,Canfranc,17,Zaragoza Delicias > Zaragoza-Portillo > Zaragoza-Goya > Zaragoza-Miraflores > Villanueva de Gállego > Tardienta > Huesca > Ayerbe > Riglos > Santa María y la Peña > Anzánigo > Caldearenas-Aquilué > Sabiñánigo > Jaca > Castiello-Pueblo > Villanúa > Canfranc
2026-06-21,15642,MD,Media Distancia,Área Nordeste,REGIONAL,Par (↓ Sur/Destino),04040,Zaragoza Delicias,74217,Canfranc,17,Zaragoza Delicias > Zaragoza-Portillo > Zaragoza-Goya > Zaragoza-Miraflores > Villanueva de Gállego > Tardienta > Huesca > Ayerbe > Riglos > Santa María y la Peña > Anzánigo > Caldearenas-Aquilué > Sabiñánigo > Jaca > Castiello-Pueblo > Villanúa > Canfranc
2026-06-21,15645,MD,Media Distancia,Área Nordeste,REGIONAL,Impar (↑ Norte/Origen),74217,Canfranc,04040,Zaragoza Delicias,17,Canfranc > Villanúa > Castiello-Pueblo > Jaca > Sabiñánigo > Caldearenas-Aquilué > Anzánigo > Santa María y la Peña > Riglos > Ayerbe > Huesca > Tardienta > Villanueva de Gállego > Zaragoza-Miraflores > Zaragoza-Goya > Zaragoza-Portillo > Zaragoza Delicias
2026-06-21,15646,MD,Media Distancia,Área Nordeste,REGIONAL,Par (↓ Sur/Destino),04040,Zaragoza Delicias,74200,Huesca,6,Zaragoza Delicias > Zaragoza-Portillo > Zaragoza-Goya > Zaragoza-Miraflores > Tardienta > Huesca
2026-06-21,15648,MD,Media Distancia,Área Nordeste,REGIONAL,Par (↓ Sur/Destino),04040,Zaragoza Delicias,74217,Canfranc,17,Zaragoza Delicias > Zaragoza-Portillo > Zaragoza-Goya > Zaragoza-Miraflores > Villanueva de Gállego > Tardienta > Huesca > Ayerbe > Riglos > Santa María y la Peña > Anzánigo > Caldearenas-Aquilué > Sabiñánigo > Jaca > Castiello-Pueblo > Villanúa > Canfranc
2026-06-21,15650,MD,Media Distancia,Área Nordeste,REG.EXP.,Par (↓ Sur/Destino),04040,Zaragoza Delicias,78302,Binéfar,9,Zaragoza Delicias > Zaragoza-Portillo > Zaragoza-Goya > Zaragoza-Miraflores > Tardienta > Grañén > Sariñena > Monzón-Río Cinca > Binéfar
2026-06-21,15653,MD,Media Distancia,Área Nordeste,REGIONAL,Impar (↑ Norte/Origen),74217,Canfranc,04040,Zaragoza Delicias,17,Canfranc > Villanúa > Castiello-Pueblo > Jaca > Sabiñánigo > Caldearenas-Aquilué > Anzánigo > Santa María y la Peña > Riglos > Ayerbe > Huesca > Tardienta > Villanueva de Gállego > Zaragoza-Miraflores > Zaragoza-Goya > Zaragoza-Portillo > Zaragoza Delicias
2026-06-21,15655,MD,Media Distancia,Área Nordeste,REGIONAL,Impar (↑ Norte/Origen),74217,Canfranc,04040,Zaragoza Delicias,17,Canfranc > Villanúa > Castiello-Pueblo > Jaca > Sabiñánigo > Caldearenas-Aquilué > Anzánigo > Santa María y la Peña > Riglos > Ayerbe > Huesca > Tardienta > Villanueva de Gállego > Zaragoza-Miraflores > Zaragoza-Goya > Zaragoza-Portillo > Zaragoza Delicias
2026-06-21,15657,MD,Media Distancia,Área Nordeste,REG.EXP.,Impar (↑ Norte/Origen),78302,Binéfar,04040,Zaragoza Delicias,6,Binéfar > Monzón-Río Cinca > Sariñena > Grañén > Tardienta > Zaragoza Delicias
2026-06-21,15657,MD,Media Distancia,Área Nordeste,REG.EXP.,Impar (↑ Norte/Origen),78400,Lleida-Pirineus,04040,Zaragoza Delicias,4,Lleida-Pirineus > Binéfar > Monzón-Río Cinca > Zaragoza Delicias
2026-06-21,15657,MD,Media Distancia,Área Nordeste,REG.EXP.,Impar (↑ Norte/Origen),78400,Lleida-Pirineus,78200,Tardienta,6,Lleida-Pirineus > Binéfar > Monzón-Río Cinca > Sariñena > Grañén > Tardienta
2026-06-21,15659,MD,Media Distancia,Área Nordeste,REGIONAL,Impar (↑ Norte/Origen),74200,Huesca,04040,Zaragoza Delicias,6,Huesca > Tardienta > Zaragoza-Miraflores > Zaragoza-Goya > Zaragoza-Portillo > Zaragoza Delicias
2026-06-21,15702,MD,Media Distancia,Área Nordeste,MD,Par (↓ Sur/Destino),71801,Barcelona-Sants,79309,Figueres,10,Barcelona-Sants > Barcelona-Passeig de Gràcia > Barcelona El Clot > Sant Celoni > Maçanet-Massanes > Sils > Caldes de Malavella > Girona > Flaçà > Figueres
2026-06-21,15710,MD,Media Distancia,Área Nordeste,MD,Par (↓ Sur/Destino),79300,Girona,71801,Barcelona-Sants,8,Girona > Caldes de Malavella > Sils > Maçanet-Massanes > Sant Celoni > Barcelona El Clot > Barcelona-Passeig de Gràcia > Barcelona-Sants
2026-06-21,15718,MD,Media Distancia,Área Nordeste,REGIONAL,Par (↓ Sur/Destino),79309,Figueres,79315,Portbou,5,Figueres > Vilajuïga > Llançà > Colera > Portbou
2026-06-21,15720,MD,Media Distancia,Área Nordeste,MD,Par (↓ Sur/Destino),71801,Barcelona-Sants,79309,Figueres,10,Barcelona-Sants > Barcelona-Passeig de Gràcia > Barcelona El Clot > Sant Celoni > Maçanet-Massanes > Sils > Caldes de Malavella > Girona > Flaçà > Figueres
2026-06-21,15724,MD,Media Distancia,Área Nordeste,MD,Par (↓ Sur/Destino),71801,Barcelona-Sants,79309,Figueres,10,Barcelona-Sants > Barcelona-Passeig de Gràcia > Barcelona El Clot > Sant Celoni > Maçanet-Massanes > Sils > Caldes de Malavella > Girona > Flaçà > Figueres
2026-06-21,15726,MD,Media Distancia,Área Nordeste,MD,Par (↓ Sur/Destino),71801,Barcelona-Sants,79309,Figueres,10,Barcelona-Sants > Barcelona-Passeig de Gràcia > Barcelona El Clot > Sant Celoni > Maçanet-Massanes > Sils > Caldes de Malavella > Girona > Flaçà > Figueres
2026-06-21,15728,MD,Media Distancia,Área Nordeste,REGIONAL,Par (↓ Sur/Destino),71801,Barcelona-Sants,79315,Portbou,27,Barcelona-Sants > Barcelona-Passeig de Gràcia > Barcelona El Clot > Barcelona Sant Andreu > Granollers Centre > Sant Celoni > Gualba > Riells i Viabrea-Breda > Hostalric > Maçanet-Massanes > Sils > Caldes de Malavella > Riudellots > Fornells de la Selva > Girona > Celrà > Bordils-Juià > Flaçà > Sant Jordi Desvalls > Camallera > Sant Miquel de Fluvià > Vilamalla > Figueres > Vilajuïga > Llançà > Colera > Portbou
2026-06-21,15732,MD,Media Distancia,Área Nordeste,MD,Par (↓ Sur/Destino),71801,Barcelona-Sants,79315,Portbou,12,Barcelona-Sants > Barcelona-Passeig de Gràcia > Barcelona El Clot > Sant Celoni > Maçanet-Massanes > Sils > Caldes de Malavella > Girona > Flaçà > Figueres > Llançà > Portbou
2026-06-21,15734,MD,Media Distancia,Área Nordeste,MD,Par (↓ Sur/Destino),71801,Barcelona-Sants,79309,Figueres,10,Barcelona-Sants > Barcelona-Passeig de Gràcia > Barcelona El Clot > Sant Celoni > Maçanet-Massanes > Sils > Caldes de Malavella > Girona > Flaçà > Figueres
2026-06-21,15738,MD,Media Distancia,Área Nordeste,MD,Par (↓ Sur/Destino),71801,Barcelona-Sants,79309,Figueres,10,Barcelona-Sants > Barcelona-Passeig de Gràcia > Barcelona El Clot > Sant Celoni > Maçanet-Massanes > Sils > Caldes de Malavella > Girona > Flaçà > Figueres
2026-06-21,15750,MD,Media Distancia,Área Nordeste,REGIONAL,Par (↓ Sur/Destino),04040,Zaragoza Delicias,74200,Huesca,6,Zaragoza Delicias > Zaragoza-Portillo > Zaragoza-Goya > Zaragoza-Miraflores > Tardienta > Huesca
2026-06-21,15751,MD,Media Distancia,Área Nordeste,REGIONAL,Impar (↑ Norte/Origen),74200,Huesca,04040,Zaragoza Delicias,7,Huesca > Tardienta > Villanueva de Gállego > Zaragoza-Miraflores > Zaragoza-Goya > Zaragoza-Portillo > Zaragoza Delicias
2026-06-21,15753,MD,Media Distancia,Área Nordeste,REGIONAL,Impar (↑ Norte/Origen),74200,Huesca,04040,Zaragoza Delicias,7,Huesca > Tardienta > Villanueva de Gállego > Zaragoza-Miraflores > Zaragoza-Goya > Zaragoza-Portillo > Zaragoza Delicias
2026-06-21,15756,MD,Media Distancia,Área Nordeste,REGIONAL,Par (↓ Sur/Destino),04040,Zaragoza Delicias,74200,Huesca,7,Zaragoza Delicias > Zaragoza-Portillo > Zaragoza-Goya > Zaragoza-Miraflores > Villanueva de Gállego > Tardienta > Huesca
2026-06-21,15757,MD,Media Distancia,Área Nordeste,REGIONAL,Impar (↑ Norte/Origen),74200,Huesca,04040,Zaragoza Delicias,7,Huesca > Tardienta > Villanueva de Gállego > Zaragoza-Miraflores > Zaragoza-Goya > Zaragoza-Portillo > Zaragoza Delicias
2026-06-21,15758,MD,Media Distancia,Área Nordeste,REGIONAL,Par (↓ Sur/Destino),04040,Zaragoza Delicias,74200,Huesca,6,Zaragoza Delicias > Zaragoza-Portillo > Zaragoza-Goya > Zaragoza-Miraflores > Tardienta > Huesca
2026-06-21,15759,MD,Media Distancia,Área Nordeste,REGIONAL,Impar (↑ Norte/Origen),74200,Huesca,04040,Zaragoza Delicias,7,Huesca > Tardienta > Villanueva de Gállego > Zaragoza-Miraflores > Zaragoza-Goya > Zaragoza-Portillo > Zaragoza Delicias
2026-06-21,15760,MD,Media Distancia,Área Nordeste,MD,Par (↓ Sur/Destino),79315,Portbou,71801,Barcelona-Sants,12,Portbou > Llançà > Figueres > Flaçà > Girona > Caldes de Malavella > Sils > Maçanet-Massanes > Sant Celoni > Barcelona El Clot > Barcelona-Passeig de Gràcia > Barcelona-Sants
2026-06-21,15762,MD,Media Distancia,Área Nordeste,MD,Par (↓ Sur/Destino),79309,Figueres,71801,Barcelona-Sants,10,Figueres > Flaçà > Girona > Caldes de Malavella > Sils > Maçanet-Massanes > Sant Celoni > Barcelona El Clot > Barcelona-Passeig de Gràcia > Barcelona-Sants
2026-06-21,15770,MD,Media Distancia,Área Nordeste,MD,Par (↓ Sur/Destino),79309,Figueres,71801,Barcelona-Sants,10,Figueres > Flaçà > Girona > Caldes de Malavella > Sils > Maçanet-Massanes > Sant Celoni > Barcelona El Clot > Barcelona-Passeig de Gràcia > Barcelona-Sants
2026-06-21,15774,MD,Media Distancia,Área Nordeste,MD,Par (↓ Sur/Destino),79309,Figueres,71801,Barcelona-Sants,10,Figueres > Flaçà > Girona > Caldes de Malavella > Sils > Maçanet-Massanes > Sant Celoni > Barcelona El Clot > Barcelona-Passeig de Gràcia > Barcelona-Sants
2026-06-21,15776,MD,Media Distancia,Área Nordeste,REGIONAL,Par (↓ Sur/Destino),79315,Portbou,71801,Barcelona-Sants,27,Portbou > Colera > Llançà > Vilajuïga > Figueres > Vilamalla > Sant Miquel de Fluvià > Camallera > Sant Jordi Desvalls > Flaçà > Bordils-Juià > Celrà > Girona > Fornells de la Selva > Riudellots > Caldes de Malavella > Sils > Maçanet-Massanes > Hostalric > Riells i Viabrea-Breda > Gualba > Sant Celoni > Granollers Centre > Barcelona Sant Andreu > Barcelona El Clot > Barcelona-Passeig de Gràcia > Barcelona-Sants
2026-06-21,15778,MD,Media Distancia,Área Nordeste,MD,Par (↓ Sur/Destino),79309,Figueres,71801,Barcelona-Sants,10,Figueres > Flaçà > Girona > Caldes de Malavella > Sils > Maçanet-Massanes > Sant Celoni > Barcelona El Clot > Barcelona-Passeig de Gràcia > Barcelona-Sants
2026-06-21,15782,MD,Media Distancia,Área Nordeste,MD,Par (↓ Sur/Destino),79309,Figueres,71801,Barcelona-Sants,10,Figueres > Flaçà > Girona > Caldes de Malavella > Sils > Maçanet-Massanes > Sant Celoni > Barcelona El Clot > Barcelona-Passeig de Gràcia > Barcelona-Sants
2026-06-21,15784,MD,Media Distancia,Área Nordeste,MD,Par (↓ Sur/Destino),79309,Figueres,71801,Barcelona-Sants,10,Figueres > Flaçà > Girona > Caldes de Malavella > Sils > Maçanet-Massanes > Sant Celoni > Barcelona El Clot > Barcelona-Passeig de Gràcia > Barcelona-Sants
2026-06-21,15786,MD,Media Distancia,Área Nordeste,MD,Par (↓ Sur/Destino),79309,Figueres,71801,Barcelona-Sants,10,Figueres > Flaçà > Girona > Caldes de Malavella > Sils > Maçanet-Massanes > Sant Celoni > Barcelona El Clot > Barcelona-Passeig de Gràcia > Barcelona-Sants
2026-06-21,15788,MD,Media Distancia,Área Nordeste,MD,Par (↓ Sur/Destino),79309,Figueres,71801,Barcelona-Sants,10,Figueres > Flaçà > Girona > Caldes de Malavella > Sils > Maçanet-Massanes > Sant Celoni > Barcelona El Clot > Barcelona-Passeig de Gràcia > Barcelona-Sants
2026-06-21,15790,MD,Media Distancia,Área Nordeste,REGIONAL,Par (↓ Sur/Destino),79315,Portbou,71801,Barcelona-Sants,27,Portbou > Colera > Llançà > Vilajuïga > Figueres > Vilamalla > Sant Miquel de Fluvià > Camallera > Sant Jordi Desvalls > Flaçà > Bordils-Juià > Celrà > Girona > Fornells de la Selva > Riudellots > Caldes de Malavella > Sils > Maçanet-Massanes > Hostalric > Riells i Viabrea-Breda > Gualba > Sant Celoni > Granollers Centre > Barcelona Sant Andreu > Barcelona El Clot > Barcelona-Passeig de Gràcia > Barcelona-Sants
2026-06-21,15792,MD,Media Distancia,Área Nordeste,MD,Par (↓ Sur/Destino),79315,Portbou,71801,Barcelona-Sants,12,Portbou > Llançà > Figueres > Flaçà > Girona > Caldes de Malavella > Sils > Maçanet-Massanes > Sant Celoni > Barcelona El Clot > Barcelona-Passeig de Gràcia > Barcelona-Sants
2026-06-21,15794,MD,Media Distancia,Área Nordeste,REGIONAL,Par (↓ Sur/Destino),79315,Portbou,79309,Figueres,5,Portbou > Colera > Llançà > Vilajuïga > Figueres
2026-06-21,15800,MD,Media Distancia,Área Nordeste,MD,Par (↓ Sur/Destino),71801,Barcelona-Sants,79315,Portbou,12,Barcelona-Sants > Barcelona-Passeig de Gràcia > Barcelona El Clot > Sant Celoni > Maçanet-Massanes > Sils > Caldes de Malavella > Girona > Flaçà > Figueres > Llançà > Portbou
2026-06-21,15802,MD,Media Distancia,Área Nordeste,MD,Par (↓ Sur/Destino),71801,Barcelona-Sants,79309,Figueres,10,Barcelona-Sants > Barcelona-Passeig de Gràcia > Barcelona El Clot > Sant Celoni > Maçanet-Massanes > Sils > Caldes de Malavella > Girona > Flaçà > Figueres
2026-06-21,15806,MD,Media Distancia,Área Nordeste,MD,Par (↓ Sur/Destino),71801,Barcelona-Sants,79309,Figueres,10,Barcelona-Sants > Barcelona-Passeig de Gràcia > Barcelona El Clot > Sant Celoni > Maçanet-Massanes > Sils > Caldes de Malavella > Girona > Flaçà > Figueres
2026-06-21,15808,MD,Media Distancia,Área Nordeste,MD,Par (↓ Sur/Destino),71801,Barcelona-Sants,79309,Figueres,10,Barcelona-Sants > Barcelona-Passeig de Gràcia > Barcelona El Clot > Sant Celoni > Maçanet-Massanes > Sils > Caldes de Malavella > Girona > Flaçà > Figueres
2026-06-21,15812,MD,Media Distancia,Área Nordeste,MD,Par (↓ Sur/Destino),71801,Barcelona-Sants,79300,Girona,8,Barcelona-Sants > Barcelona-Passeig de Gràcia > Barcelona El Clot > Sant Celoni > Maçanet-Massanes > Sils > Caldes de Malavella > Girona
2026-06-21,15814,MD,Media Distancia,Área Nordeste,MD,Par (↓ Sur/Destino),71801,Barcelona-Sants,79309,Figueres,10,Barcelona-Sants > Barcelona-Passeig de Gràcia > Barcelona El Clot > Sant Celoni > Maçanet-Massanes > Sils > Caldes de Malavella > Girona > Flaçà > Figueres
2026-06-21,15816,MD,Media Distancia,Área Nordeste,MD,Par (↓ Sur/Destino),71801,Barcelona-Sants,79309,Figueres,10,Barcelona-Sants > Barcelona-Passeig de Gràcia > Barcelona El Clot > Sant Celoni > Maçanet-Massanes > Sils > Caldes de Malavella > Girona > Flaçà > Figueres
2026-06-21,15818,MD,Media Distancia,Área Nordeste,MD,Par (↓ Sur/Destino),71801,Barcelona-Sants,79315,Portbou,12,Barcelona-Sants > Barcelona-Passeig de Gràcia > Barcelona El Clot > Sant Celoni > Maçanet-Massanes > Sils > Caldes de Malavella > Girona > Flaçà > Figueres > Llançà > Portbou
2026-06-21,15820,MD,Media Distancia,Área Nordeste,REGIONAL,Par (↓ Sur/Destino),71801,Barcelona-Sants,79315,Portbou,27,Barcelona-Sants > Barcelona-Passeig de Gràcia > Barcelona El Clot > Barcelona Sant Andreu > Granollers Centre > Sant Celoni > Gualba > Riells i Viabrea-Breda > Hostalric > Maçanet-Massanes > Sils > Caldes de Malavella > Riudellots > Fornells de la Selva > Girona > Celrà > Bordils-Juià > Flaçà > Sant Jordi Desvalls > Camallera > Sant Miquel de Fluvià > Vilamalla > Figueres > Vilajuïga > Llançà > Colera > Portbou
2026-06-21,15850,MD,Media Distancia,Área Nordeste,MD,Par (↓ Sur/Destino),79309,Figueres,71801,Barcelona-Sants,10,Figueres > Flaçà > Girona > Caldes de Malavella > Sils > Maçanet-Massanes > Sant Celoni > Barcelona El Clot > Barcelona-Passeig de Gràcia > Barcelona-Sants
2026-06-21,15854,MD,Media Distancia,Área Nordeste,REGIONAL,Par (↓ Sur/Destino),79315,Portbou,71801,Barcelona-Sants,27,Portbou > Colera > Llançà > Vilajuïga > Figueres > Vilamalla > Sant Miquel de Fluvià > Camallera > Sant Jordi Desvalls > Flaçà > Bordils-Juià > Celrà > Girona > Fornells de la Selva > Riudellots > Caldes de Malavella > Sils > Maçanet-Massanes > Hostalric > Riells i Viabrea-Breda > Gualba > Sant Celoni > Granollers Centre > Barcelona Sant Andreu > Barcelona El Clot > Barcelona-Passeig de Gràcia > Barcelona-Sants
2026-06-21,15856,MD,Media Distancia,Área Nordeste,REGIONAL,Par (↓ Sur/Destino),79315,Portbou,71801,Barcelona-Sants,27,Portbou > Colera > Llançà > Vilajuïga > Figueres > Vilamalla > Sant Miquel de Fluvià > Camallera > Sant Jordi Desvalls > Flaçà > Bordils-Juià > Celrà > Girona > Fornells de la Selva > Riudellots > Caldes de Malavella > Sils > Maçanet-Massanes > Hostalric > Riells i Viabrea-Breda > Gualba > Sant Celoni > Granollers Centre > Barcelona Sant Andreu > Barcelona El Clot > Barcelona-Passeig de Gràcia > Barcelona-Sants
2026-06-21,15860,MD,Media Distancia,Área Nordeste,MD,Par (↓ Sur/Destino),79309,Figueres,71801,Barcelona-Sants,10,Figueres > Flaçà > Girona > Caldes de Malavella > Sils > Maçanet-Massanes > Sant Celoni > Barcelona El Clot > Barcelona-Passeig de Gràcia > Barcelona-Sants
2026-06-21,15864,MD,Media Distancia,Área Nordeste,REGIONAL,Par (↓ Sur/Destino),79315,Portbou,71801,Barcelona-Sants,27,Portbou > Colera > Llançà > Vilajuïga > Figueres > Vilamalla > Sant Miquel de Fluvià > Camallera > Sant Jordi Desvalls > Flaçà > Bordils-Juià > Celrà > Girona > Fornells de la Selva > Riudellots > Caldes de Malavella > Sils > Maçanet-Massanes > Hostalric > Riells i Viabrea-Breda > Gualba > Sant Celoni > Granollers Centre > Barcelona Sant Andreu > Barcelona El Clot > Barcelona-Passeig de Gràcia > Barcelona-Sants
2026-06-21,15866,MD,Media Distancia,Área Nordeste,REGIONAL,Par (↓ Sur/Destino),79315,Portbou,71801,Barcelona-Sants,27,Portbou > Colera > Llançà > Vilajuïga > Figueres > Vilamalla > Sant Miquel de Fluvià > Camallera > Sant Jordi Desvalls > Flaçà > Bordils-Juià > Celrà > Girona > Fornells de la Selva > Riudellots > Caldes de Malavella > Sils > Maçanet-Massanes > Hostalric > Riells i Viabrea-Breda > Gualba > Sant Celoni > Granollers Centre > Barcelona Sant Andreu > Barcelona El Clot > Barcelona-Passeig de Gràcia > Barcelona-Sants
2026-06-21,15868,MD,Media Distancia,Área Nordeste,MD,Par (↓ Sur/Destino),79309,Figueres,71801,Barcelona-Sants,10,Figueres > Flaçà > Girona > Caldes de Malavella > Sils > Maçanet-Massanes > Sant Celoni > Barcelona El Clot > Barcelona-Passeig de Gràcia > Barcelona-Sants
2026-06-21,15870,MD,Media Distancia,Área Nordeste,REGIONAL,Par (↓ Sur/Destino),79315,Portbou,71801,Barcelona-Sants,27,Portbou > Colera > Llançà > Vilajuïga > Figueres > Vilamalla > Sant Miquel de Fluvià > Camallera > Sant Jordi Desvalls > Flaçà > Bordils-Juià > Celrà > Girona > Fornells de la Selva > Riudellots > Caldes de Malavella > Sils > Maçanet-Massanes > Hostalric > Riells i Viabrea-Breda > Gualba > Sant Celoni > Granollers Centre > Barcelona Sant Andreu > Barcelona El Clot > Barcelona-Passeig de Gràcia > Barcelona-Sants
2026-06-21,15872,MD,Media Distancia,Área Nordeste,REGIONAL,Par (↓ Sur/Destino),79315,Portbou,71801,Barcelona-Sants,27,Portbou > Colera > Llançà > Vilajuïga > Figueres > Vilamalla > Sant Miquel de Fluvià > Camallera > Sant Jordi Desvalls > Flaçà > Bordils-Juià > Celrà > Girona > Fornells de la Selva > Riudellots > Caldes de Malavella > Sils > Maçanet-Massanes > Hostalric > Riells i Viabrea-Breda > Gualba > Sant Celoni > Granollers Centre > Barcelona Sant Andreu > Barcelona El Clot > Barcelona-Passeig de Gràcia > Barcelona-Sants
2026-06-21,15880,MD,Media Distancia,Área Nordeste,MD,Par (↓ Sur/Destino),79309,Figueres,71801,Barcelona-Sants,10,Figueres > Flaçà > Girona > Caldes de Malavella > Sils > Maçanet-Massanes > Sant Celoni > Barcelona El Clot > Barcelona-Passeig de Gràcia > Barcelona-Sants
2026-06-21,15880,MD,Media Distancia,Área Nordeste,MD,Par (↓ Sur/Destino),79315,Portbou,71801,Barcelona-Sants,12,Portbou > Llançà > Figueres > Flaçà > Girona > Caldes de Malavella > Sils > Maçanet-Massanes > Sant Celoni > Barcelona El Clot > Barcelona-Passeig de Gràcia > Barcelona-Sants
2026-06-21,15882,MD,Media Distancia,Área Nordeste,REGIONAL,Par (↓ Sur/Destino),79315,Portbou,71801,Barcelona-Sants,27,Portbou > Colera > Llançà > Vilajuïga > Figueres > Vilamalla > Sant Miquel de Fluvià > Camallera > Sant Jordi Desvalls > Flaçà > Bordils-Juià > Celrà > Girona > Fornells de la Selva > Riudellots > Caldes de Malavella > Sils > Maçanet-Massanes > Hostalric > Riells i Viabrea-Breda > Gualba > Sant Celoni > Granollers Centre > Barcelona Sant Andreu > Barcelona El Clot > Barcelona-Passeig de Gràcia > Barcelona-Sants
2026-06-21,15900,MD,Media Distancia,Área Nordeste,REGIONAL,Par (↓ Sur/Destino),71801,Barcelona-Sants,79316,Cerbère,28,Barcelona-Sants > Barcelona-Passeig de Gràcia > Barcelona El Clot > Barcelona Sant Andreu > Granollers Centre > Sant Celoni > Gualba > Riells i Viabrea-Breda > Hostalric > Maçanet-Massanes > Sils > Caldes de Malavella > Riudellots > Fornells de la Selva > Girona > Celrà > Bordils-Juià > Flaçà > Sant Jordi Desvalls > Camallera > Sant Miquel de Fluvià > Vilamalla > Figueres > Vilajuïga > Llançà > Colera > Portbou > Cerbère
2026-06-21,15904,MD,Media Distancia,Área Nordeste,REGIONAL,Par (↓ Sur/Destino),71801,Barcelona-Sants,79316,Cerbère,28,Barcelona-Sants > Barcelona-Passeig de Gràcia > Barcelona El Clot > Barcelona Sant Andreu > Granollers Centre > Sant Celoni > Gualba > Riells i Viabrea-Breda > Hostalric > Maçanet-Massanes > Sils > Caldes de Malavella > Riudellots > Fornells de la Selva > Girona > Celrà > Bordils-Juià > Flaçà > Sant Jordi Desvalls > Camallera > Sant Miquel de Fluvià > Vilamalla > Figueres > Vilajuïga > Llançà > Colera > Portbou > Cerbère
2026-06-21,15908,MD,Media Distancia,Área Nordeste,REGIONAL,Par (↓ Sur/Destino),71801,Barcelona-Sants,79316,Cerbère,28,Barcelona-Sants > Barcelona-Passeig de Gràcia > Barcelona El Clot > Barcelona Sant Andreu > Granollers Centre > Sant Celoni > Gualba > Riells i Viabrea-Breda > Hostalric > Maçanet-Massanes > Sils > Caldes de Malavella > Riudellots > Fornells de la Selva > Girona > Celrà > Bordils-Juià > Flaçà > Sant Jordi Desvalls > Camallera > Sant Miquel de Fluvià > Vilamalla > Figueres > Vilajuïga > Llançà > Colera > Portbou > Cerbère
2026-06-21,15910,MD,Media Distancia,Área Nordeste,REGIONAL,Par (↓ Sur/Destino),71801,Barcelona-Sants,79316,Cerbère,28,Barcelona-Sants > Barcelona-Passeig de Gràcia > Barcelona El Clot > Barcelona Sant Andreu > Granollers Centre > Sant Celoni > Gualba > Riells i Viabrea-Breda > Hostalric > Maçanet-Massanes > Sils > Caldes de Malavella > Riudellots > Fornells de la Selva > Girona > Celrà > Bordils-Juià > Flaçà > Sant Jordi Desvalls > Camallera > Sant Miquel de Fluvià > Vilamalla > Figueres > Vilajuïga > Llançà > Colera > Portbou > Cerbère
2026-06-21,15912,MD,Media Distancia,Área Nordeste,REGIONAL,Par (↓ Sur/Destino),71801,Barcelona-Sants,79316,Cerbère,28,Barcelona-Sants > Barcelona-Passeig de Gràcia > Barcelona El Clot > Barcelona Sant Andreu > Granollers Centre > Sant Celoni > Gualba > Riells i Viabrea-Breda > Hostalric > Maçanet-Massanes > Sils > Caldes de Malavella > Riudellots > Fornells de la Selva > Girona > Celrà > Bordils-Juià > Flaçà > Sant Jordi Desvalls > Camallera > Sant Miquel de Fluvià > Vilamalla > Figueres > Vilajuïga > Llançà > Colera > Portbou > Cerbère
2026-06-21,15916,MD,Media Distancia,Área Nordeste,REGIONAL,Par (↓ Sur/Destino),71801,Barcelona-Sants,79316,Cerbère,28,Barcelona-Sants > Barcelona-Passeig de Gràcia > Barcelona El Clot > Barcelona Sant Andreu > Granollers Centre > Sant Celoni > Gualba > Riells i Viabrea-Breda > Hostalric > Maçanet-Massanes > Sils > Caldes de Malavella > Riudellots > Fornells de la Selva > Girona > Celrà > Bordils-Juià > Flaçà > Sant Jordi Desvalls > Camallera > Sant Miquel de Fluvià > Vilamalla > Figueres > Vilajuïga > Llançà > Colera > Portbou > Cerbère
2026-06-21,15918,MD,Media Distancia,Área Nordeste,REGIONAL,Par (↓ Sur/Destino),71801,Barcelona-Sants,79316,Cerbère,28,Barcelona-Sants > Barcelona-Passeig de Gràcia > Barcelona El Clot > Barcelona Sant Andreu > Granollers Centre > Sant Celoni > Gualba > Riells i Viabrea-Breda > Hostalric > Maçanet-Massanes > Sils > Caldes de Malavella > Riudellots > Fornells de la Selva > Girona > Celrà > Bordils-Juià > Flaçà > Sant Jordi Desvalls > Camallera > Sant Miquel de Fluvià > Vilamalla > Figueres > Vilajuïga > Llançà > Colera > Portbou > Cerbère
2026-06-21,15920,MD,Media Distancia,Área Nordeste,REGIONAL,Par (↓ Sur/Destino),71801,Barcelona-Sants,79316,Cerbère,28,Barcelona-Sants > Barcelona-Passeig de Gràcia > Barcelona El Clot > Barcelona Sant Andreu > Granollers Centre > Sant Celoni > Gualba > Riells i Viabrea-Breda > Hostalric > Maçanet-Massanes > Sils > Caldes de Malavella > Riudellots > Fornells de la Selva > Girona > Celrà > Bordils-Juià > Flaçà > Sant Jordi Desvalls > Camallera > Sant Miquel de Fluvià > Vilamalla > Figueres > Vilajuïga > Llançà > Colera > Portbou > Cerbère
2026-06-21,16000,MD,Media Distancia,Área Norte,REG.EXP.,Par (↓ Sur/Destino),11600,Irun,11200,Miranda de Ebro,28,Irun > Lezo-Rentería > Pasaia > Herrera > Intxaurrondo > Ategorrieta > Gros > San Sebastián-Donostia > Hernani-Erdia > Andoain-Centro > Billabona-Zizurkil > Tolosa-Centro > Tolosa > Ordizia > Beasain > Ormáiztegui > Zumarraga > Legazpi > Brinkola > Altsasu > Araia > Agurain-Salvatierra de Álava > Alegría-Dulantzi > Vitoria-Gasteiz > Nanclares-Langraiz > La Puebla de Arganzón > Manzanos > Miranda de Ebro
2026-06-21,16001,MD,Media Distancia,Área Norte,REG.EXP.,Impar (↑ Norte/Origen),11200,Miranda de Ebro,11600,Irun,21,Miranda de Ebro > Manzanos > La Puebla de Arganzón > Nanclares-Langraiz > Vitoria-Gasteiz > Alegría-Dulantzi > Agurain-Salvatierra de Álava > Araia > Altsasu > Legazpi > Zumarraga > Beasain > Ordizia > Tolosa > Billabona-Zizurkil > Andoain-Centro > Hernani-Erdia > San Sebastián-Donostia > Pasaia > Lezo-Rentería > Irun
2026-06-21,16004,MD,Media Distancia,Área Norte,REG.EXP.,Par (↓ Sur/Destino),11600,Irun,11200,Miranda de Ebro,17,Irun > Lezo-Rentería > Pasaia > San Sebastián-Donostia > Tolosa > Ordizia > Beasain > Zumarraga > Legazpi > Altsasu > Araia > Agurain-Salvatierra de Álava > Alegría-Dulantzi > Vitoria-Gasteiz > Nanclares-Langraiz > La Puebla de Arganzón > Miranda de Ebro
2026-06-21,16011,MD,Media Distancia,Área Norte,REG.EXP.,Impar (↑ Norte/Origen),11200,Miranda de Ebro,71100,Zaragoza-Miraflores,24,Miranda de Ebro > Manzanos > La Puebla de Arganzón > Nanclares-Langraiz > Vitoria-Gasteiz > Alegría-Dulantzi > Agurain-Salvatierra de Álava > Araia > Altsasu-Pueblo > Etxarri-Aranatz > Uharte-Arakil > Pamplona/Iruña > Tafalla > Olite-Erriberri > Marcilla de Navarra > Villafranca de Navarra > Castejón de Ebro > Tudela de Navarra > Ribaforada > Cortes de Navarra > Zaragoza Delicias > Zaragoza-Portillo > Zaragoza-Goya > Zaragoza-Miraflores
2026-06-21,16017,MD,Media Distancia,Área Norte,REG.EXP.,Impar (↑ Norte/Origen),80100,Pamplona/Iruña,11200,Miranda de Ebro,12,Pamplona/Iruña > Uharte-Arakil > Etxarri-Aranatz > Altsasu-Pueblo > Araia > Agurain-Salvatierra de Álava > Alegría-Dulantzi > Vitoria-Gasteiz > Nanclares-Langraiz > La Puebla de Arganzón > Manzanos > Miranda de Ebro
2026-06-21,16018,MD,Media Distancia,Área Norte,REG.EXP.,Par (↓ Sur/Destino),11200,Miranda de Ebro,11014,Burgos-Rosa Manzano,4,Miranda de Ebro > Pancorbo > Briviesca > Burgos-Rosa Manzano
2026-06-21,16019,MD,Media Distancia,Área Norte,REG.EXP.,Impar (↑ Norte/Origen),11014,Burgos-Rosa Manzano,80100,Pamplona/Iruña,12,Burgos-Rosa Manzano > Briviesca > Pancorbo > Miranda de Ebro > Vitoria-Gasteiz > Alegría-Dulantzi > Agurain-Salvatierra de Álava > Araia > Altsasu-Pueblo > Etxarri-Aranatz > Uharte-Arakil > Pamplona/Iruña
2026-06-21,16019,MD,Media Distancia,Área Norte,REG.EXP.,Impar (↑ Norte/Origen),11200,Miranda de Ebro,80100,Pamplona/Iruña,9,Miranda de Ebro > Vitoria-Gasteiz > Alegría-Dulantzi > Agurain-Salvatierra de Álava > Araia > Altsasu-Pueblo > Etxarri-Aranatz > Uharte-Arakil > Pamplona/Iruña
2026-06-21,16020,MD,Media Distancia,Área Norte,REG.EXP.,Par (↓ Sur/Destino),80100,Pamplona/Iruña,71100,Zaragoza-Miraflores,20,Pamplona/Iruña > Tafalla > Olite-Erriberri > Marcilla de Navarra > Villafranca de Navarra > Castejón de Ebro > Tudela de Navarra > Ribaforada > Cortes de Navarra > Gallur > Luceni > Pedrola > Cabañas de Ebro > Alagón > Casetas > Utebo > Zaragoza Delicias > Zaragoza-Portillo > Zaragoza-Goya > Zaragoza-Miraflores
2026-06-21,16021,MD,Media Distancia,Área Norte,REGIONAL,Impar (↑ Norte/Origen),11200,Miranda de Ebro,11300,Altsasu,9,Miranda de Ebro > Manzanos > La Puebla de Arganzón > Nanclares-Langraiz > Vitoria-Gasteiz > Alegría-Dulantzi > Agurain-Salvatierra de Álava > Araia > Altsasu
2026-06-21,16022,MD,Media Distancia,Área Norte,REGIONAL,Par (↓ Sur/Destino),11300,Altsasu,11200,Miranda de Ebro,9,Altsasu > Araia > Agurain-Salvatierra de Álava > Alegría-Dulantzi > Vitoria-Gasteiz > Nanclares-Langraiz > La Puebla de Arganzón > Manzanos > Miranda de Ebro
2026-06-21,16023,MD,Media Distancia,Área Norte,REGIONAL,Impar (↑ Norte/Origen),11200,Miranda de Ebro,11300,Altsasu,9,Miranda de Ebro > Manzanos > La Puebla de Arganzón > Nanclares-Langraiz > Vitoria-Gasteiz > Alegría-Dulantzi > Agurain-Salvatierra de Álava > Araia > Altsasu
2026-06-21,16024,MD,Media Distancia,Área Norte,REGIONAL,Par (↓ Sur/Destino),11300,Altsasu,11200,Miranda de Ebro,9,Altsasu > Araia > Agurain-Salvatierra de Álava > Alegría-Dulantzi > Vitoria-Gasteiz > Nanclares-Langraiz > La Puebla de Arganzón > Manzanos > Miranda de Ebro
2026-06-21,16025,MD,Media Distancia,Área Norte,REGIONAL,Impar (↑ Norte/Origen),11200,Miranda de Ebro,11300,Altsasu,9,Miranda de Ebro > Manzanos > La Puebla de Arganzón > Nanclares-Langraiz > Vitoria-Gasteiz > Alegría-Dulantzi > Agurain-Salvatierra de Álava > Araia > Altsasu
2026-06-21,16026,MD,Media Distancia,Área Norte,REGIONAL,Par (↓ Sur/Destino),11300,Altsasu,11200,Miranda de Ebro,9,Altsasu > Araia > Agurain-Salvatierra de Álava > Alegría-Dulantzi > Vitoria-Gasteiz > Nanclares-Langraiz > La Puebla de Arganzón > Manzanos > Miranda de Ebro
2026-06-21,16027,MD,Media Distancia,Área Norte,REG.EXP.,Impar (↑ Norte/Origen),81200,Castejón de Ebro,11200,Miranda de Ebro,16,Castejón de Ebro > Villafranca de Navarra > Marcilla de Navarra > Olite-Erriberri > Tafalla > Pamplona/Iruña > Uharte-Arakil > Etxarri-Aranatz > Altsasu-Pueblo > Araia > Agurain-Salvatierra de Álava > Alegría-Dulantzi > Vitoria-Gasteiz > Nanclares-Langraiz > La Puebla de Arganzón > Miranda de Ebro
2026-06-21,16070,MD,Media Distancia,Área Norte,REG.EXP.,Par (↓ Sur/Destino),81100,Logroño,71100,Zaragoza-Miraflores,20,Logroño > Alcanadre > Calahorra > Rincón de Soto > Alfaro > Castejón de Ebro > Tudela de Navarra > Ribaforada > Cortes de Navarra > Gallur > Luceni > Pedrola > Cabañas de Ebro > Alagón > Casetas > Utebo > Zaragoza Delicias > Zaragoza-Portillo > Zaragoza-Goya > Zaragoza-Miraflores
2026-06-21,16071,MD,Media Distancia,Área Norte,REG.EXP.,Impar (↑ Norte/Origen),81200,Castejón de Ebro,81100,Logroño,7,Castejón de Ebro > Alfaro > Rincón de Soto > Calahorra > Alcanadre > Agoncillo > Logroño
2026-06-21,16111,MD,Media Distancia,Área Norte,REG.EXP.,Impar (↑ Norte/Origen),11200,Miranda de Ebro,81200,Castejón de Ebro,17,Miranda de Ebro > Manzanos > La Puebla de Arganzón > Nanclares-Langraiz > Vitoria-Gasteiz > Alegría-Dulantzi > Agurain-Salvatierra de Álava > Araia > Altsasu-Pueblo > Etxarri-Aranatz > Uharte-Arakil > Pamplona/Iruña > Tafalla > Olite-Erriberri > Marcilla de Navarra > Villafranca de Navarra > Castejón de Ebro
2026-06-21,16204,MD,Media Distancia,Área Norte,REG.EXP.,Par (↓ Sur/Destino),11300,Altsasu,11200,Miranda de Ebro,9,Altsasu > Araia > Agurain-Salvatierra de Álava > Alegría-Dulantzi > Vitoria-Gasteiz > Nanclares-Langraiz > La Puebla de Arganzón > Manzanos > Miranda de Ebro
2026-06-21,16207,MD,Media Distancia,Área Norte,REG.EXP.,Impar (↑ Norte/Origen),11200,Miranda de Ebro,11300,Altsasu,9,Miranda de Ebro > Manzanos > La Puebla de Arganzón > Nanclares-Langraiz > Vitoria-Gasteiz > Alegría-Dulantzi > Agurain-Salvatierra de Álava > Araia > Altsasu
2026-06-21,17000,MD,Media Distancia,Área Centro,MD,Par (↓ Sur/Destino),17000,Madrid-Chamartín-Clara Campoamor,60400,Alcázar de San Juan,8,Madrid-Chamartín-Clara Campoamor > Madrid-Atocha Cercanías > Aranjuez > Castillejo-Añover > Villasequilla > Villacañas > Quero > Alcázar de San Juan
2026-06-21,17008,MD,Media Distancia,Área Centro,MD,Par (↓ Sur/Destino),18000,Madrid-Atocha Cercanías,60400,Alcázar de San Juan,5,Madrid-Atocha Cercanías > Aranjuez > Villacañas > Quero > Alcázar de San Juan
2026-06-21,17012,MD,Media Distancia,Área Centro,REG.EXP.,Par (↓ Sur/Destino),18000,Madrid-Atocha Cercanías,37500,Mérida,12,Madrid-Atocha Cercanías > Leganés > Fuenlabrada > Illescas > Torrijos > Talavera de la Reina > Oropesa de Toledo > Navalmoral de la Mata > Casatejada > Monfragüe > Cáceres > Mérida
2026-06-21,17012,MD,Media Distancia,Área Centro,REG.EXP.,Par (↓ Sur/Destino),18000,Madrid-Atocha Cercanías,30002,Plasencia,11,Madrid-Atocha Cercanías > Leganés > Fuenlabrada > Illescas > Torrijos > Talavera de la Reina > Oropesa de Toledo > Navalmoral de la Mata > Casatejada > Monfragüe > Plasencia
2026-06-21,17012,MD,Media Distancia,Área Centro,REG.EXP.,Par (↓ Sur/Destino),30002,Plasencia,37500,Mérida,3,Plasencia > Cáceres > Mérida
2026-06-21,17018,MD,Media Distancia,Área Centro,REG.EXP.,Par (↓ Sur/Destino),18000,Madrid-Atocha Cercanías,35400,Cáceres,14,Madrid-Atocha Cercanías > Leganés > Fuenlabrada > Illescas > Torrijos > Talavera de la Reina > Oropesa de Toledo > Navalmoral de la Mata > Casatejada > Monfragüe > Mirabel > Casas de Millán > Cañaveral > Cáceres
2026-06-21,17018,MD,Media Distancia,Área Centro,REG.EXP.,Par (↓ Sur/Destino),18000,Madrid-Atocha Cercanías,30002,Plasencia,11,Madrid-Atocha Cercanías > Leganés > Fuenlabrada > Illescas > Torrijos > Talavera de la Reina > Oropesa de Toledo > Navalmoral de la Mata > Casatejada > Monfragüe > Plasencia
2026-06-21,17018,MD,Media Distancia,Área Centro,REG.EXP.,Par (↓ Sur/Destino),30002,Plasencia,35400,Cáceres,5,Plasencia > Mirabel > Casas de Millán > Cañaveral > Cáceres
2026-06-21,17021,MD,Media Distancia,Área Centro,REG.EXP.,Impar (↑ Norte/Origen),35400,Cáceres,18000,Madrid-Atocha Cercanías,14,Cáceres > Cañaveral > Casas de Millán > Mirabel > Monfragüe > Casatejada > Navalmoral de la Mata > Oropesa de Toledo > Talavera de la Reina > Torrijos > Illescas > Fuenlabrada > Leganés > Madrid-Atocha Cercanías
2026-06-21,17021,MD,Media Distancia,Área Centro,REG.EXP.,Impar (↑ Norte/Origen),35400,Cáceres,30002,Plasencia,5,Cáceres > Cañaveral > Casas de Millán > Mirabel > Plasencia
2026-06-21,17021,MD,Media Distancia,Área Centro,REG.EXP.,Impar (↑ Norte/Origen),30002,Plasencia,18000,Madrid-Atocha Cercanías,11,Plasencia > Monfragüe > Casatejada > Navalmoral de la Mata > Oropesa de Toledo > Talavera de la Reina > Torrijos > Illescas > Fuenlabrada > Leganés > Madrid-Atocha Cercanías
2026-06-21,17026,MD,Media Distancia,Área Centro,REG.EXP.,Par (↓ Sur/Destino),37500,Mérida,18000,Madrid-Atocha Cercanías,12,Mérida > Cáceres > Monfragüe > Casatejada > Navalmoral de la Mata > Oropesa de Toledo > Talavera de la Reina > Torrijos > Illescas > Fuenlabrada > Leganés > Madrid-Atocha Cercanías
2026-06-21,17026,MD,Media Distancia,Área Centro,REG.EXP.,Par (↓ Sur/Destino),37500,Mérida,30002,Plasencia,3,Mérida > Cáceres > Plasencia
2026-06-21,17026,MD,Media Distancia,Área Centro,REG.EXP.,Par (↓ Sur/Destino),30002,Plasencia,18000,Madrid-Atocha Cercanías,11,Plasencia > Monfragüe > Casatejada > Navalmoral de la Mata > Oropesa de Toledo > Talavera de la Reina > Torrijos > Illescas > Fuenlabrada > Leganés > Madrid-Atocha Cercanías
2026-06-21,17028,MD,Media Distancia,Área Centro,REGIONAL,Par (↓ Sur/Destino),35400,Cáceres,35406,Valencia de Alcántara,4,Cáceres > Arroyo de Malpartida > San Vicente de Alcántara > Valencia de Alcántara
2026-06-21,17029,MD,Media Distancia,Área Centro,REGIONAL,Impar (↑ Norte/Origen),35406,Valencia de Alcántara,35400,Cáceres,4,Valencia de Alcántara > San Vicente de Alcántara > Arroyo de Malpartida > Cáceres
2026-06-21,17030,MD,Media Distancia,Área Centro,MD,Par (↓ Sur/Destino),35400,Cáceres,37606,Badajoz,2,Cáceres > Badajoz
2026-06-21,17031,MD,Media Distancia,Área Centro,MD,Impar (↑ Norte/Origen),37606,Badajoz,35400,Cáceres,2,Badajoz > Cáceres
2026-06-21,17032,MD,Media Distancia,Área Centro,MD,Par (↓ Sur/Destino),35400,Cáceres,37606,Badajoz,2,Cáceres > Badajoz
2026-06-21,17033,MD,Media Distancia,Área Centro,MD,Impar (↑ Norte/Origen),37606,Badajoz,35400,Cáceres,2,Badajoz > Cáceres
2026-06-21,17041,MD,Media Distancia,Área Centro,MD,Impar (↑ Norte/Origen),37200,Ciudad Real,17000,Madrid-Chamartín-Clara Campoamor,12,Ciudad Real > Almagro > Daimiel > Manzanares > Cinco Casas > Alcázar de San Juan > Quero > Villacañas > Villasequilla > Aranjuez > Madrid-Atocha Cercanías > Madrid-Chamartín-Clara Campoamor
2026-06-21,17042,MD,Media Distancia,Área Centro,MD,Par (↓ Sur/Destino),60400,Alcázar de San Juan,37200,Ciudad Real,6,Alcázar de San Juan > Cinco Casas > Manzanares > Daimiel > Almagro > Ciudad Real
2026-06-21,17043,MD,Media Distancia,Área Centro,MD,Impar (↑ Norte/Origen),37200,Ciudad Real,60400,Alcázar de San Juan,5,Ciudad Real > Almagro > Daimiel > Manzanares > Alcázar de San Juan
2026-06-21,17044,MD,Media Distancia,Área Centro,MD,Par (↓ Sur/Destino),60400,Alcázar de San Juan,37200,Ciudad Real,6,Alcázar de San Juan > Cinco Casas > Manzanares > Daimiel > Almagro > Ciudad Real
2026-06-21,17045,MD,Media Distancia,Área Centro,MD,Impar (↑ Norte/Origen),37200,Ciudad Real,60400,Alcázar de San Juan,5,Ciudad Real > Almagro > Daimiel > Manzanares > Alcázar de San Juan
2026-06-21,17050,MD,Media Distancia,Área Centro,REG.EXP.,Par (↓ Sur/Destino),04040,Zaragoza Delicias,79400,Barcelona Estació de França,28,Zaragoza Delicias > Zaragoza-Portillo > Zaragoza-Goya > Zaragoza-Miraflores > Quinto > La Zaida-Sástago > La Puebla de Híjar > Samper > Caspe > Nonaspe > Faió-La Pobla de Massaluca > Riba-roja d'Ebre > Flix > Ascó > Móra la Nova > Capçanes > Marçà-Falset > Les Borges del Camp > Reus > Vila-seca > Tarragona > Altafulla-Tamarit > Torredembarra > Sant Vicenç de Calders > Vilanova i la Geltrú > Barcelona-Sants > Barcelona-Passeig de Gràcia > Barcelona Estació de França
2026-06-21,17052,MD,Media Distancia,Área Centro,REGIONAL,Par (↓ Sur/Destino),04040,Zaragoza Delicias,78400,Lleida-Pirineus,4,Zaragoza Delicias > Monzón-Río Cinca > Binéfar > Lleida-Pirineus
2026-06-21,17052,MD,Media Distancia,Área Centro,REGIONAL,Par (↓ Sur/Destino),04040,Zaragoza Delicias,78302,Binéfar,7,Zaragoza Delicias > Villanueva de Gállego > Tardienta > Grañén > Sariñena > Monzón-Río Cinca > Binéfar
2026-06-21,17056,MD,Media Distancia,Área Centro,REG.EXP.,Par (↓ Sur/Destino),04040,Zaragoza Delicias,79400,Barcelona Estació de França,29,Zaragoza Delicias > Zaragoza-Portillo > Zaragoza-Goya > Zaragoza-Miraflores > Quinto > La Zaida-Sástago > La Puebla de Híjar > Samper > Caspe > Fabara > Nonaspe > Faió-La Pobla de Massaluca > Riba-roja d'Ebre > Flix > Ascó > Móra la Nova > Capçanes > Marçà-Falset > Les Borges del Camp > Reus > Vila-seca > Tarragona > Altafulla-Tamarit > Torredembarra > Sant Vicenç de Calders > Vilanova i la Geltrú > Barcelona-Sants > Barcelona-Passeig de Gràcia > Barcelona Estació de França
2026-06-21,17100,MD,Media Distancia,Área Centro,REGIONAL,Par (↓ Sur/Destino),10400,Ávila,17000,Madrid-Chamartín-Clara Campoamor,21,Ávila > Herradón-La Cañada > Navalperal > Las Navas del Marqués > El Pimpollar > Santa María de la Alameda-Peguerinos > Robledo de Chavela > Zarzalejo > El Escorial > Las Zorreras-Navalquejigo > San Yago > Villalba de Guadarrama > Pinar de las Rozas > Las Rozas > Pozuelo > Aravaca > Madrid-Príncipe Pío > Madrid-Atocha Cercanías > Madrid-Recoletos > Madrid-Nuevos Ministerios > Madrid-Chamartín-Clara Campoamor
2026-06-21,17102,MD,Media Distancia,Área Centro,REGIONAL,Par (↓ Sur/Destino),10400,Ávila,18000,Madrid-Atocha Cercanías,22,Ávila > Herradón-La Cañada > Navalperal > Las Navas del Marqués > Santa María de la Alameda-Peguerinos > Robledo de Chavela > Zarzalejo > El Escorial > Las Zorreras-Navalquejigo > San Yago > Villalba de Guadarrama > Galapagar-La Navata > Torrelodones > Las Matas > Pinar de las Rozas > Pitis > Mirasierra-Paco de Lucía > Madrid-Ramón y Cajal > Madrid-Chamartín-Clara Campoamor > Madrid-Nuevos Ministerios > Madrid-Recoletos > Madrid-Atocha Cercanías
2026-06-21,17104,MD,Media Distancia,Área Centro,REGIONAL,Par (↓ Sur/Destino),10400,Ávila,18000,Madrid-Atocha Cercanías,23,Ávila > Herradón-La Cañada > Navalperal > Las Navas del Marqués > El Pimpollar > Santa María de la Alameda-Peguerinos > Robledo de Chavela > Zarzalejo > El Escorial > Las Zorreras-Navalquejigo > San Yago > Villalba de Guadarrama > Galapagar-La Navata > Torrelodones > Las Matas > Pinar de las Rozas > Pitis > Mirasierra-Paco de Lucía > Madrid-Ramón y Cajal > Madrid-Chamartín-Clara Campoamor > Madrid-Nuevos Ministerios > Madrid-Recoletos > Madrid-Atocha Cercanías
2026-06-21,17106,MD,Media Distancia,Área Centro,REGIONAL,Par (↓ Sur/Destino),10400,Ávila,17000,Madrid-Chamartín-Clara Campoamor,20,Ávila > Herradón-La Cañada > Navalperal > Las Navas del Marqués > Santa María de la Alameda-Peguerinos > Robledo de Chavela > Zarzalejo > El Escorial > Las Zorreras-Navalquejigo > San Yago > Villalba de Guadarrama > Pinar de las Rozas > Las Rozas > Pozuelo > Aravaca > Madrid-Príncipe Pío > Madrid-Atocha Cercanías > Madrid-Recoletos > Madrid-Nuevos Ministerios > Madrid-Chamartín-Clara Campoamor
2026-06-21,17113,MD,Media Distancia,Área Centro,REGIONAL,Impar (↑ Norte/Origen),18000,Madrid-Atocha Cercanías,10400,Ávila,23,Madrid-Atocha Cercanías > Madrid-Recoletos > Madrid-Nuevos Ministerios > Madrid-Chamartín-Clara Campoamor > Madrid-Ramón y Cajal > Mirasierra-Paco de Lucía > Pitis > Pinar de las Rozas > Las Matas > Torrelodones > Galapagar-La Navata > Villalba de Guadarrama > San Yago > Las Zorreras-Navalquejigo > El Escorial > Zarzalejo > Robledo de Chavela > Santa María de la Alameda-Peguerinos > El Pimpollar > Las Navas del Marqués > Navalperal > Herradón-La Cañada > Ávila
2026-06-21,17120,MD,Media Distancia,Área Centro,REGIONAL,Par (↓ Sur/Destino),12100,Segovia,18000,Madrid-Atocha Cercanías,24,Segovia > Navas de Riofrío-La Losa > Ortigosa del Monte > Otero-Herreros > Los Ángeles de San Rafael > El Espinar > San Rafael > Cercedilla > Los Molinos-Guadarrama > Collado Mediano > Alpedrete > Los Negrales > Villalba de Guadarrama > Galapagar-La Navata > Torrelodones > Las Matas > Pinar de las Rozas > Pitis > Mirasierra-Paco de Lucía > Madrid-Ramón y Cajal > Madrid-Chamartín-Clara Campoamor > Madrid-Nuevos Ministerios > Madrid-Recoletos > Madrid-Atocha Cercanías
2026-06-21,17121,MD,Media Distancia,Área Centro,REGIONAL,Impar (↑ Norte/Origen),12006,Cercedilla,12100,Segovia,8,Cercedilla > San Rafael > El Espinar > Los Ángeles de San Rafael > Otero-Herreros > Ortigosa del Monte > Navas de Riofrío-La Losa > Segovia
2026-06-21,17122,MD,Media Distancia,Área Centro,REGIONAL,Par (↓ Sur/Destino),12100,Segovia,18000,Madrid-Atocha Cercanías,24,Segovia > Navas de Riofrío-La Losa > Ortigosa del Monte > Otero-Herreros > Los Ángeles de San Rafael > El Espinar > San Rafael > Cercedilla > Los Molinos-Guadarrama > Collado Mediano > Alpedrete > Los Negrales > Villalba de Guadarrama > Galapagar-La Navata > Torrelodones > Las Matas > Pinar de las Rozas > Pitis > Mirasierra-Paco de Lucía > Madrid-Ramón y Cajal > Madrid-Chamartín-Clara Campoamor > Madrid-Nuevos Ministerios > Madrid-Recoletos > Madrid-Atocha Cercanías
2026-06-21,17123,MD,Media Distancia,Área Centro,REGIONAL,Impar (↑ Norte/Origen),18000,Madrid-Atocha Cercanías,12100,Segovia,17,Madrid-Atocha Cercanías > Madrid-Recoletos > Madrid-Nuevos Ministerios > Madrid-Chamartín-Clara Campoamor > Villalba de Guadarrama > Los Negrales > Alpedrete > Collado Mediano > Los Molinos-Guadarrama > Cercedilla > San Rafael > El Espinar > Los Ángeles de San Rafael > Otero-Herreros > Ortigosa del Monte > Navas de Riofrío-La Losa > Segovia
2026-06-21,17124,MD,Media Distancia,Área Centro,REGIONAL,Par (↓ Sur/Destino),12100,Segovia,18000,Madrid-Atocha Cercanías,24,Segovia > Navas de Riofrío-La Losa > Ortigosa del Monte > Otero-Herreros > Los Ángeles de San Rafael > El Espinar > San Rafael > Cercedilla > Los Molinos-Guadarrama > Collado Mediano > Alpedrete > Los Negrales > Villalba de Guadarrama > Galapagar-La Navata > Torrelodones > Las Matas > Pinar de las Rozas > Pitis > Mirasierra-Paco de Lucía > Madrid-Ramón y Cajal > Madrid-Chamartín-Clara Campoamor > Madrid-Nuevos Ministerios > Madrid-Recoletos > Madrid-Atocha Cercanías
2026-06-21,17125,MD,Media Distancia,Área Centro,REGIONAL,Impar (↑ Norte/Origen),18000,Madrid-Atocha Cercanías,12100,Segovia,24,Madrid-Atocha Cercanías > Madrid-Recoletos > Madrid-Nuevos Ministerios > Madrid-Chamartín-Clara Campoamor > Madrid-Ramón y Cajal > Mirasierra-Paco de Lucía > Pitis > Pinar de las Rozas > Las Matas > Torrelodones > Galapagar-La Navata > Villalba de Guadarrama > Los Negrales > Alpedrete > Collado Mediano > Los Molinos-Guadarrama > Cercedilla > San Rafael > El Espinar > Los Ángeles de San Rafael > Otero-Herreros > Ortigosa del Monte > Navas de Riofrío-La Losa > Segovia
2026-06-21,17126,MD,Media Distancia,Área Centro,REGIONAL,Par (↓ Sur/Destino),12100,Segovia,18000,Madrid-Atocha Cercanías,24,Segovia > Navas de Riofrío-La Losa > Ortigosa del Monte > Otero-Herreros > Los Ángeles de San Rafael > El Espinar > San Rafael > Cercedilla > Los Molinos-Guadarrama > Collado Mediano > Alpedrete > Los Negrales > Villalba de Guadarrama > Galapagar-La Navata > Torrelodones > Las Matas > Pinar de las Rozas > Pitis > Mirasierra-Paco de Lucía > Madrid-Ramón y Cajal > Madrid-Chamartín-Clara Campoamor > Madrid-Nuevos Ministerios > Madrid-Recoletos > Madrid-Atocha Cercanías
2026-06-21,17127,MD,Media Distancia,Área Centro,REGIONAL,Impar (↑ Norte/Origen),18000,Madrid-Atocha Cercanías,12100,Segovia,24,Madrid-Atocha Cercanías > Madrid-Recoletos > Madrid-Nuevos Ministerios > Madrid-Chamartín-Clara Campoamor > Madrid-Ramón y Cajal > Mirasierra-Paco de Lucía > Pitis > Pinar de las Rozas > Las Matas > Torrelodones > Galapagar-La Navata > Villalba de Guadarrama > Los Negrales > Alpedrete > Collado Mediano > Los Molinos-Guadarrama > Cercedilla > San Rafael > El Espinar > Los Ángeles de San Rafael > Otero-Herreros > Ortigosa del Monte > Navas de Riofrío-La Losa > Segovia
2026-06-21,17128,MD,Media Distancia,Área Centro,REGIONAL,Par (↓ Sur/Destino),12100,Segovia,18000,Madrid-Atocha Cercanías,24,Segovia > Navas de Riofrío-La Losa > Ortigosa del Monte > Otero-Herreros > Los Ángeles de San Rafael > El Espinar > San Rafael > Cercedilla > Los Molinos-Guadarrama > Collado Mediano > Alpedrete > Los Negrales > Villalba de Guadarrama > Galapagar-La Navata > Torrelodones > Las Matas > Pinar de las Rozas > Pitis > Mirasierra-Paco de Lucía > Madrid-Ramón y Cajal > Madrid-Chamartín-Clara Campoamor > Madrid-Nuevos Ministerios > Madrid-Recoletos > Madrid-Atocha Cercanías
2026-06-21,17129,MD,Media Distancia,Área Centro,REGIONAL,Impar (↑ Norte/Origen),18000,Madrid-Atocha Cercanías,12100,Segovia,24,Madrid-Atocha Cercanías > Madrid-Recoletos > Madrid-Nuevos Ministerios > Madrid-Chamartín-Clara Campoamor > Madrid-Ramón y Cajal > Mirasierra-Paco de Lucía > Pitis > Pinar de las Rozas > Las Matas > Torrelodones > Galapagar-La Navata > Villalba de Guadarrama > Los Negrales > Alpedrete > Collado Mediano > Los Molinos-Guadarrama > Cercedilla > San Rafael > El Espinar > Los Ángeles de San Rafael > Otero-Herreros > Ortigosa del Monte > Navas de Riofrío-La Losa > Segovia
2026-06-21,17130,MD,Media Distancia,Área Centro,REGIONAL,Par (↓ Sur/Destino),12100,Segovia,18000,Madrid-Atocha Cercanías,24,Segovia > Navas de Riofrío-La Losa > Ortigosa del Monte > Otero-Herreros > Los Ángeles de San Rafael > El Espinar > San Rafael > Cercedilla > Los Molinos-Guadarrama > Collado Mediano > Alpedrete > Los Negrales > Villalba de Guadarrama > Galapagar-La Navata > Torrelodones > Las Matas > Pinar de las Rozas > Pitis > Mirasierra-Paco de Lucía > Madrid-Ramón y Cajal > Madrid-Chamartín-Clara Campoamor > Madrid-Nuevos Ministerios > Madrid-Recoletos > Madrid-Atocha Cercanías
2026-06-21,17131,MD,Media Distancia,Área Centro,REGIONAL,Impar (↑ Norte/Origen),18000,Madrid-Atocha Cercanías,12100,Segovia,24,Madrid-Atocha Cercanías > Madrid-Recoletos > Madrid-Nuevos Ministerios > Madrid-Chamartín-Clara Campoamor > Madrid-Ramón y Cajal > Mirasierra-Paco de Lucía > Pitis > Pinar de las Rozas > Las Matas > Torrelodones > Galapagar-La Navata > Villalba de Guadarrama > Los Negrales > Alpedrete > Collado Mediano > Los Molinos-Guadarrama > Cercedilla > San Rafael > El Espinar > Los Ángeles de San Rafael > Otero-Herreros > Ortigosa del Monte > Navas de Riofrío-La Losa > Segovia
2026-06-21,17132,MD,Media Distancia,Área Centro,REGIONAL,Par (↓ Sur/Destino),12100,Segovia,18000,Madrid-Atocha Cercanías,24,Segovia > Navas de Riofrío-La Losa > Ortigosa del Monte > Otero-Herreros > Los Ángeles de San Rafael > El Espinar > San Rafael > Cercedilla > Los Molinos-Guadarrama > Collado Mediano > Alpedrete > Los Negrales > Villalba de Guadarrama > Galapagar-La Navata > Torrelodones > Las Matas > Pinar de las Rozas > Pitis > Mirasierra-Paco de Lucía > Madrid-Ramón y Cajal > Madrid-Chamartín-Clara Campoamor > Madrid-Nuevos Ministerios > Madrid-Recoletos > Madrid-Atocha Cercanías
2026-06-21,17133,MD,Media Distancia,Área Centro,REGIONAL,Impar (↑ Norte/Origen),18000,Madrid-Atocha Cercanías,12100,Segovia,24,Madrid-Atocha Cercanías > Madrid-Recoletos > Madrid-Nuevos Ministerios > Madrid-Chamartín-Clara Campoamor > Madrid-Ramón y Cajal > Mirasierra-Paco de Lucía > Pitis > Pinar de las Rozas > Las Matas > Torrelodones > Galapagar-La Navata > Villalba de Guadarrama > Los Negrales > Alpedrete > Collado Mediano > Los Molinos-Guadarrama > Cercedilla > San Rafael > El Espinar > Los Ángeles de San Rafael > Otero-Herreros > Ortigosa del Monte > Navas de Riofrío-La Losa > Segovia
2026-06-21,17134,MD,Media Distancia,Área Centro,REGIONAL,Par (↓ Sur/Destino),12100,Segovia,18000,Madrid-Atocha Cercanías,24,Segovia > Navas de Riofrío-La Losa > Ortigosa del Monte > Otero-Herreros > Los Ángeles de San Rafael > El Espinar > San Rafael > Cercedilla > Los Molinos-Guadarrama > Collado Mediano > Alpedrete > Los Negrales > Villalba de Guadarrama > Galapagar-La Navata > Torrelodones > Las Matas > Pinar de las Rozas > Pitis > Mirasierra-Paco de Lucía > Madrid-Ramón y Cajal > Madrid-Chamartín-Clara Campoamor > Madrid-Nuevos Ministerios > Madrid-Recoletos > Madrid-Atocha Cercanías
2026-06-21,17135,MD,Media Distancia,Área Centro,REGIONAL,Impar (↑ Norte/Origen),18000,Madrid-Atocha Cercanías,12100,Segovia,24,Madrid-Atocha Cercanías > Madrid-Recoletos > Madrid-Nuevos Ministerios > Madrid-Chamartín-Clara Campoamor > Madrid-Ramón y Cajal > Mirasierra-Paco de Lucía > Pitis > Pinar de las Rozas > Las Matas > Torrelodones > Galapagar-La Navata > Villalba de Guadarrama > Los Negrales > Alpedrete > Collado Mediano > Los Molinos-Guadarrama > Cercedilla > San Rafael > El Espinar > Los Ángeles de San Rafael > Otero-Herreros > Ortigosa del Monte > Navas de Riofrío-La Losa > Segovia
2026-06-21,17136,MD,Media Distancia,Área Centro,REGIONAL,Par (↓ Sur/Destino),12100,Segovia,12006,Cercedilla,8,Segovia > Navas de Riofrío-La Losa > Ortigosa del Monte > Otero-Herreros > Los Ángeles de San Rafael > El Espinar > San Rafael > Cercedilla
2026-06-21,17139,MD,Media Distancia,Área Centro,REGIONAL,Impar (↑ Norte/Origen),18000,Madrid-Atocha Cercanías,12100,Segovia,24,Madrid-Atocha Cercanías > Madrid-Recoletos > Madrid-Nuevos Ministerios > Madrid-Chamartín-Clara Campoamor > Madrid-Ramón y Cajal > Mirasierra-Paco de Lucía > Pitis > Pinar de las Rozas > Las Matas > Torrelodones > Galapagar-La Navata > Villalba de Guadarrama > Los Negrales > Alpedrete > Collado Mediano > Los Molinos-Guadarrama > Cercedilla > San Rafael > El Espinar > Los Ángeles de San Rafael > Otero-Herreros > Ortigosa del Monte > Navas de Riofrío-La Losa > Segovia
2026-06-21,17151,MD,Media Distancia,Área Centro,REGIONAL,Impar (↑ Norte/Origen),18000,Madrid-Atocha Cercanías,10400,Ávila,23,Madrid-Atocha Cercanías > Madrid-Recoletos > Madrid-Nuevos Ministerios > Madrid-Chamartín-Clara Campoamor > Madrid-Ramón y Cajal > Mirasierra-Paco de Lucía > Pitis > Pinar de las Rozas > Las Matas > Torrelodones > Galapagar-La Navata > Villalba de Guadarrama > San Yago > Las Zorreras-Navalquejigo > El Escorial > Zarzalejo > Robledo de Chavela > Santa María de la Alameda-Peguerinos > El Pimpollar > Las Navas del Marqués > Navalperal > Herradón-La Cañada > Ávila
2026-06-21,17154,MD,Media Distancia,Área Centro,REGIONAL,Par (↓ Sur/Destino),10400,Ávila,18000,Madrid-Atocha Cercanías,23,Ávila > Herradón-La Cañada > Navalperal > Las Navas del Marqués > El Pimpollar > Santa María de la Alameda-Peguerinos > Robledo de Chavela > Zarzalejo > El Escorial > Las Zorreras-Navalquejigo > San Yago > Villalba de Guadarrama > Galapagar-La Navata > Torrelodones > Las Matas > Pinar de las Rozas > Pitis > Mirasierra-Paco de Lucía > Madrid-Ramón y Cajal > Madrid-Chamartín-Clara Campoamor > Madrid-Nuevos Ministerios > Madrid-Recoletos > Madrid-Atocha Cercanías
2026-06-21,17161,MD,Media Distancia,Área Centro,REGIONAL,Impar (↑ Norte/Origen),17000,Madrid-Chamartín-Clara Campoamor,10400,Ávila,21,Madrid-Chamartín-Clara Campoamor > Madrid-Ramón y Cajal > Mirasierra-Paco de Lucía > Pitis > Pinar de las Rozas > Las Matas > Torrelodones > Galapagar-La Navata > Villalba de Guadarrama > San Yago > Las Zorreras-Navalquejigo > El Escorial > Zarzalejo > Robledo de Chavela > Santa María de la Alameda-Peguerinos > El Pimpollar > Las Navas del Marqués > Navalperal > Herradón-La Cañada > Guimorcondo > Ávila
2026-06-21,17161,MD,Media Distancia,Área Centro,REGIONAL,Impar (↑ Norte/Origen),18000,Madrid-Atocha Cercanías,10400,Ávila,24,Madrid-Atocha Cercanías > Madrid-Recoletos > Madrid-Nuevos Ministerios > Madrid-Chamartín-Clara Campoamor > Madrid-Ramón y Cajal > Mirasierra-Paco de Lucía > Pitis > Pinar de las Rozas > Las Matas > Torrelodones > Galapagar-La Navata > Villalba de Guadarrama > San Yago > Las Zorreras-Navalquejigo > El Escorial > Zarzalejo > Robledo de Chavela > Santa María de la Alameda-Peguerinos > El Pimpollar > Las Navas del Marqués > Navalperal > Herradón-La Cañada > Guimorcondo > Ávila
2026-06-21,17190,MD,Media Distancia,Área Centro,PROXIMDAD,Par (↓ Sur/Destino),18000,Madrid-Atocha Cercanías,35005,Illescas,5,Madrid-Atocha Cercanías > Leganés > Fuenlabrada > Humanes > Illescas
2026-06-21,17191,MD,Media Distancia,Área Centro,PROXIMDAD,Impar (↑ Norte/Origen),35005,Illescas,18000,Madrid-Atocha Cercanías,5,Illescas > Humanes > Fuenlabrada > Leganés > Madrid-Atocha Cercanías
2026-06-21,17192,MD,Media Distancia,Área Centro,PROXIMDAD,Par (↓ Sur/Destino),18000,Madrid-Atocha Cercanías,35005,Illescas,5,Madrid-Atocha Cercanías > Leganés > Fuenlabrada > Humanes > Illescas
2026-06-21,17193,MD,Media Distancia,Área Centro,PROXIMDAD,Impar (↑ Norte/Origen),35005,Illescas,18000,Madrid-Atocha Cercanías,5,Illescas > Humanes > Fuenlabrada > Leganés > Madrid-Atocha Cercanías
2026-06-21,17200,MD,Media Distancia,Área Centro,REG.EXP.,Par (↓ Sur/Destino),10600,Valladolid-Campo Grande,10400,Ávila,8,Valladolid-Campo Grande > Viana > Valdestillas > Matapozuelos > Pozaldez > Medina del Campo > Arévalo > Ávila
2026-06-21,17201,MD,Media Distancia,Área Centro,REG.EXP.,Impar (↑ Norte/Origen),10400,Ávila,10610,Valladolid Universidad,9,Ávila > Arévalo > Medina del Campo > Pozaldez > Matapozuelos > Valdestillas > Viana > Valladolid-Campo Grande > Valladolid Universidad
2026-06-21,17203,MD,Media Distancia,Área Centro,REG.EXP.,Impar (↑ Norte/Origen),10400,Ávila,10600,Valladolid-Campo Grande,8,Ávila > Arévalo > Medina del Campo > Pozaldez > Matapozuelos > Valdestillas > Viana > Valladolid-Campo Grande
2026-06-21,17218,MD,Media Distancia,Área Centro,REG.EXP.,Par (↓ Sur/Destino),10600,Valladolid-Campo Grande,10400,Ávila,8,Valladolid-Campo Grande > Viana > Valdestillas > Matapozuelos > Pozaldez > Medina del Campo > Arévalo > Ávila
2026-06-21,17221,MD,Media Distancia,Área Centro,REG.EXP.,Impar (↑ Norte/Origen),10400,Ávila,10600,Valladolid-Campo Grande,8,Ávila > Arévalo > Medina del Campo > Pozaldez > Matapozuelos > Valdestillas > Viana > Valladolid-Campo Grande
2026-06-21,17226,MD,Media Distancia,Área Centro,PROXIMDAD,Par (↓ Sur/Destino),10600,Valladolid-Campo Grande,10500,Medina del Campo,6,Valladolid-Campo Grande > Viana > Valdestillas > Matapozuelos > Pozaldez > Medina del Campo
2026-06-21,17227,MD,Media Distancia,Área Centro,PROXIMDAD,Impar (↑ Norte/Origen),10500,Medina del Campo,10600,Valladolid-Campo Grande,6,Medina del Campo > Pozaldez > Matapozuelos > Valdestillas > Viana > Valladolid-Campo Grande
2026-06-21,17229,MD,Media Distancia,Área Centro,PROXIMDAD,Impar (↑ Norte/Origen),10500,Medina del Campo,10600,Valladolid-Campo Grande,6,Medina del Campo > Pozaldez > Matapozuelos > Valdestillas > Viana > Valladolid-Campo Grande
2026-06-21,17300,MD,Media Distancia,Área Centro,REG.EXP.,Par (↓ Sur/Destino),17000,Madrid-Chamartín-Clara Campoamor,82100,Soria,10,Madrid-Chamartín-Clara Campoamor > Alcalá de Henares > Guadalajara > Jadraque > Sigüenza > Torralba > Almazán-Villa > Tardelcuende > Quintana Redonda > Soria
2026-06-21,17301,MD,Media Distancia,Área Centro,REG.EXP.,Impar (↑ Norte/Origen),82100,Soria,17000,Madrid-Chamartín-Clara Campoamor,9,Soria > Quintana Redonda > Tardelcuende > Almazán-Villa > Sigüenza > Jadraque > Guadalajara > Alcalá de Henares > Madrid-Chamartín-Clara Campoamor
2026-06-21,17302,MD,Media Distancia,Área Centro,REG.EXP.,Par (↓ Sur/Destino),17000,Madrid-Chamartín-Clara Campoamor,82100,Soria,10,Madrid-Chamartín-Clara Campoamor > Alcalá de Henares > Guadalajara > Jadraque > Sigüenza > Torralba > Almazán-Villa > Tardelcuende > Quintana Redonda > Soria
2026-06-21,17303,MD,Media Distancia,Área Centro,REG.EXP.,Impar (↑ Norte/Origen),82100,Soria,17000,Madrid-Chamartín-Clara Campoamor,9,Soria > Quintana Redonda > Tardelcuende > Almazán-Villa > Sigüenza > Jadraque > Guadalajara > Alcalá de Henares > Madrid-Chamartín-Clara Campoamor
2026-06-21,17304,MD,Media Distancia,Área Centro,REG.EXP.,Par (↓ Sur/Destino),17000,Madrid-Chamartín-Clara Campoamor,82100,Soria,9,Madrid-Chamartín-Clara Campoamor > Alcalá de Henares > Guadalajara > Jadraque > Sigüenza > Almazán-Villa > Tardelcuende > Quintana Redonda > Soria
2026-06-21,17305,MD,Media Distancia,Área Centro,REG.EXP.,Impar (↑ Norte/Origen),82100,Soria,17000,Madrid-Chamartín-Clara Campoamor,10,Soria > Quintana Redonda > Tardelcuende > Almazán-Villa > Torralba > Sigüenza > Jadraque > Guadalajara > Alcalá de Henares > Madrid-Chamartín-Clara Campoamor
2026-06-21,17306,MD,Media Distancia,Área Centro,REG.EXP.,Par (↓ Sur/Destino),17000,Madrid-Chamartín-Clara Campoamor,82100,Soria,9,Madrid-Chamartín-Clara Campoamor > Alcalá de Henares > Guadalajara > Jadraque > Sigüenza > Almazán-Villa > Tardelcuende > Quintana Redonda > Soria
2026-06-21,17307,MD,Media Distancia,Área Centro,REG.EXP.,Impar (↑ Norte/Origen),82100,Soria,17000,Madrid-Chamartín-Clara Campoamor,13,Soria > Quintana Redonda > Tardelcuende > Almazán-Villa > Torralba > Sigüenza > Matillas > Jadraque > Carrascosa de Henares > Espinosa de Henares > Guadalajara > Alcalá de Henares > Madrid-Chamartín-Clara Campoamor
2026-06-21,17307,MD,Media Distancia,Área Centro,REG.EXP.,Impar (↑ Norte/Origen),82100,Soria,70300,Baides,7,Soria > Quintana Redonda > Tardelcuende > Almazán-Villa > Torralba > Sigüenza > Baides
2026-06-21,17307,MD,Media Distancia,Área Centro,REG.EXP.,Impar (↑ Norte/Origen),70300,Baides,17000,Madrid-Chamartín-Clara Campoamor,8,Baides > Matillas > Jadraque > Carrascosa de Henares > Espinosa de Henares > Guadalajara > Alcalá de Henares > Madrid-Chamartín-Clara Campoamor
2026-06-21,17402,MD,Media Distancia,Área Centro,REGIONAL,Par (↓ Sur/Destino),17000,Madrid-Chamartín-Clara Campoamor,70302,Sigüenza,9,Madrid-Chamartín-Clara Campoamor > San Fernando de Henares > Torrejón de Ardoz > Alcalá de Henares > Alcalá de Henares-Universidad > Meco > Azuqueca > Guadalajara > Sigüenza
2026-06-21,17408,MD,Media Distancia,Área Centro,REGIONAL,Par (↓ Sur/Destino),17000,Madrid-Chamartín-Clara Campoamor,70302,Sigüenza,20,Madrid-Chamartín-Clara Campoamor > Madrid-Nuevos Ministerios > Madrid-Recoletos > Madrid-Atocha Cercanías > Asamblea de Madrid-Entrevías > El Pozo > Vallecas > Santa Eugenia > Vicálvaro > Coslada > San Fernando de Henares > Torrejón de Ardoz > Soto del Henares > La Garena > Alcalá de Henares > Alcalá de Henares-Universidad > Meco > Azuqueca > Guadalajara > Sigüenza
2026-06-21,17501,MD,Media Distancia,Área Centro,REG.EXP.,Impar (↑ Norte/Origen),79400,Barcelona Estació de França,04040,Zaragoza Delicias,28,Barcelona Estació de França > Barcelona-Passeig de Gràcia > Barcelona-Sants > Vilanova i la Geltrú > Sant Vicenç de Calders > Torredembarra > Altafulla-Tamarit > Tarragona > Vila-seca > Reus > Les Borges del Camp > Marçà-Falset > Capçanes > Móra la Nova > Ascó > Flix > Riba-roja d'Ebre > Faió-La Pobla de Massaluca > Nonaspe > Caspe > Samper > La Puebla de Híjar > La Zaida-Sástago > Quinto > Zaragoza-Miraflores > Zaragoza-Goya > Zaragoza-Portillo > Zaragoza Delicias
2026-06-21,17503,MD,Media Distancia,Área Centro,REGIONAL,Impar (↑ Norte/Origen),78400,Lleida-Pirineus,04040,Zaragoza Delicias,11,Lleida-Pirineus > Binéfar > Monzón-Río Cinca > Sariñena > Grañén > Tardienta > Villanueva de Gállego > Zaragoza-Miraflores > Zaragoza-Goya > Zaragoza-Portillo > Zaragoza Delicias
2026-06-21,17505,MD,Media Distancia,Área Centro,REG.EXP.,Impar (↑ Norte/Origen),79400,Barcelona Estació de França,04040,Zaragoza Delicias,29,Barcelona Estació de França > Barcelona-Passeig de Gràcia > Barcelona-Sants > Vilanova i la Geltrú > Sant Vicenç de Calders > Torredembarra > Altafulla-Tamarit > Tarragona > Vila-seca > Reus > Les Borges del Camp > Marçà-Falset > Capçanes > Móra la Nova > Ascó > Flix > Riba-roja d'Ebre > Faió-La Pobla de Massaluca > Nonaspe > Fabara > Caspe > Samper > La Puebla de Híjar > La Zaida-Sástago > Quinto > Zaragoza-Miraflores > Zaragoza-Goya > Zaragoza-Portillo > Zaragoza Delicias
2026-06-21,17702,MD,Media Distancia,Área Centro,REGIONAL,Par (↓ Sur/Destino),18000,Madrid-Atocha Cercanías,35200,Talavera de la Reina,7,Madrid-Atocha Cercanías > Leganés > Fuenlabrada > Illescas > Torrijos > Montearagón > Talavera de la Reina
2026-06-21,17703,MD,Media Distancia,Área Centro,REGIONAL,Impar (↑ Norte/Origen),35200,Talavera de la Reina,18000,Madrid-Atocha Cercanías,5,Talavera de la Reina > Torrijos > Illescas > Fuenlabrada > Madrid-Atocha Cercanías
2026-06-21,17705,MD,Media Distancia,Área Centro,REGIONAL,Impar (↑ Norte/Origen),35200,Talavera de la Reina,18000,Madrid-Atocha Cercanías,6,Talavera de la Reina > Torrijos > Illescas > Fuenlabrada > Leganés > Madrid-Atocha Cercanías
2026-06-21,17706,MD,Media Distancia,Área Centro,REGIONAL,Par (↓ Sur/Destino),18000,Madrid-Atocha Cercanías,35200,Talavera de la Reina,6,Madrid-Atocha Cercanías > Leganés > Fuenlabrada > Illescas > Torrijos > Talavera de la Reina
2026-06-21,17707,MD,Media Distancia,Área Centro,REGIONAL,Impar (↑ Norte/Origen),35200,Talavera de la Reina,18000,Madrid-Atocha Cercanías,7,Talavera de la Reina > Montearagón > Torrijos > Illescas > Fuenlabrada > Leganés > Madrid-Atocha Cercanías
2026-06-21,17801,MD,Media Distancia,Área Centro,REGIONAL,Impar (↑ Norte/Origen),37606,Badajoz,37406,Villanueva de la Serena,10,Badajoz > Guadiana > Montijo-El Molino > Montijo > Garrovilla-Las Vegas > Mérida > Guareña > Valdetorres > Don Benito > Villanueva de la Serena
2026-06-21,17803,MD,Media Distancia,Área Centro,REG.EXP.,Impar (↑ Norte/Origen),37606,Badajoz,37311,Cabeza del Buey,14,Badajoz > Guadiana > Montijo-El Molino > Montijo > Garrovilla-Las Vegas > Mérida > Guareña > Valdetorres > Don Benito > Villanueva de la Serena > Campanario > Castuera > Almorchón > Cabeza del Buey
2026-06-21,17806,MD,Media Distancia,Área Centro,REG.EXP.,Par (↓ Sur/Destino),37311,Cabeza del Buey,37606,Badajoz,14,Cabeza del Buey > Almorchón > Castuera > Campanario > Villanueva de la Serena > Don Benito > Valdetorres > Guareña > Mérida > Garrovilla-Las Vegas > Montijo > Montijo-El Molino > Guadiana > Badajoz
2026-06-21,17810,MD,Media Distancia,Área Centro,REGIONAL,Par (↓ Sur/Destino),37406,Villanueva de la Serena,37606,Badajoz,10,Villanueva de la Serena > Don Benito > Valdetorres > Guareña > Mérida > Garrovilla-Las Vegas > Montijo > Montijo-El Molino > Guadiana > Badajoz
2026-06-21,17812,MD,Media Distancia,Área Centro,REG.EXP.,Par (↓ Sur/Destino),37311,Cabeza del Buey,37606,Badajoz,14,Cabeza del Buey > Almorchón > Castuera > Campanario > Villanueva de la Serena > Don Benito > Valdetorres > Guareña > Mérida > Garrovilla-Las Vegas > Montijo > Montijo-El Molino > Guadiana > Badajoz
2026-06-21,17815,MD,Media Distancia,Área Centro,REGIONAL,Impar (↑ Norte/Origen),40100,Zafra,37500,Mérida,7,Zafra > Zafra Feria > Los Santos de Maimona > Villafranca de los Barros > Almendralejo > Calamonte > Mérida
2026-06-21,17817,MD,Media Distancia,Área Centro,REGIONAL,Impar (↑ Norte/Origen),40100,Zafra,37500,Mérida,7,Zafra > Zafra Feria > Los Santos de Maimona > Villafranca de los Barros > Almendralejo > Calamonte > Mérida
2026-06-21,17823,MD,Media Distancia,Área Centro,REGIONAL,Impar (↑ Norte/Origen),37500,Mérida,40100,Zafra,7,Mérida > Calamonte > Almendralejo > Villafranca de los Barros > Los Santos de Maimona > Zafra Feria > Zafra
2026-06-21,17902,MD,Media Distancia,Área Centro,MD,Par (↓ Sur/Destino),18000,Madrid-Atocha Cercanías,51003,Sevilla-Santa Justa,25,Madrid-Atocha Cercanías > Leganés > Illescas > Torrijos > Talavera de la Reina > Oropesa de Toledo > Navalmoral de la Mata > Monfragüe > Cáceres > Mérida > Calamonte > Almendralejo > Villafranca de los Barros > Los Santos de Maimona > Zafra Feria > Zafra > Llerena > Fuente del Arco > Guadalcanal > Cazalla-Constantina > Pedroso > Villanueva del Río-Minas > Tocina > Los Rosales > Sevilla-Santa Justa
2026-06-21,17902,MD,Media Distancia,Área Centro,MD,Par (↓ Sur/Destino),18000,Madrid-Atocha Cercanías,30002,Plasencia,9,Madrid-Atocha Cercanías > Leganés > Illescas > Torrijos > Talavera de la Reina > Oropesa de Toledo > Navalmoral de la Mata > Monfragüe > Plasencia
2026-06-21,17902,MD,Media Distancia,Área Centro,MD,Par (↓ Sur/Destino),30002,Plasencia,51003,Sevilla-Santa Justa,18,Plasencia > Cáceres > Mérida > Calamonte > Almendralejo > Villafranca de los Barros > Los Santos de Maimona > Zafra Feria > Zafra > Llerena > Fuente del Arco > Guadalcanal > Cazalla-Constantina > Pedroso > Villanueva del Río-Minas > Tocina > Los Rosales > Sevilla-Santa Justa
2026-06-21,17907,MD,Media Distancia,Área Centro,MD,Impar (↑ Norte/Origen),51003,Sevilla-Santa Justa,18000,Madrid-Atocha Cercanías,25,Sevilla-Santa Justa > Los Rosales > Tocina > Villanueva del Río-Minas > Pedroso > Cazalla-Constantina > Guadalcanal > Fuente del Arco > Llerena > Zafra > Zafra Feria > Los Santos de Maimona > Villafranca de los Barros > Almendralejo > Calamonte > Mérida > Cáceres > Monfragüe > Navalmoral de la Mata > Oropesa de Toledo > Talavera de la Reina > Torrijos > Illescas > Leganés > Madrid-Atocha Cercanías
2026-06-21,17907,MD,Media Distancia,Área Centro,MD,Impar (↑ Norte/Origen),51003,Sevilla-Santa Justa,30002,Plasencia,18,Sevilla-Santa Justa > Los Rosales > Tocina > Villanueva del Río-Minas > Pedroso > Cazalla-Constantina > Guadalcanal > Fuente del Arco > Llerena > Zafra > Zafra Feria > Los Santos de Maimona > Villafranca de los Barros > Almendralejo > Calamonte > Mérida > Cáceres > Plasencia
2026-06-21,17907,MD,Media Distancia,Área Centro,MD,Impar (↑ Norte/Origen),51003,Sevilla-Santa Justa,35400,Cáceres,6,Sevilla-Santa Justa > Villafranca de los Barros > Almendralejo > Calamonte > Mérida > Cáceres
2026-06-21,17907,MD,Media Distancia,Área Centro,MD,Impar (↑ Norte/Origen),30002,Plasencia,18000,Madrid-Atocha Cercanías,9,Plasencia > Monfragüe > Navalmoral de la Mata > Oropesa de Toledo > Talavera de la Reina > Torrijos > Illescas > Leganés > Madrid-Atocha Cercanías
2026-06-21,18001,MD,Media Distancia,Área Varias,MD,Impar (↑ Norte/Origen),10000,Madrid-Príncipe Pío,10600,Valladolid-Campo Grande,13,Madrid-Príncipe Pío > Villalba de Guadarrama > El Escorial > Zarzalejo > Robledo de Chavela > Santa María de la Alameda-Peguerinos > Las Navas del Marqués > Navalperal > Herradón-La Cañada > Ávila > Arévalo > Medina del Campo > Valladolid-Campo Grande
2026-06-21,18002,MD,Media Distancia,Área Varias,MD,Par (↓ Sur/Destino),15100,León,10000,Madrid-Príncipe Pío,20,León > Sahagún > Villada > Paredes de Nava > Palencia > Venta de Baños > Valladolid Universidad > Valladolid-Campo Grande > Medina del Campo > Arévalo > Ávila > Herradón-La Cañada > Navalperal > Las Navas del Marqués > Santa María de la Alameda-Peguerinos > Robledo de Chavela > Zarzalejo > El Escorial > Villalba de Guadarrama > Madrid-Príncipe Pío
2026-06-21,18003,MD,Media Distancia,Área Varias,MD,Impar (↑ Norte/Origen),10000,Madrid-Príncipe Pío,15100,León,13,Madrid-Príncipe Pío > Villalba de Guadarrama > El Escorial > Ávila > Arévalo > Medina del Campo > Valladolid-Campo Grande > Venta de Baños > Palencia > Paredes de Nava > Villada > Sahagún > León
2026-06-21,18004,MD,Media Distancia,Área Varias,MD,Par (↓ Sur/Destino),10600,Valladolid-Campo Grande,10000,Madrid-Príncipe Pío,17,Valladolid-Campo Grande > Viana > Valdestillas > Matapozuelos > Pozaldez > Medina del Campo > Arévalo > Ávila > Herradón-La Cañada > Navalperal > Las Navas del Marqués > Santa María de la Alameda-Peguerinos > Robledo de Chavela > Zarzalejo > El Escorial > Villalba de Guadarrama > Madrid-Príncipe Pío
2026-06-21,18005,MD,Media Distancia,Área Varias,MD,Impar (↑ Norte/Origen),10000,Madrid-Príncipe Pío,15100,León,19,Madrid-Príncipe Pío > Villalba de Guadarrama > El Escorial > Zarzalejo > Robledo de Chavela > Santa María de la Alameda-Peguerinos > Las Navas del Marqués > Navalperal > Herradón-La Cañada > Ávila > Arévalo > Medina del Campo > Valladolid-Campo Grande > Venta de Baños > Palencia > Paredes de Nava > Villada > Sahagún > León
2026-06-21,18006,MD,Media Distancia,Área Varias,MD,Par (↓ Sur/Destino),15100,León,10000,Madrid-Príncipe Pío,19,León > Sahagún > Villada > Paredes de Nava > Palencia > Venta de Baños > Valladolid-Campo Grande > Medina del Campo > Arévalo > Ávila > Herradón-La Cañada > Navalperal > Las Navas del Marqués > Santa María de la Alameda-Peguerinos > Robledo de Chavela > Zarzalejo > El Escorial > Villalba de Guadarrama > Madrid-Príncipe Pío
2026-06-21,18007,MD,Media Distancia,Área Varias,MD,Impar (↑ Norte/Origen),10000,Madrid-Príncipe Pío,14100,Palencia,16,Madrid-Príncipe Pío > Villalba de Guadarrama > El Escorial > Zarzalejo > Robledo de Chavela > Santa María de la Alameda-Peguerinos > Las Navas del Marqués > Navalperal > Herradón-La Cañada > Ávila > Arévalo > Medina del Campo > Valladolid-Campo Grande > Dueñas > Venta de Baños > Palencia
2026-06-21,18008,MD,Media Distancia,Área Varias,REG.EXP.,Par (↓ Sur/Destino),11208,Vitoria-Gasteiz,10000,Madrid-Príncipe Pío,18,Vitoria-Gasteiz > Miranda de Ebro > Briviesca > Burgos-Rosa Manzano > Venta de Baños > Valladolid-Campo Grande > Medina del Campo > Arévalo > Ávila > Herradón-La Cañada > Navalperal > Las Navas del Marqués > Santa María de la Alameda-Peguerinos > Robledo de Chavela > Zarzalejo > El Escorial > Villalba de Guadarrama > Madrid-Príncipe Pío
2026-06-21,18009,MD,Media Distancia,Área Varias,REG.EXP.,Impar (↑ Norte/Origen),10000,Madrid-Príncipe Pío,11208,Vitoria-Gasteiz,18,Madrid-Príncipe Pío > Villalba de Guadarrama > El Escorial > Zarzalejo > Robledo de Chavela > Santa María de la Alameda-Peguerinos > Las Navas del Marqués > Navalperal > Herradón-La Cañada > Ávila > Arévalo > Medina del Campo > Valladolid-Campo Grande > Venta de Baños > Burgos-Rosa Manzano > Briviesca > Miranda de Ebro > Vitoria-Gasteiz
2026-06-21,18010,MD,Media Distancia,Área Varias,MD,Par (↓ Sur/Destino),11300,Altsasu,10000,Madrid-Príncipe Pío,20,Altsasu > Araia > Agurain-Salvatierra de Álava > Alegría-Dulantzi > Vitoria-Gasteiz > Miranda de Ebro > Pancorbo > Briviesca > Burgos-Rosa Manzano > Villaquirán > Quintana del Puente > Magaz > Venta de Baños > Valladolid-Campo Grande > Medina del Campo > Arévalo > Ávila > El Escorial > Villalba de Guadarrama > Madrid-Príncipe Pío
2026-06-21,18010,MD,Media Distancia,Área Varias,MD,Par (↓ Sur/Destino),11300,Altsasu,14100,Palencia,13,Altsasu > Araia > Agurain-Salvatierra de Álava > Alegría-Dulantzi > Vitoria-Gasteiz > Miranda de Ebro > Pancorbo > Briviesca > Burgos-Rosa Manzano > Villaquirán > Quintana del Puente > Magaz > Palencia
2026-06-21,18010,MD,Media Distancia,Área Varias,MD,Par (↓ Sur/Destino),14100,Palencia,10000,Madrid-Príncipe Pío,9,Palencia > Venta de Baños > Valladolid-Campo Grande > Medina del Campo > Arévalo > Ávila > El Escorial > Villalba de Guadarrama > Madrid-Príncipe Pío
2026-06-21,18011,MD,Media Distancia,Área Varias,MD,Impar (↑ Norte/Origen),10000,Madrid-Príncipe Pío,10600,Valladolid-Campo Grande,13,Madrid-Príncipe Pío > Villalba de Guadarrama > El Escorial > Zarzalejo > Robledo de Chavela > Santa María de la Alameda-Peguerinos > Las Navas del Marqués > Navalperal > Herradón-La Cañada > Ávila > Arévalo > Medina del Campo > Valladolid-Campo Grande
2026-06-21,18012,MD,Media Distancia,Área Varias,MD,Par (↓ Sur/Destino),11600,Irun,10000,Madrid-Príncipe Pío,28,Irun > Lezo-Rentería > Pasaia > San Sebastián-Donostia > Hernani-Erdia > Andoain-Centro > Billabona-Zizurkil > Tolosa > Ordizia > Beasain > Zumarraga > Legazpi > Altsasu > Araia > Agurain-Salvatierra de Álava > Alegría-Dulantzi > Vitoria-Gasteiz > Miranda de Ebro > Briviesca > Burgos-Rosa Manzano > Venta de Baños > Valladolid-Campo Grande > Medina del Campo > Arévalo > Ávila > El Escorial > Villalba de Guadarrama > Madrid-Príncipe Pío
2026-06-21,18012,MD,Media Distancia,Área Varias,MD,Par (↓ Sur/Destino),11600,Irun,14100,Palencia,21,Irun > Lezo-Rentería > Pasaia > San Sebastián-Donostia > Hernani-Erdia > Andoain-Centro > Billabona-Zizurkil > Tolosa > Ordizia > Beasain > Zumarraga > Legazpi > Altsasu > Araia > Agurain-Salvatierra de Álava > Alegría-Dulantzi > Vitoria-Gasteiz > Miranda de Ebro > Briviesca > Burgos-Rosa Manzano > Palencia
2026-06-21,18012,MD,Media Distancia,Área Varias,MD,Par (↓ Sur/Destino),14100,Palencia,10000,Madrid-Príncipe Pío,9,Palencia > Venta de Baños > Valladolid-Campo Grande > Medina del Campo > Arévalo > Ávila > El Escorial > Villalba de Guadarrama > Madrid-Príncipe Pío
2026-06-21,18014,MD,Media Distancia,Área Varias,MD,Par (↓ Sur/Destino),11600,Irun,10000,Madrid-Príncipe Pío,36,Irun > Lezo-Rentería > Pasaia > San Sebastián-Donostia > Hernani-Erdia > Andoain-Centro > Billabona-Zizurkil > Tolosa > Ordizia > Beasain > Zumarraga > Legazpi > Altsasu > Araia > Agurain-Salvatierra de Álava > Alegría-Dulantzi > Vitoria-Gasteiz > Miranda de Ebro > Briviesca > Burgos-Rosa Manzano > Venta de Baños > Valladolid-Campo Grande > Medina del Campo > Arévalo > Ávila > Guimorcondo > Herradón-La Cañada > Navalperal > Las Navas del Marqués > El Pimpollar > Santa María de la Alameda-Peguerinos > Robledo de Chavela > Zarzalejo > El Escorial > Villalba de Guadarrama > Madrid-Príncipe Pío
2026-06-21,18014,MD,Media Distancia,Área Varias,MD,Par (↓ Sur/Destino),11600,Irun,14100,Palencia,21,Irun > Lezo-Rentería > Pasaia > San Sebastián-Donostia > Hernani-Erdia > Andoain-Centro > Billabona-Zizurkil > Tolosa > Ordizia > Beasain > Zumarraga > Legazpi > Altsasu > Araia > Agurain-Salvatierra de Álava > Alegría-Dulantzi > Vitoria-Gasteiz > Miranda de Ebro > Briviesca > Burgos-Rosa Manzano > Palencia
2026-06-21,18014,MD,Media Distancia,Área Varias,MD,Par (↓ Sur/Destino),14100,Palencia,10000,Madrid-Príncipe Pío,17,Palencia > Venta de Baños > Valladolid-Campo Grande > Medina del Campo > Arévalo > Ávila > Guimorcondo > Herradón-La Cañada > Navalperal > Las Navas del Marqués > El Pimpollar > Santa María de la Alameda-Peguerinos > Robledo de Chavela > Zarzalejo > El Escorial > Villalba de Guadarrama > Madrid-Príncipe Pío
2026-06-21,18018,MD,Media Distancia,Área Varias,REG.EXP.,Par (↓ Sur/Destino),60400,Alcázar de San Juan,65000,València-Estació del Nord,12,Alcázar de San Juan > Campo de Criptana > Socuéllamos > Villarrobledo > Minaya > La Roda de Albacete > La Gineta > Albacete-Los Llanos > Almansa > La Encina > Xàtiva > València-Estació del Nord
2026-06-21,18019,MD,Media Distancia,Área Varias,REG.EXP.,Impar (↑ Norte/Origen),71100,Zaragoza-Miraflores,81200,Castejón de Ebro,11,Zaragoza-Miraflores > Zaragoza-Goya > Zaragoza-Portillo > Zaragoza Delicias > Alagón > Luceni > Gallur > Cortes de Navarra > Ribaforada > Tudela de Navarra > Castejón de Ebro
2026-06-21,18021,MD,Media Distancia,Área Varias,REG.EXP.,Impar (↑ Norte/Origen),71100,Zaragoza-Miraflores,11200,Miranda de Ebro,31,Zaragoza-Miraflores > Zaragoza-Goya > Zaragoza-Portillo > Zaragoza Delicias > Utebo > Casetas > Alagón > Cabañas de Ebro > Pedrola > Luceni > Gallur > Cortes de Navarra > Ribaforada > Tudela de Navarra > Castejón de Ebro > Villafranca de Navarra > Marcilla de Navarra > Olite-Erriberri > Tafalla > Pamplona/Iruña > Uharte-Arakil > Etxarri-Aranatz > Altsasu-Pueblo > Araia > Agurain-Salvatierra de Álava > Alegría-Dulantzi > Vitoria-Gasteiz > Nanclares-Langraiz > La Puebla de Arganzón > Manzanos > Miranda de Ebro
2026-06-21,18022,MD,Media Distancia,Área Varias,REG.EXP.,Par (↓ Sur/Destino),80100,Pamplona/Iruña,71100,Zaragoza-Miraflores,14,Pamplona/Iruña > Tafalla > Olite-Erriberri > Marcilla de Navarra > Villafranca de Navarra > Castejón de Ebro > Tudela de Navarra > Ribaforada > Cortes de Navarra > Alagón > Zaragoza Delicias > Zaragoza-Portillo > Zaragoza-Goya > Zaragoza-Miraflores
2026-06-21,18023,MD,Media Distancia,Área Varias,REG.EXP.,Impar (↑ Norte/Origen),71100,Zaragoza-Miraflores,80100,Pamplona/Iruña,14,Zaragoza-Miraflores > Zaragoza-Goya > Zaragoza-Portillo > Zaragoza Delicias > Alagón > Cortes de Navarra > Ribaforada > Tudela de Navarra > Castejón de Ebro > Villafranca de Navarra > Marcilla de Navarra > Olite-Erriberri > Tafalla > Pamplona/Iruña
2026-06-21,18024,MD,Media Distancia,Área Varias,REG.EXP.,Par (↓ Sur/Destino),37200,Ciudad Real,65000,València-Estació del Nord,16,Ciudad Real > Almagro > Daimiel > Manzanares > Alcázar de San Juan > Campo de Criptana > Socuéllamos > Villarrobledo > Minaya > La Roda de Albacete > La Gineta > Albacete-Los Llanos > Almansa > La Encina > Xàtiva > València-Estació del Nord
2026-06-21,18024,MD,Media Distancia,Área Varias,REG.EXP.,Par (↓ Sur/Destino),60400,Alcázar de San Juan,65000,València-Estació del Nord,12,Alcázar de San Juan > Campo de Criptana > Socuéllamos > Villarrobledo > Minaya > La Roda de Albacete > La Gineta > Albacete-Los Llanos > Almansa > La Encina > Xàtiva > València-Estació del Nord
2026-06-21,18027,MD,Media Distancia,Área Varias,REG.EXP.,Impar (↑ Norte/Origen),65000,València-Estació del Nord,60400,Alcázar de San Juan,13,València-Estació del Nord > Silla > Xàtiva > La Encina > Almansa > Albacete-Los Llanos > La Gineta > La Roda de Albacete > Minaya > Villarrobledo > Socuéllamos > Campo de Criptana > Alcázar de San Juan
2026-06-21,18027,MD,Media Distancia,Área Varias,REG.EXP.,Impar (↑ Norte/Origen),65000,València-Estació del Nord,37200,Ciudad Real,17,València-Estació del Nord > Silla > Xàtiva > La Encina > Almansa > Albacete-Los Llanos > La Gineta > La Roda de Albacete > Minaya > Villarrobledo > Socuéllamos > Campo de Criptana > Alcázar de San Juan > Manzanares > Daimiel > Almagro > Ciudad Real
2026-06-21,18029,MD,Media Distancia,Área Varias,REG.EXP.,Impar (↑ Norte/Origen),11200,Miranda de Ebro,71100,Zaragoza-Miraflores,31,Miranda de Ebro > Manzanos > La Puebla de Arganzón > Nanclares-Langraiz > Vitoria-Gasteiz > Alegría-Dulantzi > Agurain-Salvatierra de Álava > Araia > Altsasu-Pueblo > Etxarri-Aranatz > Uharte-Arakil > Pamplona/Iruña > Tafalla > Olite-Erriberri > Marcilla de Navarra > Villafranca de Navarra > Castejón de Ebro > Tudela de Navarra > Ribaforada > Cortes de Navarra > Gallur > Luceni > Pedrola > Cabañas de Ebro > Alagón > Casetas > Utebo > Zaragoza Delicias > Zaragoza-Portillo > Zaragoza-Goya > Zaragoza-Miraflores
2026-06-21,18030,MD,Media Distancia,Área Varias,MD,Par (↓ Sur/Destino),17000,Madrid-Chamartín-Clara Campoamor,03100,Jaén,15,Madrid-Chamartín-Clara Campoamor > Madrid-Atocha Cercanías > Aranjuez > Villasequilla > Villacañas > Quero > Alcázar de San Juan > Manzanares > Valdepeñas > Santa Cruz de Mudela > Almuradiel-Viso del Marqués > Vilches > Linares-Baeza > Mengíbar-Artichuela > Jaén
2026-06-21,18031,MD,Media Distancia,Área Varias,MD,Impar (↑ Norte/Origen),03100,Jaén,17000,Madrid-Chamartín-Clara Campoamor,13,Jaén > Linares-Baeza > Vilches > Almuradiel-Viso del Marqués > Santa Cruz de Mudela > Valdepeñas > Manzanares > Cinco Casas > Alcázar de San Juan > Villacañas > Aranjuez > Madrid-Atocha Cercanías > Madrid-Chamartín-Clara Campoamor
2026-06-21,18032,MD,Media Distancia,Área Varias,MD,Par (↓ Sur/Destino),17000,Madrid-Chamartín-Clara Campoamor,03100,Jaén,15,Madrid-Chamartín-Clara Campoamor > Madrid-Atocha Cercanías > Aranjuez > Villasequilla > Villacañas > Alcázar de San Juan > Cinco Casas > Manzanares > Valdepeñas > Santa Cruz de Mudela > Almuradiel-Viso del Marqués > Vilches > Linares-Baeza > Mengíbar-Artichuela > Jaén
2026-06-21,18033,MD,Media Distancia,Área Varias,MD,Impar (↑ Norte/Origen),03100,Jaén,17000,Madrid-Chamartín-Clara Campoamor,13,Jaén > Mengíbar-Artichuela > Linares-Baeza > Vilches > Almuradiel-Viso del Marqués > Santa Cruz de Mudela > Valdepeñas > Manzanares > Alcázar de San Juan > Villacañas > Aranjuez > Madrid-Atocha Cercanías > Madrid-Chamartín-Clara Campoamor
2026-06-21,18034,MD,Media Distancia,Área Varias,MD,Par (↓ Sur/Destino),17000,Madrid-Chamartín-Clara Campoamor,03100,Jaén,8,Madrid-Chamartín-Clara Campoamor > Madrid-Atocha Cercanías > Alcázar de San Juan > Manzanares > Valdepeñas > Vilches > Linares-Baeza > Jaén
2026-06-21,18035,MD,Media Distancia,Área Varias,MD,Impar (↑ Norte/Origen),03100,Jaén,17000,Madrid-Chamartín-Clara Campoamor,13,Jaén > Mengíbar-Artichuela > Linares-Baeza > Vilches > Almuradiel-Viso del Marqués > Santa Cruz de Mudela > Valdepeñas > Manzanares > Alcázar de San Juan > Villacañas > Aranjuez > Madrid-Atocha Cercanías > Madrid-Chamartín-Clara Campoamor
2026-06-21,18036,MD,Media Distancia,Área Varias,MD,Par (↓ Sur/Destino),17000,Madrid-Chamartín-Clara Campoamor,03100,Jaén,14,Madrid-Chamartín-Clara Campoamor > Madrid-Atocha Cercanías > Aranjuez > Villasequilla > Villacañas > Alcázar de San Juan > Manzanares > Valdepeñas > Santa Cruz de Mudela > Almuradiel-Viso del Marqués > Vilches > Linares-Baeza > Mengíbar-Artichuela > Jaén
2026-06-21,18037,MD,Media Distancia,Área Varias,MD,Impar (↑ Norte/Origen),03100,Jaén,17000,Madrid-Chamartín-Clara Campoamor,12,Jaén > Mengíbar-Artichuela > Linares-Baeza > Vilches > Almuradiel-Viso del Marqués > Santa Cruz de Mudela > Valdepeñas > Manzanares > Alcázar de San Juan > Aranjuez > Madrid-Atocha Cercanías > Madrid-Chamartín-Clara Campoamor
2026-06-21,18039,MD,Media Distancia,Área Varias,REG.EXP.,Impar (↑ Norte/Origen),71100,Zaragoza-Miraflores,80100,Pamplona/Iruña,8,Zaragoza-Miraflores > Zaragoza-Goya > Zaragoza-Portillo > Zaragoza Delicias > Tudela de Navarra > Castejón de Ebro > Tafalla > Pamplona/Iruña
2026-06-21,18040,MD,Media Distancia,Área Varias,MD,Par (↓ Sur/Destino),17000,Madrid-Chamartín-Clara Campoamor,60600,Albacete-Los Llanos,15,Madrid-Chamartín-Clara Campoamor > Madrid-Atocha Cercanías > Aranjuez > Villasequilla > Tembleque > El Romeral > Villacañas > Quero > Alcázar de San Juan > Campo de Criptana > Socuéllamos > Villarrobledo > La Roda de Albacete > La Gineta > Albacete-Los Llanos
2026-06-21,18041,MD,Media Distancia,Área Varias,MD,Impar (↑ Norte/Origen),60600,Albacete-Los Llanos,17000,Madrid-Chamartín-Clara Campoamor,13,Albacete-Los Llanos > La Roda de Albacete > Villarrobledo > Socuéllamos > Campo de Criptana > Alcázar de San Juan > Quero > Villacañas > Villasequilla > Castillejo-Añover > Aranjuez > Madrid-Atocha Cercanías > Madrid-Chamartín-Clara Campoamor
2026-06-21,18042,MD,Media Distancia,Área Varias,MD,Par (↓ Sur/Destino),17000,Madrid-Chamartín-Clara Campoamor,60600,Albacete-Los Llanos,11,Madrid-Chamartín-Clara Campoamor > Madrid-Atocha Cercanías > Aranjuez > Villasequilla > Villacañas > Alcázar de San Juan > Campo de Criptana > Socuéllamos > Villarrobledo > La Roda de Albacete > Albacete-Los Llanos
2026-06-21,18043,MD,Media Distancia,Área Varias,MD,Impar (↑ Norte/Origen),60600,Albacete-Los Llanos,17000,Madrid-Chamartín-Clara Campoamor,15,Albacete-Los Llanos > La Gineta > La Roda de Albacete > Villarrobledo > Socuéllamos > Campo de Criptana > Alcázar de San Juan > Quero > Villacañas > El Romeral > Tembleque > Villasequilla > Aranjuez > Madrid-Atocha Cercanías > Madrid-Chamartín-Clara Campoamor
2026-06-21,18044,MD,Media Distancia,Área Varias,REG.EXP.,Par (↓ Sur/Destino),17000,Madrid-Chamartín-Clara Campoamor,60600,Albacete-Los Llanos,11,Madrid-Chamartín-Clara Campoamor > Madrid-Atocha Cercanías > Aranjuez > Villasequilla > Villacañas > Alcázar de San Juan > Campo de Criptana > Socuéllamos > Villarrobledo > La Roda de Albacete > Albacete-Los Llanos
2026-06-21,18045,MD,Media Distancia,Área Varias,REG.EXP.,Impar (↑ Norte/Origen),60600,Albacete-Los Llanos,17000,Madrid-Chamartín-Clara Campoamor,12,Albacete-Los Llanos > La Roda de Albacete > Villarrobledo > Socuéllamos > Campo de Criptana > Alcázar de San Juan > Quero > Villacañas > Villasequilla > Aranjuez > Madrid-Atocha Cercanías > Madrid-Chamartín-Clara Campoamor
2026-06-21,18046,MD,Media Distancia,Área Varias,REG.EXP.,Par (↓ Sur/Destino),80100,Pamplona/Iruña,71100,Zaragoza-Miraflores,8,Pamplona/Iruña > Tafalla > Castejón de Ebro > Tudela de Navarra > Zaragoza Delicias > Zaragoza-Portillo > Zaragoza-Goya > Zaragoza-Miraflores
2026-06-21,18047,MD,Media Distancia,Área Varias,MD,Impar (↑ Norte/Origen),60600,Albacete-Los Llanos,18000,Madrid-Atocha Cercanías,12,Albacete-Los Llanos > La Gineta > La Roda de Albacete > Villarrobledo > Socuéllamos > Campo de Criptana > Alcázar de San Juan > Quero > Villacañas > Villasequilla > Aranjuez > Madrid-Atocha Cercanías
2026-06-21,18047,MD,Media Distancia,Área Varias,MD,Impar (↑ Norte/Origen),60400,Alcázar de San Juan,18000,Madrid-Atocha Cercanías,6,Alcázar de San Juan > Quero > Villacañas > Villasequilla > Aranjuez > Madrid-Atocha Cercanías
2026-06-21,18048,MD,Media Distancia,Área Varias,REG.EXP.,Par (↓ Sur/Destino),81200,Castejón de Ebro,71100,Zaragoza-Miraflores,11,Castejón de Ebro > Tudela de Navarra > Ribaforada > Cortes de Navarra > Gallur > Luceni > Alagón > Zaragoza Delicias > Zaragoza-Portillo > Zaragoza-Goya > Zaragoza-Miraflores
2026-06-21,18049,MD,Media Distancia,Área Varias,MD,Impar (↑ Norte/Origen),60600,Albacete-Los Llanos,17000,Madrid-Chamartín-Clara Campoamor,13,Albacete-Los Llanos > La Roda de Albacete > Villarrobledo > Socuéllamos > Campo de Criptana > Alcázar de San Juan > Quero > Villacañas > Villasequilla > Castillejo-Añover > Aranjuez > Madrid-Atocha Cercanías > Madrid-Chamartín-Clara Campoamor
2026-06-21,18049,MD,Media Distancia,Área Varias,MD,Impar (↑ Norte/Origen),60400,Alcázar de San Juan,17000,Madrid-Chamartín-Clara Campoamor,8,Alcázar de San Juan > Quero > Villacañas > Villasequilla > Castillejo-Añover > Aranjuez > Madrid-Atocha Cercanías > Madrid-Chamartín-Clara Campoamor
2026-06-21,18054,MD,Media Distancia,Área Varias,REG.EXP.,Par (↓ Sur/Destino),65400,Tortosa,79400,Barcelona Estació de França,16,Tortosa > Camp-redó > L'Aldea-Amposta-Tortosa > Camarles-Deltebre > L'Ampolla-El Perelló-Deltebre > L'Ametlla de Mar > L'Hospitalet de l'Infant > Cambrils > Vila-seca > Tarragona > Altafulla-Tamarit > Torredembarra > Sant Vicenç de Calders > Barcelona-Sants > Barcelona-Passeig de Gràcia > Barcelona Estació de França
2026-06-21,18055,MD,Media Distancia,Área Varias,REG.EXP.,Impar (↑ Norte/Origen),79400,Barcelona Estació de França,65400,Tortosa,16,Barcelona Estació de França > Barcelona-Passeig de Gràcia > Barcelona-Sants > Sant Vicenç de Calders > Torredembarra > Altafulla-Tamarit > Tarragona > Vila-seca > Cambrils > L'Hospitalet de l'Infant > L'Ametlla de Mar > L'Ampolla-El Perelló-Deltebre > Camarles-Deltebre > L'Aldea-Amposta-Tortosa > Camp-redó > Tortosa
2026-06-21,18061,MD,Media Distancia,Área Varias,MD,Impar (↑ Norte/Origen),10000,Madrid-Príncipe Pío,11600,Irun,28,Madrid-Príncipe Pío > Villalba de Guadarrama > El Escorial > Ávila > Arévalo > Medina del Campo > Valladolid-Campo Grande > Venta de Baños > Burgos-Rosa Manzano > Briviesca > Miranda de Ebro > Vitoria-Gasteiz > Alegría-Dulantzi > Agurain-Salvatierra de Álava > Araia > Altsasu > Legazpi > Zumarraga > Beasain > Ordizia > Tolosa > Billabona-Zizurkil > Andoain-Centro > Hernani-Erdia > San Sebastián-Donostia > Pasaia > Lezo-Rentería > Irun
2026-06-21,18061,MD,Media Distancia,Área Varias,MD,Impar (↑ Norte/Origen),10000,Madrid-Príncipe Pío,14100,Palencia,9,Madrid-Príncipe Pío > Villalba de Guadarrama > El Escorial > Ávila > Arévalo > Medina del Campo > Valladolid-Campo Grande > Venta de Baños > Palencia
2026-06-21,18061,MD,Media Distancia,Área Varias,MD,Impar (↑ Norte/Origen),14100,Palencia,11600,Irun,21,Palencia > Burgos-Rosa Manzano > Briviesca > Miranda de Ebro > Vitoria-Gasteiz > Alegría-Dulantzi > Agurain-Salvatierra de Álava > Araia > Altsasu > Legazpi > Zumarraga > Beasain > Ordizia > Tolosa > Billabona-Zizurkil > Andoain-Centro > Hernani-Erdia > San Sebastián-Donostia > Pasaia > Lezo-Rentería > Irun
2026-06-21,18063,MD,Media Distancia,Área Varias,MD,Impar (↑ Norte/Origen),10000,Madrid-Príncipe Pío,11600,Irun,31,Madrid-Príncipe Pío > Villalba de Guadarrama > El Escorial > Zarzalejo > Robledo de Chavela > Santa María de la Alameda-Peguerinos > Las Navas del Marqués > Navalperal > Herradón-La Cañada > Ávila > Arévalo > Medina del Campo > Valladolid-Campo Grande > Venta de Baños > Burgos-Rosa Manzano > Briviesca > Miranda de Ebro > Vitoria-Gasteiz > Alegría-Dulantzi > Agurain-Salvatierra de Álava > Araia > Altsasu > Legazpi > Zumarraga > Beasain > Ordizia > Tolosa > San Sebastián-Donostia > Pasaia > Lezo-Rentería > Irun
2026-06-21,18063,MD,Media Distancia,Área Varias,MD,Impar (↑ Norte/Origen),10000,Madrid-Príncipe Pío,14100,Palencia,15,Madrid-Príncipe Pío > Villalba de Guadarrama > El Escorial > Zarzalejo > Robledo de Chavela > Santa María de la Alameda-Peguerinos > Las Navas del Marqués > Navalperal > Herradón-La Cañada > Ávila > Arévalo > Medina del Campo > Valladolid-Campo Grande > Venta de Baños > Palencia
2026-06-21,18063,MD,Media Distancia,Área Varias,MD,Impar (↑ Norte/Origen),14100,Palencia,11600,Irun,18,Palencia > Burgos-Rosa Manzano > Briviesca > Miranda de Ebro > Vitoria-Gasteiz > Alegría-Dulantzi > Agurain-Salvatierra de Álava > Araia > Altsasu > Legazpi > Zumarraga > Beasain > Ordizia > Tolosa > San Sebastián-Donostia > Pasaia > Lezo-Rentería > Irun
2026-06-21,18065,MD,Media Distancia,Área Varias,MD,Impar (↑ Norte/Origen),10000,Madrid-Príncipe Pío,11300,Altsasu,25,Madrid-Príncipe Pío > Villalba de Guadarrama > El Escorial > Zarzalejo > Robledo de Chavela > Santa María de la Alameda-Peguerinos > Las Navas del Marqués > Navalperal > Herradón-La Cañada > Ávila > Arévalo > Medina del Campo > Valladolid-Campo Grande > Venta de Baños > Magaz > Quintana del Puente > Villaquirán > Burgos-Rosa Manzano > Briviesca > Miranda de Ebro > Vitoria-Gasteiz > Alegría-Dulantzi > Agurain-Salvatierra de Álava > Araia > Altsasu
2026-06-21,18065,MD,Media Distancia,Área Varias,MD,Impar (↑ Norte/Origen),10000,Madrid-Príncipe Pío,14100,Palencia,15,Madrid-Príncipe Pío > Villalba de Guadarrama > El Escorial > Zarzalejo > Robledo de Chavela > Santa María de la Alameda-Peguerinos > Las Navas del Marqués > Navalperal > Herradón-La Cañada > Ávila > Arévalo > Medina del Campo > Valladolid-Campo Grande > Venta de Baños > Palencia
2026-06-21,18065,MD,Media Distancia,Área Varias,MD,Impar (↑ Norte/Origen),14100,Palencia,11300,Altsasu,12,Palencia > Magaz > Quintana del Puente > Villaquirán > Burgos-Rosa Manzano > Briviesca > Miranda de Ebro > Vitoria-Gasteiz > Alegría-Dulantzi > Agurain-Salvatierra de Álava > Araia > Altsasu
2026-06-21,18066,MD,Media Distancia,Área Varias,MD,Par (↓ Sur/Destino),14100,Palencia,10000,Madrid-Príncipe Pío,15,Palencia > Venta de Baños > Valladolid-Campo Grande > Medina del Campo > Arévalo > Ávila > Herradón-La Cañada > Navalperal > Las Navas del Marqués > Santa María de la Alameda-Peguerinos > Robledo de Chavela > Zarzalejo > El Escorial > Villalba de Guadarrama > Madrid-Príncipe Pío
2026-06-21,18068,MD,Media Distancia,Área Varias,REG.EXP.,Par (↓ Sur/Destino),81200,Castejón de Ebro,71100,Zaragoza-Miraflores,15,Castejón de Ebro > Tudela de Navarra > Ribaforada > Cortes de Navarra > Gallur > Luceni > Pedrola > Cabañas de Ebro > Alagón > Casetas > Utebo > Zaragoza Delicias > Zaragoza-Portillo > Zaragoza-Goya > Zaragoza-Miraflores
2026-06-21,18071,MD,Media Distancia,Área Varias,REG.EXP.,Impar (↑ Norte/Origen),71100,Zaragoza-Miraflores,11200,Miranda de Ebro,29,Zaragoza-Miraflores > Zaragoza-Goya > Zaragoza-Portillo > Zaragoza Delicias > Utebo > Casetas > Alagón > Luceni > Gallur > Cortes de Navarra > Ribaforada > Tudela de Navarra > Castejón de Ebro > Villafranca de Navarra > Marcilla de Navarra > Olite-Erriberri > Tafalla > Pamplona/Iruña > Uharte-Arakil > Etxarri-Aranatz > Altsasu-Pueblo > Araia > Agurain-Salvatierra de Álava > Alegría-Dulantzi > Vitoria-Gasteiz > Nanclares-Langraiz > La Puebla de Arganzón > Manzanos > Miranda de Ebro
2026-06-21,18072,MD,Media Distancia,Área Varias,REG.EXP.,Par (↓ Sur/Destino),81100,Logroño,71100,Zaragoza-Miraflores,20,Logroño > Alcanadre > Calahorra > Rincón de Soto > Alfaro > Castejón de Ebro > Tudela de Navarra > Ribaforada > Cortes de Navarra > Gallur > Luceni > Pedrola > Cabañas de Ebro > Alagón > Casetas > Utebo > Zaragoza Delicias > Zaragoza-Portillo > Zaragoza-Goya > Zaragoza-Miraflores
2026-06-21,18073,MD,Media Distancia,Área Varias,REG.EXP.,Impar (↑ Norte/Origen),71100,Zaragoza-Miraflores,81100,Logroño,20,Zaragoza-Miraflores > Zaragoza-Goya > Zaragoza-Portillo > Zaragoza Delicias > Utebo > Casetas > Alagón > Cabañas de Ebro > Pedrola > Luceni > Gallur > Cortes de Navarra > Ribaforada > Tudela de Navarra > Castejón de Ebro > Alfaro > Rincón de Soto > Calahorra > Alcanadre > Logroño
2026-06-21,18074,MD,Media Distancia,Área Varias,REG.EXP.,Par (↓ Sur/Destino),80100,Pamplona/Iruña,71100,Zaragoza-Miraflores,20,Pamplona/Iruña > Tafalla > Olite-Erriberri > Marcilla de Navarra > Villafranca de Navarra > Castejón de Ebro > Tudela de Navarra > Ribaforada > Cortes de Navarra > Gallur > Luceni > Pedrola > Cabañas de Ebro > Alagón > Casetas > Utebo > Zaragoza Delicias > Zaragoza-Portillo > Zaragoza-Goya > Zaragoza-Miraflores
2026-06-21,18074,MD,Media Distancia,Área Varias,REG.EXP.,Par (↓ Sur/Destino),81200,Castejón de Ebro,71100,Zaragoza-Miraflores,15,Castejón de Ebro > Tudela de Navarra > Ribaforada > Cortes de Navarra > Gallur > Luceni > Pedrola > Cabañas de Ebro > Alagón > Casetas > Utebo > Zaragoza Delicias > Zaragoza-Portillo > Zaragoza-Goya > Zaragoza-Miraflores
2026-06-21,18075,MD,Media Distancia,Área Varias,REG.EXP.,Impar (↑ Norte/Origen),71100,Zaragoza-Miraflores,81100,Logroño,21,Zaragoza-Miraflores > Zaragoza-Goya > Zaragoza-Portillo > Zaragoza Delicias > Utebo > Casetas > Alagón > Cabañas de Ebro > Pedrola > Luceni > Gallur > Cortes de Navarra > Ribaforada > Tudela de Navarra > Castejón de Ebro > Alfaro > Rincón de Soto > Calahorra > Féculas-Navarra > Alcanadre > Logroño
2026-06-21,18076,MD,Media Distancia,Área Varias,REG.EXP.,Par (↓ Sur/Destino),81100,Logroño,71100,Zaragoza-Miraflores,20,Logroño > Agoncillo > Alcanadre > Calahorra > Rincón de Soto > Alfaro > Castejón de Ebro > Tudela de Navarra > Ribaforada > Cortes de Navarra > Gallur > Luceni > Pedrola > Cabañas de Ebro > Alagón > Utebo > Zaragoza Delicias > Zaragoza-Portillo > Zaragoza-Goya > Zaragoza-Miraflores
2026-06-21,18077,MD,Media Distancia,Área Varias,REG.EXP.,Impar (↑ Norte/Origen),71100,Zaragoza-Miraflores,80100,Pamplona/Iruña,20,Zaragoza-Miraflores > Zaragoza-Goya > Zaragoza-Portillo > Zaragoza Delicias > Utebo > Casetas > Alagón > Cabañas de Ebro > Pedrola > Luceni > Gallur > Cortes de Navarra > Ribaforada > Tudela de Navarra > Castejón de Ebro > Villafranca de Navarra > Marcilla de Navarra > Olite-Erriberri > Tafalla > Pamplona/Iruña
2026-06-21,18078,MD,Media Distancia,Área Varias,REG.EXP.,Par (↓ Sur/Destino),81100,Logroño,71100,Zaragoza-Miraflores,20,Logroño > Alcanadre > Féculas-Navarra > Calahorra > Rincón de Soto > Alfaro > Castejón de Ebro > Tudela de Navarra > Ribaforada > Cortes de Navarra > Gallur > Luceni > Cabañas de Ebro > Alagón > Casetas > Utebo > Zaragoza Delicias > Zaragoza-Portillo > Zaragoza-Goya > Zaragoza-Miraflores
2026-06-21,18079,MD,Media Distancia,Área Varias,REG.EXP.,Impar (↑ Norte/Origen),71100,Zaragoza-Miraflores,81200,Castejón de Ebro,15,Zaragoza-Miraflores > Zaragoza-Goya > Zaragoza-Portillo > Zaragoza Delicias > Utebo > Casetas > Alagón > Cabañas de Ebro > Pedrola > Luceni > Gallur > Cortes de Navarra > Ribaforada > Tudela de Navarra > Castejón de Ebro
2026-06-21,18079,MD,Media Distancia,Área Varias,REG.EXP.,Impar (↑ Norte/Origen),71100,Zaragoza-Miraflores,81100,Logroño,20,Zaragoza-Miraflores > Zaragoza-Goya > Zaragoza-Portillo > Zaragoza Delicias > Utebo > Casetas > Alagón > Cabañas de Ebro > Pedrola > Luceni > Gallur > Cortes de Navarra > Ribaforada > Tudela de Navarra > Castejón de Ebro > Alfaro > Rincón de Soto > Calahorra > Alcanadre > Logroño
2026-06-21,18081,MD,Media Distancia,Área Varias,MD,Impar (↑ Norte/Origen),37200,Ciudad Real,60911,Alicante/Alacant-Terminal,15,Ciudad Real > Almagro > Daimiel > Manzanares > Alcázar de San Juan > Campo de Criptana > Socuéllamos > Villarrobledo > La Roda de Albacete > Albacete-Los Llanos > Almansa > Villena > Elda-Petrer > Universidad de Alicante > Alicante/Alacant-Terminal
2026-06-21,18081,MD,Media Distancia,Área Varias,MD,Impar (↑ Norte/Origen),37200,Ciudad Real,60902,Villena,12,Ciudad Real > Almagro > Daimiel > Manzanares > Alcázar de San Juan > Campo de Criptana > Socuéllamos > Villarrobledo > La Roda de Albacete > Albacete-Los Llanos > Almansa > Villena
2026-06-21,18083,MD,Media Distancia,Área Varias,MD,Impar (↑ Norte/Origen),60911,Alicante/Alacant-Terminal,37200,Ciudad Real,16,Alicante/Alacant-Terminal > Universidad de Alicante > Elda-Petrer > Villena > Caudete > Almansa > Albacete-Los Llanos > La Roda de Albacete > Villarrobledo > Socuéllamos > Campo de Criptana > Alcázar de San Juan > Manzanares > Daimiel > Almagro > Ciudad Real
2026-06-21,18083,MD,Media Distancia,Área Varias,MD,Impar (↑ Norte/Origen),60902,Villena,37200,Ciudad Real,13,Villena > Caudete > Almansa > Albacete-Los Llanos > La Roda de Albacete > Villarrobledo > Socuéllamos > Campo de Criptana > Alcázar de San Juan > Manzanares > Daimiel > Almagro > Ciudad Real
2026-06-21,18084,MD,Media Distancia,Área Varias,REG.EXP.,Par (↓ Sur/Destino),65312,Vinaròs,79400,Barcelona Estació de França,17,Vinaròs > Ulldecona-Alcanar-La Sénia > Tortosa > L'Aldea-Amposta-Tortosa > Camarles-Deltebre > L'Ampolla-El Perelló-Deltebre > L'Ametlla de Mar > L'Hospitalet de l'Infant > Cambrils > Vila-seca > Tarragona > Altafulla-Tamarit > Torredembarra > Sant Vicenç de Calders > Barcelona-Sants > Barcelona-Passeig de Gràcia > Barcelona Estació de França
2026-06-21,18093,MD,Media Distancia,Área Varias,REG.EXP.,Impar (↑ Norte/Origen),79400,Barcelona Estació de França,65000,València-Estació del Nord,28,Barcelona Estació de França > Barcelona-Passeig de Gràcia > Barcelona-Sants > Vilanova i la Geltrú > Sant Vicenç de Calders > Torredembarra > Altafulla-Tamarit > Tarragona > Vila-seca > Cambrils > L'Hospitalet de l'Infant > L'Ametlla de Mar > L'Ampolla-El Perelló-Deltebre > L'Aldea-Amposta-Tortosa > Tortosa > Ulldecona-Alcanar-La Sénia > Vinaròs > Benicarló-Peñíscola > Alcalá de Chivert > Torreblanca > Orpesa > Benicàssim > Castelló de la Plana > Vila-Real > Nules la Villavella > Sagunt > València-Cabanyal > València-Estació del Nord
2026-06-21,18096,MD,Media Distancia,Área Varias,REG.EXP.,Par (↓ Sur/Destino),65000,València-Estació del Nord,79400,Barcelona Estació de França,28,València-Estació del Nord > València-Cabanyal > Sagunt > Nules la Villavella > Vila-Real > Castelló de la Plana > Benicàssim > Orpesa > Torreblanca > Alcalá de Chivert > Benicarló-Peñíscola > Vinaròs > Ulldecona-Alcanar-La Sénia > Tortosa > L'Aldea-Amposta-Tortosa > L'Ampolla-El Perelló-Deltebre > L'Ametlla de Mar > L'Hospitalet de l'Infant > Cambrils > Vila-seca > Tarragona > Altafulla-Tamarit > Torredembarra > Sant Vicenç de Calders > Vilanova i la Geltrú > Barcelona-Sants > Barcelona-Passeig de Gràcia > Barcelona Estació de França
2026-06-21,18100,MD,Media Distancia,Área Varias,REG.EXP.,Par (↓ Sur/Destino),14223,Santander,10600,Valladolid-Campo Grande,29,Santander > Valdecilla > Maliaño > Renedo > Torrelavega > Los Corrales de Buelna > Bárcena > Reinosa > Mataporquera > Quintanilla de las Torres > Aguilar de Campoo > Mave > Alar del Rey > Herrera de Pisuerga > Espinosa de Villagonzalo > Osorno > Frómista > Piña > Amusco > El Carrión > Monzón de Campos > Palencia > Venta de Baños > Dueñas > Cubillas de Santa Marta > Corcos-Aguilarejo > Cabezón del Pisuerga > Valladolid Universidad > Valladolid-Campo Grande
2026-06-21,18101,MD,Media Distancia,Área Varias,REG.EXP.,Impar (↑ Norte/Origen),10600,Valladolid-Campo Grande,14223,Santander,25,Valladolid-Campo Grande > Valladolid Universidad > Cabezón del Pisuerga > Corcos-Aguilarejo > Cubillas de Santa Marta > Dueñas > Venta de Baños > Palencia > El Carrión > Piña > Frómista > Osorno > Espinosa de Villagonzalo > Herrera de Pisuerga > Alar del Rey > Aguilar de Campoo > Mataporquera > Reinosa > Bárcena > Los Corrales de Buelna > Torrelavega > Renedo > Maliaño > Valdecilla > Santander
2026-06-21,18102,MD,Media Distancia,Área Varias,REG.EXP.,Par (↓ Sur/Destino),14223,Santander,10600,Valladolid-Campo Grande,29,Santander > Valdecilla > Maliaño > Renedo > Torrelavega > Los Corrales de Buelna > Bárcena > Reinosa > Mataporquera > Quintanilla de las Torres > Aguilar de Campoo > Mave > Alar del Rey > Herrera de Pisuerga > Espinosa de Villagonzalo > Osorno > Frómista > Piña > Amusco > El Carrión > Monzón de Campos > Palencia > Venta de Baños > Dueñas > Cubillas de Santa Marta > Corcos-Aguilarejo > Cabezón del Pisuerga > Valladolid Universidad > Valladolid-Campo Grande
2026-06-21,18104,MD,Media Distancia,Área Varias,REG.EXP.,Par (↓ Sur/Destino),14223,Santander,10600,Valladolid-Campo Grande,21,Santander > Valdecilla > Maliaño > Renedo > Torrelavega > Los Corrales de Buelna > Bárcena > Reinosa > Mataporquera > Aguilar de Campoo > Alar del Rey > Herrera de Pisuerga > Espinosa de Villagonzalo > Osorno > Frómista > Piña > El Carrión > Palencia > Venta de Baños > Valladolid Universidad > Valladolid-Campo Grande
2026-06-21,18105,MD,Media Distancia,Área Varias,REG.EXP.,Impar (↑ Norte/Origen),10600,Valladolid-Campo Grande,14223,Santander,29,Valladolid-Campo Grande > Valladolid Universidad > Cabezón del Pisuerga > Corcos-Aguilarejo > Cubillas de Santa Marta > Dueñas > Venta de Baños > Palencia > Monzón de Campos > El Carrión > Amusco > Piña > Frómista > Osorno > Espinosa de Villagonzalo > Herrera de Pisuerga > Alar del Rey > Mave > Aguilar de Campoo > Quintanilla de las Torres > Mataporquera > Reinosa > Bárcena > Los Corrales de Buelna > Torrelavega > Renedo > Maliaño > Valdecilla > Santander
2026-06-21,18120,MD,Media Distancia,Área Varias,REG.EXP.,Par (↓ Sur/Destino),65400,Tortosa,79400,Barcelona Estació de França,14,Tortosa > L'Aldea-Amposta-Tortosa > L'Ampolla-El Perelló-Deltebre > L'Ametlla de Mar > L'Hospitalet de l'Infant > Cambrils > Vila-seca > Tarragona > Altafulla-Tamarit > Torredembarra > Sant Vicenç de Calders > Barcelona-Sants > Barcelona-Passeig de Gràcia > Barcelona Estació de França
2026-06-21,18121,MD,Media Distancia,Área Varias,REG.EXP.,Impar (↑ Norte/Origen),79400,Barcelona Estació de França,65400,Tortosa,16,Barcelona Estació de França > Barcelona-Passeig de Gràcia > Barcelona-Sants > Sant Vicenç de Calders > Torredembarra > Altafulla-Tamarit > Tarragona > Vila-seca > Cambrils > L'Hospitalet de l'Infant > L'Ametlla de Mar > L'Ampolla-El Perelló-Deltebre > Camarles-Deltebre > L'Aldea-Amposta-Tortosa > Camp-redó > Tortosa
2026-06-21,18122,MD,Media Distancia,Área Varias,REG.EXP.,Par (↓ Sur/Destino),65400,Tortosa,79400,Barcelona Estació de França,14,Tortosa > L'Aldea-Amposta-Tortosa > L'Ampolla-El Perelló-Deltebre > L'Ametlla de Mar > L'Hospitalet de l'Infant > Cambrils > Vila-seca > Tarragona > Altafulla-Tamarit > Torredembarra > Sant Vicenç de Calders > Barcelona-Sants > Barcelona-Passeig de Gràcia > Barcelona Estació de França
2026-06-21,18123,MD,Media Distancia,Área Varias,REG.EXP.,Impar (↑ Norte/Origen),79400,Barcelona Estació de França,65400,Tortosa,14,Barcelona Estació de França > Barcelona-Passeig de Gràcia > Barcelona-Sants > Sant Vicenç de Calders > Torredembarra > Altafulla-Tamarit > Tarragona > Vila-seca > Cambrils > L'Hospitalet de l'Infant > L'Ametlla de Mar > L'Ampolla-El Perelló-Deltebre > L'Aldea-Amposta-Tortosa > Tortosa
2026-06-21,18124,MD,Media Distancia,Área Varias,REG.EXP.,Par (↓ Sur/Destino),65400,Tortosa,79400,Barcelona Estació de França,16,Tortosa > Camp-redó > L'Aldea-Amposta-Tortosa > Camarles-Deltebre > L'Ampolla-El Perelló-Deltebre > L'Ametlla de Mar > L'Hospitalet de l'Infant > Cambrils > Vila-seca > Tarragona > Altafulla-Tamarit > Torredembarra > Sant Vicenç de Calders > Barcelona-Sants > Barcelona-Passeig de Gràcia > Barcelona Estació de França
2026-06-21,18125,MD,Media Distancia,Área Varias,REG.EXP.,Impar (↑ Norte/Origen),79400,Barcelona Estació de França,65400,Tortosa,16,Barcelona Estació de França > Barcelona-Passeig de Gràcia > Barcelona-Sants > Sant Vicenç de Calders > Torredembarra > Altafulla-Tamarit > Tarragona > Vila-seca > Cambrils > L'Hospitalet de l'Infant > L'Ametlla de Mar > L'Ampolla-El Perelló-Deltebre > Camarles-Deltebre > L'Aldea-Amposta-Tortosa > Camp-redó > Tortosa
2026-06-21,18126,MD,Media Distancia,Área Varias,REG.EXP.,Par (↓ Sur/Destino),65400,Tortosa,79400,Barcelona Estació de França,14,Tortosa > L'Aldea-Amposta-Tortosa > L'Ampolla-El Perelló-Deltebre > L'Ametlla de Mar > L'Hospitalet de l'Infant > Cambrils > Vila-seca > Tarragona > Altafulla-Tamarit > Torredembarra > Sant Vicenç de Calders > Barcelona-Sants > Barcelona-Passeig de Gràcia > Barcelona Estació de França
2026-06-21,18127,MD,Media Distancia,Área Varias,REG.EXP.,Impar (↑ Norte/Origen),79400,Barcelona Estació de França,65400,Tortosa,14,Barcelona Estació de França > Barcelona-Passeig de Gràcia > Barcelona-Sants > Sant Vicenç de Calders > Torredembarra > Altafulla-Tamarit > Tarragona > Vila-seca > Cambrils > L'Hospitalet de l'Infant > L'Ametlla de Mar > L'Ampolla-El Perelló-Deltebre > L'Aldea-Amposta-Tortosa > Tortosa
2026-06-21,18128,MD,Media Distancia,Área Varias,REG.EXP.,Par (↓ Sur/Destino),65400,Tortosa,79400,Barcelona Estació de França,16,Tortosa > Camp-redó > L'Aldea-Amposta-Tortosa > Camarles-Deltebre > L'Ampolla-El Perelló-Deltebre > L'Ametlla de Mar > L'Hospitalet de l'Infant > Cambrils > Vila-seca > Tarragona > Altafulla-Tamarit > Torredembarra > Sant Vicenç de Calders > Barcelona-Sants > Barcelona-Passeig de Gràcia > Barcelona Estació de França
2026-06-21,18129,MD,Media Distancia,Área Varias,REG.EXP.,Impar (↑ Norte/Origen),79400,Barcelona Estació de França,65400,Tortosa,16,Barcelona Estació de França > Barcelona-Passeig de Gràcia > Barcelona-Sants > Sant Vicenç de Calders > Torredembarra > Altafulla-Tamarit > Tarragona > Vila-seca > Cambrils > L'Hospitalet de l'Infant > L'Ametlla de Mar > L'Ampolla-El Perelló-Deltebre > Camarles-Deltebre > L'Aldea-Amposta-Tortosa > Camp-redó > Tortosa
2026-06-21,18130,MD,Media Distancia,Área Varias,REG.EXP.,Par (↓ Sur/Destino),65400,Tortosa,79400,Barcelona Estació de França,14,Tortosa > L'Aldea-Amposta-Tortosa > L'Ampolla-El Perelló-Deltebre > L'Ametlla de Mar > L'Hospitalet de l'Infant > Cambrils > Vila-seca > Tarragona > Altafulla-Tamarit > Torredembarra > Sant Vicenç de Calders > Barcelona-Sants > Barcelona-Passeig de Gràcia > Barcelona Estació de França
2026-06-21,18131,MD,Media Distancia,Área Varias,REG.EXP.,Impar (↑ Norte/Origen),79400,Barcelona Estació de França,65400,Tortosa,14,Barcelona Estació de França > Barcelona-Passeig de Gràcia > Barcelona-Sants > Sant Vicenç de Calders > Torredembarra > Altafulla-Tamarit > Tarragona > Vila-seca > Cambrils > L'Hospitalet de l'Infant > L'Ametlla de Mar > L'Ampolla-El Perelló-Deltebre > L'Aldea-Amposta-Tortosa > Tortosa
2026-06-21,18132,MD,Media Distancia,Área Varias,REG.EXP.,Par (↓ Sur/Destino),65400,Tortosa,79400,Barcelona Estació de França,14,Tortosa > L'Aldea-Amposta-Tortosa > L'Ampolla-El Perelló-Deltebre > L'Ametlla de Mar > L'Hospitalet de l'Infant > Cambrils > Vila-seca > Tarragona > Altafulla-Tamarit > Torredembarra > Sant Vicenç de Calders > Barcelona-Sants > Barcelona-Passeig de Gràcia > Barcelona Estació de França
2026-06-21,18133,MD,Media Distancia,Área Varias,REG.EXP.,Impar (↑ Norte/Origen),79400,Barcelona Estació de França,65400,Tortosa,14,Barcelona Estació de França > Barcelona-Passeig de Gràcia > Barcelona-Sants > Sant Vicenç de Calders > Torredembarra > Altafulla-Tamarit > Tarragona > Vila-seca > Cambrils > L'Hospitalet de l'Infant > L'Ametlla de Mar > L'Ampolla-El Perelló-Deltebre > L'Aldea-Amposta-Tortosa > Tortosa
2026-06-21,18134,MD,Media Distancia,Área Varias,REG.EXP.,Par (↓ Sur/Destino),65400,Tortosa,79400,Barcelona Estació de França,16,Tortosa > Camp-redó > L'Aldea-Amposta-Tortosa > Camarles-Deltebre > L'Ampolla-El Perelló-Deltebre > L'Ametlla de Mar > L'Hospitalet de l'Infant > Cambrils > Vila-seca > Tarragona > Altafulla-Tamarit > Torredembarra > Sant Vicenç de Calders > Barcelona-Sants > Barcelona-Passeig de Gràcia > Barcelona Estació de França
2026-06-21,18135,MD,Media Distancia,Área Varias,REG.EXP.,Impar (↑ Norte/Origen),79400,Barcelona Estació de França,65400,Tortosa,14,Barcelona Estació de França > Barcelona-Passeig de Gràcia > Barcelona-Sants > Sant Vicenç de Calders > Torredembarra > Altafulla-Tamarit > Tarragona > Vila-seca > Cambrils > L'Hospitalet de l'Infant > L'Ametlla de Mar > L'Ampolla-El Perelló-Deltebre > L'Aldea-Amposta-Tortosa > Tortosa
2026-06-21,18170,MD,Media Distancia,Área Varias,MD,Par (↓ Sur/Destino),17000,Madrid-Chamartín-Clara Campoamor,37200,Ciudad Real,10,Madrid-Chamartín-Clara Campoamor > Madrid-Atocha Cercanías > Aranjuez > Villacañas > Alcázar de San Juan > Cinco Casas > Manzanares > Daimiel > Almagro > Ciudad Real
2026-06-21,18171,MD,Media Distancia,Área Varias,MD,Impar (↑ Norte/Origen),60400,Alcázar de San Juan,17000,Madrid-Chamartín-Clara Campoamor,5,Alcázar de San Juan > Villacañas > Aranjuez > Madrid-Atocha Cercanías > Madrid-Chamartín-Clara Campoamor
2026-06-21,18181,MD,Media Distancia,Área Varias,MD,Impar (↑ Norte/Origen),37200,Ciudad Real,60911,Alicante/Alacant-Terminal,16,Ciudad Real > Almagro > Daimiel > Manzanares > Alcázar de San Juan > Campo de Criptana > Socuéllamos > Villarrobledo > La Roda de Albacete > Albacete-Los Llanos > Almansa > Caudete > Villena > Elda-Petrer > Universidad de Alicante > Alicante/Alacant-Terminal
2026-06-21,18181,MD,Media Distancia,Área Varias,MD,Impar (↑ Norte/Origen),37200,Ciudad Real,60902,Villena,13,Ciudad Real > Almagro > Daimiel > Manzanares > Alcázar de San Juan > Campo de Criptana > Socuéllamos > Villarrobledo > La Roda de Albacete > Albacete-Los Llanos > Almansa > Caudete > Villena
2026-06-21,18183,MD,Media Distancia,Área Varias,MD,Impar (↑ Norte/Origen),60911,Alicante/Alacant-Terminal,37200,Ciudad Real,15,Alicante/Alacant-Terminal > Universidad de Alicante > Elda-Petrer > Villena > Almansa > Albacete-Los Llanos > La Roda de Albacete > Villarrobledo > Socuéllamos > Campo de Criptana > Alcázar de San Juan > Manzanares > Daimiel > Almagro > Ciudad Real
2026-06-21,18183,MD,Media Distancia,Área Varias,MD,Impar (↑ Norte/Origen),60902,Villena,37200,Ciudad Real,12,Villena > Almansa > Albacete-Los Llanos > La Roda de Albacete > Villarrobledo > Socuéllamos > Campo de Criptana > Alcázar de San Juan > Manzanares > Daimiel > Almagro > Ciudad Real
2026-06-21,18189,MD,Media Distancia,Área Varias,REG.EXP.,Impar (↑ Norte/Origen),79400,Barcelona Estació de França,65312,Vinaròs,17,Barcelona Estació de França > Barcelona-Passeig de Gràcia > Barcelona-Sants > Sant Vicenç de Calders > Torredembarra > Altafulla-Tamarit > Tarragona > Vila-seca > Cambrils > L'Hospitalet de l'Infant > L'Ametlla de Mar > L'Ampolla-El Perelló-Deltebre > Camarles-Deltebre > L'Aldea-Amposta-Tortosa > Tortosa > Ulldecona-Alcanar-La Sénia > Vinaròs
2026-06-21,18211,MD,Media Distancia,Área Varias,PROXIMDAD,Impar (↑ Norte/Origen),10600,Valladolid-Campo Grande,14100,Palencia,8,Valladolid-Campo Grande > Valladolid Universidad > Cabezón del Pisuerga > Corcos-Aguilarejo > Cubillas de Santa Marta > Dueñas > Venta de Baños > Palencia
2026-06-21,18212,MD,Media Distancia,Área Varias,PROXIMDAD,Par (↓ Sur/Destino),14100,Palencia,10600,Valladolid-Campo Grande,8,Palencia > Venta de Baños > Dueñas > Cubillas de Santa Marta > Corcos-Aguilarejo > Cabezón del Pisuerga > Valladolid Universidad > Valladolid-Campo Grande
2026-06-21,18214,MD,Media Distancia,Área Varias,REG.EXP.,Par (↓ Sur/Destino),15100,León,14100,Palencia,12,León > Palanquinos > Santas Martas > El Burgo Ranero > Sahagún > Grajal > Villada > Cisneros > Paredes de Nava > Becerril > Grijota > Palencia
2026-06-21,18215,MD,Media Distancia,Área Varias,REG.EXP.,Impar (↑ Norte/Origen),14100,Palencia,15100,León,12,Palencia > Grijota > Becerril > Paredes de Nava > Cisneros > Villada > Grajal > Sahagún > El Burgo Ranero > Santas Martas > Palanquinos > León
2026-06-21,18216,MD,Media Distancia,Área Varias,PROXIMDAD,Par (↓ Sur/Destino),14100,Palencia,10600,Valladolid-Campo Grande,8,Palencia > Venta de Baños > Dueñas > Cubillas de Santa Marta > Corcos-Aguilarejo > Cabezón del Pisuerga > Valladolid Universidad > Valladolid-Campo Grande
2026-06-21,18217,MD,Media Distancia,Área Varias,PROXIMDAD,Impar (↑ Norte/Origen),10600,Valladolid-Campo Grande,14100,Palencia,8,Valladolid-Campo Grande > Valladolid Universidad > Cabezón del Pisuerga > Corcos-Aguilarejo > Cubillas de Santa Marta > Dueñas > Venta de Baños > Palencia
2026-06-21,18218,MD,Media Distancia,Área Varias,PROXIMDAD,Par (↓ Sur/Destino),14100,Palencia,10500,Medina del Campo,13,Palencia > Venta de Baños > Dueñas > Cubillas de Santa Marta > Corcos-Aguilarejo > Cabezón del Pisuerga > Valladolid Universidad > Valladolid-Campo Grande > Viana > Valdestillas > Matapozuelos > Pozaldez > Medina del Campo
2026-06-21,18219,MD,Media Distancia,Área Varias,PROXIMDAD,Impar (↑ Norte/Origen),10600,Valladolid-Campo Grande,14100,Palencia,8,Valladolid-Campo Grande > Valladolid Universidad > Cabezón del Pisuerga > Corcos-Aguilarejo > Cubillas de Santa Marta > Dueñas > Venta de Baños > Palencia
2026-06-21,18300,MD,Media Distancia,Área Varias,REG.EXP.,Par (↓ Sur/Destino),10600,Valladolid-Campo Grande,30110,Salamanca-La Alamedilla,15,Valladolid-Campo Grande > Viana > Valdestillas > Matapozuelos > Pozaldez > Medina del Campo > El Carpio > Fresno el Viejo > Cantalapiedra > El Pedroso de la Armuña > Pitiegua > Gomecello > Moriscos > Salamanca > Salamanca-La Alamedilla
2026-06-21,18302,MD,Media Distancia,Área Varias,REG.EXP.,Par (↓ Sur/Destino),30100,Salamanca,10600,Valladolid-Campo Grande,7,Salamanca > Medina del Campo > Pozaldez > Matapozuelos > Valdestillas > Viana > Valladolid-Campo Grande
2026-06-21,18304,MD,Media Distancia,Área Varias,MD,Par (↓ Sur/Destino),10600,Valladolid-Campo Grande,30110,Salamanca-La Alamedilla,4,Valladolid-Campo Grande > Medina del Campo > Salamanca > Salamanca-La Alamedilla
2026-06-21,18306,MD,Media Distancia,Área Varias,MD,Par (↓ Sur/Destino),30100,Salamanca,14100,Palencia,17,Salamanca > Moriscos > Gomecello > Pitiegua > El Pedroso de la Armuña > Cantalapiedra > Fresno el Viejo > El Carpio > Medina del Campo > Pozaldez > Matapozuelos > Valdestillas > Viana > Valladolid-Campo Grande > Valladolid Universidad > Venta de Baños > Palencia
2026-06-21,18308,MD,Media Distancia,Área Varias,MD,Par (↓ Sur/Destino),14100,Palencia,30110,Salamanca-La Alamedilla,14,Palencia > Venta de Baños > Dueñas > Valladolid Universidad > Valladolid-Campo Grande > Medina del Campo > Campillo > El Carpio > Fresno el Viejo > Cantalapiedra > El Pedroso de la Armuña > Gomecello > Salamanca > Salamanca-La Alamedilla
2026-06-21,18310,MD,Media Distancia,Área Varias,MD,Par (↓ Sur/Destino),30100,Salamanca,10600,Valladolid-Campo Grande,3,Salamanca > Medina del Campo > Valladolid-Campo Grande
2026-06-21,18312,MD,Media Distancia,Área Varias,REG.EXP.,Par (↓ Sur/Destino),30100,Salamanca,10600,Valladolid-Campo Grande,14,Salamanca > Gomecello > Pitiegua > El Pedroso de la Armuña > Cantalapiedra > Fresno el Viejo > El Carpio > Campillo > Medina del Campo > Pozaldez > Matapozuelos > Valdestillas > Viana > Valladolid-Campo Grande
2026-06-21,18314,MD,Media Distancia,Área Varias,MD,Par (↓ Sur/Destino),30100,Salamanca,10600,Valladolid-Campo Grande,3,Salamanca > Medina del Campo > Valladolid-Campo Grande
2026-06-21,18316,MD,Media Distancia,Área Varias,MD,Par (↓ Sur/Destino),10600,Valladolid-Campo Grande,30110,Salamanca-La Alamedilla,4,Valladolid-Campo Grande > Medina del Campo > Salamanca > Salamanca-La Alamedilla
2026-06-21,18318,MD,Media Distancia,Área Varias,REG.EXP.,Par (↓ Sur/Destino),10600,Valladolid-Campo Grande,30110,Salamanca-La Alamedilla,12,Valladolid-Campo Grande > Viana > Valdestillas > Matapozuelos > Pozaldez > Medina del Campo > El Carpio > Fresno el Viejo > Cantalapiedra > Gomecello > Salamanca > Salamanca-La Alamedilla
2026-06-21,18321,MD,Media Distancia,Área Varias,REG.EXP.,Impar (↑ Norte/Origen),31200,Puebla de Sanabria,10600,Valladolid-Campo Grande,16,Puebla de Sanabria > Linarejos-Pedroso > Cabañas de Aliste > Sarracín de Aliste > Abejera > Ferreruela de Tábara > Carbajales de Alba > Zamora > Toro > Nava del Rey > Medina del Campo > Pozaldez > Matapozuelos > Valdestillas > Viana > Valladolid-Campo Grande
2026-06-21,18322,MD,Media Distancia,Área Varias,REG.EXP.,Par (↓ Sur/Destino),10600,Valladolid-Campo Grande,31200,Puebla de Sanabria,16,Valladolid-Campo Grande > Viana > Valdestillas > Matapozuelos > Pozaldez > Medina del Campo > Nava del Rey > Toro > Zamora > Carbajales de Alba > Ferreruela de Tábara > Abejera > Sarracín de Aliste > Cabañas de Aliste > Linarejos-Pedroso > Puebla de Sanabria
2026-06-21,18324,MD,Media Distancia,Área Varias,MD,Par (↓ Sur/Destino),30100,Salamanca,10600,Valladolid-Campo Grande,3,Salamanca > Medina del Campo > Valladolid-Campo Grande
2026-06-21,18330,MD,Media Distancia,Área Varias,MD,Par (↓ Sur/Destino),60400,Alcázar de San Juan,37606,Badajoz,22,Alcázar de San Juan > Manzanares > Daimiel > Almagro > Ciudad Real > Puertollano > Brazatortas-Veredas > Almadenejos-Almadén > Guadalmez-Los Pedroches > Cabeza del Buey > Almorchón > Castuera > Campanario > Villanueva de la Serena > Don Benito > Valdetorres > Guareña > Mérida > Garrovilla-Las Vegas > Montijo > Montijo-El Molino > Badajoz
2026-06-21,18331,MD,Media Distancia,Área Varias,MD,Impar (↑ Norte/Origen),37606,Badajoz,60400,Alcázar de San Juan,22,Badajoz > Montijo-El Molino > Montijo > Garrovilla-Las Vegas > Mérida > Guareña > Valdetorres > Don Benito > Villanueva de la Serena > Campanario > Castuera > Almorchón > Cabeza del Buey > Guadalmez-Los Pedroches > Almadenejos-Almadén > Brazatortas-Veredas > Puertollano > Ciudad Real > Almagro > Daimiel > Manzanares > Alcázar de San Juan
2026-06-21,18500,MD,Media Distancia,Área Varias,REGIONAL,Par (↓ Sur/Destino),67200,Teruel,04040,Zaragoza Delicias,13,Teruel > Cella > Santa Eulalia del Campo > Villafranca del Campo > Monreal del Campo > Torrijo del Campo > Caminreal-Fuentes Claras > Calamocha > Cariñena > Longares > Arañales de Muel > María de Huerva > Zaragoza Delicias
2026-06-21,18500,MD,Media Distancia,Área Varias,REGIONAL,Par (↓ Sur/Destino),67200,Teruel,67011,Encinacorba,17,Teruel > Cella > Santa Eulalia del Campo > Villafranca del Campo > Monreal del Campo > Torrijo del Campo > Caminreal-Fuentes Claras > Calamocha > Navarrete > Lechago > Cuencabuena > Ferreruela > Villahermosa > Badules > Villadoz > Villarreal de Huerva > Encinacorba
2026-06-21,18500,MD,Media Distancia,Área Varias,REGIONAL,Par (↓ Sur/Destino),67020,Navarrete,04040,Zaragoza Delicias,13,Navarrete > Lechago > Cuencabuena > Ferreruela > Villahermosa > Badules > Villadoz > Villarreal de Huerva > Cariñena > Longares > Arañales de Muel > María de Huerva > Zaragoza Delicias
2026-06-21,18500,MD,Media Distancia,Área Varias,REGIONAL,Par (↓ Sur/Destino),67011,Encinacorba,04040,Zaragoza Delicias,6,Encinacorba > Cariñena > Longares > Arañales de Muel > María de Huerva > Zaragoza Delicias
2026-06-21,18502,MD,Media Distancia,Área Varias,MD,Par (↓ Sur/Destino),65000,València-Estació del Nord,04040,Zaragoza Delicias,16,València-Estació del Nord > Sagunt > Segorbe-Ciudad > Barracas > Rubielos de Mora > Mora de Rubielos > Sarrión > Puebla de Valverde > Teruel > Cella > Santa Eulalia del Campo > Monreal del Campo > Calamocha > Cariñena > Arañales de Muel > Zaragoza Delicias
2026-06-21,18502,MD,Media Distancia,Área Varias,MD,Par (↓ Sur/Destino),65000,València-Estació del Nord,67011,Encinacorba,16,València-Estació del Nord > Sagunt > Segorbe-Ciudad > Barracas > Rubielos de Mora > Mora de Rubielos > Sarrión > Puebla de Valverde > Teruel > Cella > Santa Eulalia del Campo > Monreal del Campo > Calamocha > Ferreruela > Villarreal de Huerva > Encinacorba
2026-06-21,18502,MD,Media Distancia,Área Varias,MD,Par (↓ Sur/Destino),67017,Ferreruela,04040,Zaragoza Delicias,5,Ferreruela > Villarreal de Huerva > Cariñena > Arañales de Muel > Zaragoza Delicias
2026-06-21,18502,MD,Media Distancia,Área Varias,MD,Par (↓ Sur/Destino),67011,Encinacorba,04040,Zaragoza Delicias,4,Encinacorba > Cariñena > Arañales de Muel > Zaragoza Delicias
2026-06-21,18504,MD,Media Distancia,Área Varias,MD,Par (↓ Sur/Destino),65000,València-Estació del Nord,04040,Zaragoza Delicias,13,València-Estació del Nord > Sagunt > Segorbe-Ciudad > Barracas > Mora de Rubielos > Sarrión > Teruel > Cella > Santa Eulalia del Campo > Monreal del Campo > Calamocha > Cariñena > Zaragoza Delicias
2026-06-21,18506,MD,Media Distancia,Área Varias,MD,Par (↓ Sur/Destino),65000,València-Estació del Nord,04040,Zaragoza Delicias,16,València-Estació del Nord > Sagunt > Segorbe-Ciudad > Barracas > Mora de Rubielos > Sarrión > Teruel > Cella > Santa Eulalia del Campo > Monreal del Campo > Torrijo del Campo > Caminreal-Fuentes Claras > Calamocha > Cariñena > Arañales de Muel > Zaragoza Delicias
2026-06-21,18506,MD,Media Distancia,Área Varias,MD,Par (↓ Sur/Destino),65000,València-Estació del Nord,67011,Encinacorba,19,València-Estació del Nord > Sagunt > Segorbe-Ciudad > Barracas > Mora de Rubielos > Sarrión > Teruel > Cella > Santa Eulalia del Campo > Monreal del Campo > Torrijo del Campo > Caminreal-Fuentes Claras > Calamocha > Ferreruela > Villahermosa > Badules > Villadoz > Villarreal de Huerva > Encinacorba
2026-06-21,18506,MD,Media Distancia,Área Varias,MD,Par (↓ Sur/Destino),67017,Ferreruela,04040,Zaragoza Delicias,8,Ferreruela > Villahermosa > Badules > Villadoz > Villarreal de Huerva > Cariñena > Arañales de Muel > Zaragoza Delicias
2026-06-21,18506,MD,Media Distancia,Área Varias,MD,Par (↓ Sur/Destino),67011,Encinacorba,04040,Zaragoza Delicias,4,Encinacorba > Cariñena > Arañales de Muel > Zaragoza Delicias
2026-06-21,18511,MD,Media Distancia,Área Varias,MD,Impar (↑ Norte/Origen),04040,Zaragoza Delicias,65000,València-Estació del Nord,18,Zaragoza Delicias > Arañales de Muel > Cariñena > Calamocha > Caminreal-Fuentes Claras > Torrijo del Campo > Monreal del Campo > Santa Eulalia del Campo > Cella > Teruel > Puebla de Valverde > Sarrión > Mora de Rubielos > Rubielos de Mora > Barracas > Segorbe-Ciudad > Sagunt > València-Estació del Nord
2026-06-21,18511,MD,Media Distancia,Área Varias,MD,Impar (↑ Norte/Origen),04040,Zaragoza Delicias,67017,Ferreruela,9,Zaragoza Delicias > Arañales de Muel > Cariñena > Encinacorba > Villarreal de Huerva > Villadoz > Badules > Villahermosa > Ferreruela
2026-06-21,18511,MD,Media Distancia,Área Varias,MD,Impar (↑ Norte/Origen),67011,Encinacorba,65000,València-Estació del Nord,21,Encinacorba > Villarreal de Huerva > Villadoz > Badules > Villahermosa > Ferreruela > Calamocha > Caminreal-Fuentes Claras > Torrijo del Campo > Monreal del Campo > Santa Eulalia del Campo > Cella > Teruel > Puebla de Valverde > Sarrión > Mora de Rubielos > Rubielos de Mora > Barracas > Segorbe-Ciudad > Sagunt > València-Estació del Nord
2026-06-21,18511,MD,Media Distancia,Área Varias,MD,Impar (↑ Norte/Origen),67011,Encinacorba,67017,Ferreruela,6,Encinacorba > Villarreal de Huerva > Villadoz > Badules > Villahermosa > Ferreruela
2026-06-21,18511,MD,Media Distancia,Área Varias,MD,Impar (↑ Norte/Origen),67013,Villarreal de Huerva,67017,Ferreruela,5,Villarreal de Huerva > Villadoz > Badules > Villahermosa > Ferreruela
2026-06-21,18515,MD,Media Distancia,Área Varias,MD,Impar (↑ Norte/Origen),04040,Zaragoza Delicias,65000,València-Estació del Nord,13,Zaragoza Delicias > Arañales de Muel > Cariñena > Calamocha > Monreal del Campo > Santa Eulalia del Campo > Cella > Teruel > Sarrión > Mora de Rubielos > Segorbe-Ciudad > Sagunt > València-Estació del Nord
2026-06-21,18515,MD,Media Distancia,Área Varias,MD,Impar (↑ Norte/Origen),04040,Zaragoza Delicias,67017,Ferreruela,6,Zaragoza Delicias > Arañales de Muel > Cariñena > Encinacorba > Villarreal de Huerva > Ferreruela
2026-06-21,18515,MD,Media Distancia,Área Varias,MD,Impar (↑ Norte/Origen),67011,Encinacorba,65000,València-Estació del Nord,13,Encinacorba > Villarreal de Huerva > Ferreruela > Calamocha > Monreal del Campo > Santa Eulalia del Campo > Cella > Teruel > Sarrión > Mora de Rubielos > Segorbe-Ciudad > Sagunt > València-Estació del Nord
2026-06-21,18515,MD,Media Distancia,Área Varias,MD,Impar (↑ Norte/Origen),67011,Encinacorba,67017,Ferreruela,3,Encinacorba > Villarreal de Huerva > Ferreruela
2026-06-21,18515,MD,Media Distancia,Área Varias,MD,Impar (↑ Norte/Origen),67013,Villarreal de Huerva,67017,Ferreruela,2,Villarreal de Huerva > Ferreruela
2026-06-21,18517,MD,Media Distancia,Área Varias,REGIONAL,Impar (↑ Norte/Origen),04040,Zaragoza Delicias,67200,Teruel,13,Zaragoza Delicias > María de Huerva > Arañales de Muel > Longares > Cariñena > Calamocha > Caminreal-Fuentes Claras > Torrijo del Campo > Monreal del Campo > Villafranca del Campo > Santa Eulalia del Campo > Cella > Teruel
2026-06-21,18517,MD,Media Distancia,Área Varias,REGIONAL,Impar (↑ Norte/Origen),67011,Encinacorba,67200,Teruel,17,Encinacorba > Villarreal de Huerva > Villadoz > Badules > Villahermosa > Ferreruela > Cuencabuena > Lechago > Navarrete > Calamocha > Caminreal-Fuentes Claras > Torrijo del Campo > Monreal del Campo > Villafranca del Campo > Santa Eulalia del Campo > Cella > Teruel
2026-06-21,18523,MD,Media Distancia,Área Varias,MD,Impar (↑ Norte/Origen),04040,Zaragoza Delicias,65000,València-Estació del Nord,13,Zaragoza Delicias > Arañales de Muel > Cariñena > Calamocha > Monreal del Campo > Santa Eulalia del Campo > Cella > Teruel > Sarrión > Mora de Rubielos > Segorbe-Ciudad > Sagunt > València-Estació del Nord
2026-06-21,18700,MD,Media Distancia,Área Varias,REG.EXP.,Par (↓ Sur/Destino),14223,Santander,10600,Valladolid-Campo Grande,13,Santander > Torrelavega > Las Caldas de Besaya > Reinosa > Mataporquera > Aguilar de Campoo > Alar del Rey > Herrera de Pisuerga > Osorno > Frómista > Palencia > Venta de Baños > Valladolid-Campo Grande
2026-06-21,18701,MD,Media Distancia,Área Varias,REG.EXP.,Impar (↑ Norte/Origen),10600,Valladolid-Campo Grande,14223,Santander,13,Valladolid-Campo Grande > Venta de Baños > Palencia > Frómista > Osorno > Herrera de Pisuerga > Alar del Rey > Aguilar de Campoo > Mataporquera > Reinosa > Las Caldas de Besaya > Torrelavega > Santander
2026-06-21,18750,MD,Media Distancia,Área Varias,REGIONAL,Par (↓ Sur/Destino),70403,Arcos de Jalón,04040,Zaragoza Delicias,11,Arcos de Jalón > Santa María de Huerta > Monreal de Ariza > Ariza > Cetina > Alhama de Aragón > Ateca > Terrer > Calatayud > Ricla-La Almunia > Zaragoza Delicias
2026-06-21,18752,MD,Media Distancia,Área Varias,REGIONAL,Par (↓ Sur/Destino),70600,Calatayud,04040,Zaragoza Delicias,3,Calatayud > Ricla-La Almunia > Zaragoza Delicias
2026-06-21,18753,MD,Media Distancia,Área Varias,REGIONAL,Impar (↑ Norte/Origen),04040,Zaragoza Delicias,70600,Calatayud,3,Zaragoza Delicias > Ricla-La Almunia > Calatayud
2026-06-21,18753,MD,Media Distancia,Área Varias,REGIONAL,Impar (↑ Norte/Origen),04040,Zaragoza Delicias,70500,Ariza,9,Zaragoza Delicias > Ricla-La Almunia > Calatayud > Terrer > Ateca > Bubierca > Alhama de Aragón > Cetina > Ariza
2026-06-21,18754,MD,Media Distancia,Área Varias,REGIONAL,Par (↓ Sur/Destino),70403,Arcos de Jalón,04040,Zaragoza Delicias,11,Arcos de Jalón > Santa María de Huerta > Monreal de Ariza > Ariza > Cetina > Alhama de Aragón > Ateca > Terrer > Calatayud > Ricla-La Almunia > Zaragoza Delicias
2026-06-21,18755,MD,Media Distancia,Área Varias,REGIONAL,Impar (↑ Norte/Origen),04040,Zaragoza Delicias,70403,Arcos de Jalón,11,Zaragoza Delicias > Ricla-La Almunia > Calatayud > Terrer > Ateca > Alhama de Aragón > Cetina > Ariza > Monreal de Ariza > Santa María de Huerta > Arcos de Jalón
2026-06-21,18756,MD,Media Distancia,Área Varias,REGIONAL,Par (↓ Sur/Destino),70500,Ariza,04040,Zaragoza Delicias,9,Ariza > Cetina > Alhama de Aragón > Bubierca > Ateca > Terrer > Calatayud > Ricla-La Almunia > Zaragoza Delicias
2026-06-21,18770,MD,Media Distancia,Área Varias,REG.EXP.,Par (↓ Sur/Destino),37200,Ciudad Real,37606,Badajoz,16,Ciudad Real > Puertollano > Brazatortas-Veredas > Almadenejos-Almadén > Guadalmez-Los Pedroches > Cabeza del Buey > Almorchón > Castuera > Campanario > Villanueva de la Serena > Don Benito > Valdetorres > Guareña > Mérida > Montijo > Badajoz
2026-06-21,18773,MD,Media Distancia,Área Varias,REG.EXP.,Impar (↑ Norte/Origen),30002,Plasencia,51003,Sevilla-Santa Justa,18,Plasencia > Cáceres > Mérida > Calamonte > Almendralejo > Villafranca de los Barros > Los Santos de Maimona > Zafra Feria > Zafra > Llerena > Fuente del Arco > Guadalcanal > Cazalla-Constantina > Pedroso > Villanueva del Río-Minas > Tocina > Los Rosales > Sevilla-Santa Justa
2026-06-21,18775,MD,Media Distancia,Área Varias,REG.EXP.,Impar (↑ Norte/Origen),35400,Cáceres,51003,Sevilla-Santa Justa,9,Cáceres > Mérida > Calamonte > Almendralejo > Villafranca de los Barros > Los Santos de Maimona > Zafra Feria > Zafra > Sevilla-Santa Justa
2026-06-21,18775,MD,Media Distancia,Área Varias,REG.EXP.,Impar (↑ Norte/Origen),30002,Plasencia,51003,Sevilla-Santa Justa,10,Plasencia > Cáceres > Mérida > Calamonte > Almendralejo > Villafranca de los Barros > Los Santos de Maimona > Zafra Feria > Zafra > Sevilla-Santa Justa
2026-06-21,18777,MD,Media Distancia,Área Varias,REG.EXP.,Impar (↑ Norte/Origen),37606,Badajoz,37200,Ciudad Real,19,Badajoz > Guadiana > Montijo-El Molino > Montijo > Garrovilla-Las Vegas > Mérida > Guareña > Valdetorres > Don Benito > Villanueva de la Serena > Campanario > Castuera > Almorchón > Cabeza del Buey > Guadalmez-Los Pedroches > Almadenejos-Almadén > Brazatortas-Veredas > Puertollano > Ciudad Real
2026-06-21,18779,MD,Media Distancia,Área Varias,REG.EXP.,Impar (↑ Norte/Origen),51003,Sevilla-Santa Justa,30002,Plasencia,10,Sevilla-Santa Justa > Zafra > Zafra Feria > Los Santos de Maimona > Villafranca de los Barros > Almendralejo > Calamonte > Mérida > Cáceres > Plasencia
2026-06-21,18779,MD,Media Distancia,Área Varias,REG.EXP.,Impar (↑ Norte/Origen),51003,Sevilla-Santa Justa,35400,Cáceres,9,Sevilla-Santa Justa > Zafra > Zafra Feria > Los Santos de Maimona > Villafranca de los Barros > Almendralejo > Calamonte > Mérida > Cáceres
2026-06-21,18900,MD,Media Distancia,Área Varias,MD,Par (↓ Sur/Destino),30100,Salamanca,10000,Madrid-Príncipe Pío,6,Salamanca > Peñaranda de Bracamonte > Ávila > El Escorial > Villalba de Guadarrama > Madrid-Príncipe Pío
2026-06-21,18901,MD,Media Distancia,Área Varias,MD,Impar (↑ Norte/Origen),10000,Madrid-Príncipe Pío,30110,Salamanca-La Alamedilla,15,Madrid-Príncipe Pío > Villalba de Guadarrama > El Escorial > Ávila > Cardeñosa de Ávila > San Pedro del Arroyo > Crespos > Narros del Castillo > Peñaranda de Bracamonte > Villar de Gallimazo > Babilafuente > San Morales > Aldealengua > Salamanca > Salamanca-La Alamedilla
2026-06-21,18902,MD,Media Distancia,Área Varias,MD,Par (↓ Sur/Destino),30100,Salamanca,10000,Madrid-Príncipe Pío,6,Salamanca > Peñaranda de Bracamonte > Ávila > El Escorial > Villalba de Guadarrama > Madrid-Príncipe Pío
2026-06-21,18903,MD,Media Distancia,Área Varias,MD,Impar (↑ Norte/Origen),10000,Madrid-Príncipe Pío,30110,Salamanca-La Alamedilla,7,Madrid-Príncipe Pío > Villalba de Guadarrama > El Escorial > Ávila > Peñaranda de Bracamonte > Salamanca > Salamanca-La Alamedilla
2026-06-21,18904,MD,Media Distancia,Área Varias,MD,Par (↓ Sur/Destino),30100,Salamanca,10000,Madrid-Príncipe Pío,14,Salamanca > Aldealengua > San Morales > Babilafuente > Villar de Gallimazo > Peñaranda de Bracamonte > Narros del Castillo > Crespos > San Pedro del Arroyo > Cardeñosa de Ávila > Ávila > El Escorial > Villalba de Guadarrama > Madrid-Príncipe Pío
2026-06-21,18905,MD,Media Distancia,Área Varias,MD,Impar (↑ Norte/Origen),10000,Madrid-Príncipe Pío,30110,Salamanca-La Alamedilla,7,Madrid-Príncipe Pío > Villalba de Guadarrama > El Escorial > Ávila > Peñaranda de Bracamonte > Salamanca > Salamanca-La Alamedilla
2026-06-21,18906,MD,Media Distancia,Área Varias,MD,Par (↓ Sur/Destino),30100,Salamanca,10000,Madrid-Príncipe Pío,6,Salamanca > Peñaranda de Bracamonte > Ávila > El Escorial > Villalba de Guadarrama > Madrid-Príncipe Pío
2026-06-21,18907,MD,Media Distancia,Área Varias,MD,Impar (↑ Norte/Origen),10000,Madrid-Príncipe Pío,30110,Salamanca-La Alamedilla,13,Madrid-Príncipe Pío > Villalba de Guadarrama > El Escorial > Zarzalejo > Robledo de Chavela > Santa María de la Alameda-Peguerinos > Las Navas del Marqués > Navalperal > Herradón-La Cañada > Ávila > Peñaranda de Bracamonte > Salamanca > Salamanca-La Alamedilla
2026-06-21,18908,MD,Media Distancia,Área Varias,MD,Par (↓ Sur/Destino),30100,Salamanca,10000,Madrid-Príncipe Pío,6,Salamanca > Peñaranda de Bracamonte > Ávila > El Escorial > Villalba de Guadarrama > Madrid-Príncipe Pío
2026-06-21,18909,MD,Media Distancia,Área Varias,MD,Impar (↑ Norte/Origen),10000,Madrid-Príncipe Pío,30110,Salamanca-La Alamedilla,7,Madrid-Príncipe Pío > Villalba de Guadarrama > El Escorial > Ávila > Peñaranda de Bracamonte > Salamanca > Salamanca-La Alamedilla
2026-06-21,18910,MD,Media Distancia,Área Varias,MD,Par (↓ Sur/Destino),30100,Salamanca,10000,Madrid-Príncipe Pío,6,Salamanca > Peñaranda de Bracamonte > Ávila > El Escorial > Villalba de Guadarrama > Madrid-Príncipe Pío
2026-06-21,18911,MD,Media Distancia,Área Varias,MD,Impar (↑ Norte/Origen),10000,Madrid-Príncipe Pío,30110,Salamanca-La Alamedilla,7,Madrid-Príncipe Pío > Villalba de Guadarrama > El Escorial > Ávila > Peñaranda de Bracamonte > Salamanca > Salamanca-La Alamedilla
2026-06-21,18912,MD,Media Distancia,Área Varias,MD,Par (↓ Sur/Destino),30100,Salamanca,10000,Madrid-Príncipe Pío,12,Salamanca > Peñaranda de Bracamonte > Ávila > Herradón-La Cañada > Navalperal > Las Navas del Marqués > Santa María de la Alameda-Peguerinos > Robledo de Chavela > Zarzalejo > El Escorial > Villalba de Guadarrama > Madrid-Príncipe Pío
2026-06-21,18913,MD,Media Distancia,Área Varias,MD,Impar (↑ Norte/Origen),10000,Madrid-Príncipe Pío,30110,Salamanca-La Alamedilla,13,Madrid-Príncipe Pío > Villalba de Guadarrama > El Escorial > Zarzalejo > Robledo de Chavela > Santa María de la Alameda-Peguerinos > Las Navas del Marqués > Navalperal > Herradón-La Cañada > Ávila > Peñaranda de Bracamonte > Salamanca > Salamanca-La Alamedilla
2026-06-21,18921,MD,Media Distancia,Área Varias,MD,Impar (↑ Norte/Origen),10000,Madrid-Príncipe Pío,30110,Salamanca-La Alamedilla,15,Madrid-Príncipe Pío > Villalba de Guadarrama > El Escorial > Ávila > Cardeñosa de Ávila > San Pedro del Arroyo > Crespos > Narros del Castillo > Peñaranda de Bracamonte > Villar de Gallimazo > Babilafuente > San Morales > Aldealengua > Salamanca > Salamanca-La Alamedilla
2026-06-21,30900,LD/MD,LD/MD/Ce fascículo,Fascículo,REGIONAL,Par (↓ Sur/Destino),79316,Cerbère,79315,Portbou,2,Cerbère > Portbou
2026-06-21,30904,LD/MD,LD/MD/Ce fascículo,Fascículo,REGIONAL,Par (↓ Sur/Destino),79316,Cerbère,79315,Portbou,2,Cerbère > Portbou
2026-06-21,30908,LD/MD,LD/MD/Ce fascículo,Fascículo,REGIONAL,Par (↓ Sur/Destino),79316,Cerbère,79315,Portbou,2,Cerbère > Portbou
2026-06-21,30910,LD/MD,LD/MD/Ce fascículo,Fascículo,REGIONAL,Par (↓ Sur/Destino),79316,Cerbère,79315,Portbou,2,Cerbère > Portbou
2026-06-21,30912,LD/MD,LD/MD/Ce fascículo,Fascículo,REGIONAL,Par (↓ Sur/Destino),79316,Cerbère,79315,Portbou,2,Cerbère > Portbou
2026-06-21,30916,LD/MD,LD/MD/Ce fascículo,Fascículo,REGIONAL,Par (↓ Sur/Destino),79316,Cerbère,79315,Portbou,2,Cerbère > Portbou
2026-06-21,30918,LD/MD,LD/MD/Ce fascículo,Fascículo,REGIONAL,Par (↓ Sur/Destino),79316,Cerbère,79315,Portbou,2,Cerbère > Portbou
2026-06-21,30920,LD/MD,LD/MD/Ce fascículo,Fascículo,REGIONAL,Par (↓ Sur/Destino),79316,Cerbère,79315,Portbou,2,Cerbère > Portbou
2026-06-21,34023,MD,Ocasional MD/Ce,Ocas.,AVANT,Impar (↑ Norte/Origen),71801,Barcelona-Sants,04307,Figueres-Vilafant,3,Barcelona-Sants > Girona > Figueres-Vilafant
2026-06-21,34061,MD,Ocasional MD/Ce,Ocas.,AVANT,Impar (↑ Norte/Origen),03216,València-Joaquín Sorolla,03213,Requena-Utiel,2,València-Joaquín Sorolla > Requena-Utiel
2026-06-21,34062,MD,Ocasional MD/Ce,Ocas.,AVANT,Par (↓ Sur/Destino),71801,Barcelona-Sants,78400,Lleida-Pirineus,3,Barcelona-Sants > Camp de Tarragona > Lleida-Pirineus
2026-06-21,34073,MD,Ocasional MD/Ce,Ocas.,AVANT,Impar (↑ Norte/Origen),71801,Barcelona-Sants,04307,Figueres-Vilafant,3,Barcelona-Sants > Girona > Figueres-Vilafant
2026-06-21,34074,MD,Ocasional MD/Ce,Ocas.,AVANT,Par (↓ Sur/Destino),03213,Requena-Utiel,03216,València-Joaquín Sorolla,2,Requena-Utiel > València-Joaquín Sorolla
2026-06-21,34080,MD,Ocasional MD/Ce,Ocas.,AVANT,Par (↓ Sur/Destino),10600,Valladolid-Campo Grande,17000,Madrid-Chamartín-Clara Campoamor,2,Valladolid-Campo Grande > Madrid-Chamartín-Clara Campoamor
2026-06-21,34082,MD,Ocasional MD/Ce,Ocas.,AVANT,Par (↓ Sur/Destino),04307,Figueres-Vilafant,71801,Barcelona-Sants,3,Figueres-Vilafant > Girona > Barcelona-Sants
2026-06-21,34088,MD,Ocasional MD/Ce,Ocas.,AVANT,Par (↓ Sur/Destino),10600,Valladolid-Campo Grande,17000,Madrid-Chamartín-Clara Campoamor,3,Valladolid-Campo Grande > Segovia-Guiomar > Madrid-Chamartín-Clara Campoamor
2026-06-21,34092,MD,Ocasional MD/Ce,Ocas.,AVANT,Par (↓ Sur/Destino),04307,Figueres-Vilafant,71801,Barcelona-Sants,3,Figueres-Vilafant > Girona > Barcelona-Sants
2026-06-21,34093,MD,Ocasional MD/Ce,Ocas.,AVANT,Impar (↑ Norte/Origen),71801,Barcelona-Sants,04307,Figueres-Vilafant,3,Barcelona-Sants > Girona > Figueres-Vilafant
2026-06-21,34101,MD,Ocasional MD/Ce,Ocas.,AVANT,Impar (↑ Norte/Origen),17000,Madrid-Chamartín-Clara Campoamor,10600,Valladolid-Campo Grande,3,Madrid-Chamartín-Clara Campoamor > Segovia-Guiomar > Valladolid-Campo Grande
2026-06-21,34102,MD,Ocasional MD/Ce,Ocas.,AVANT,Par (↓ Sur/Destino),04307,Figueres-Vilafant,71801,Barcelona-Sants,3,Figueres-Vilafant > Girona > Barcelona-Sants
2026-06-21,34113,MD,Ocasional MD/Ce,Ocas.,AVANT,Impar (↑ Norte/Origen),71801,Barcelona-Sants,04307,Figueres-Vilafant,3,Barcelona-Sants > Girona > Figueres-Vilafant
2026-06-21,34120,MD,Ocasional MD/Ce,Ocas.,AVANT,Par (↓ Sur/Destino),03213,Requena-Utiel,03216,València-Joaquín Sorolla,2,Requena-Utiel > València-Joaquín Sorolla
2026-06-21,34122,MD,Ocasional MD/Ce,Ocas.,AVANT,Par (↓ Sur/Destino),71801,Barcelona-Sants,78400,Lleida-Pirineus,3,Barcelona-Sants > Camp de Tarragona > Lleida-Pirineus
2026-06-21,34123,MD,Ocasional MD/Ce,Ocas.,AVANT,Impar (↑ Norte/Origen),71801,Barcelona-Sants,04307,Figueres-Vilafant,3,Barcelona-Sants > Girona > Figueres-Vilafant
2026-06-21,34125,MD,Ocasional MD/Ce,Ocas.,AVANT,Impar (↑ Norte/Origen),71801,Barcelona-Sants,04307,Figueres-Vilafant,3,Barcelona-Sants > Girona > Figueres-Vilafant
2026-06-21,34130,MD,Ocasional MD/Ce,Ocas.,AVANT,Par (↓ Sur/Destino),04307,Figueres-Vilafant,71801,Barcelona-Sants,3,Figueres-Vilafant > Girona > Barcelona-Sants
2026-06-21,34137,MD,Ocasional MD/Ce,Ocas.,AVANT,Impar (↑ Norte/Origen),71801,Barcelona-Sants,04307,Figueres-Vilafant,3,Barcelona-Sants > Girona > Figueres-Vilafant
2026-06-21,34140,MD,Ocasional MD/Ce,Ocas.,AVANT,Par (↓ Sur/Destino),03213,Requena-Utiel,03216,València-Joaquín Sorolla,2,Requena-Utiel > València-Joaquín Sorolla
2026-06-21,34142,MD,Ocasional MD/Ce,Ocas.,AVANT,Par (↓ Sur/Destino),04307,Figueres-Vilafant,71801,Barcelona-Sants,3,Figueres-Vilafant > Girona > Barcelona-Sants
2026-06-21,34143,MD,Ocasional MD/Ce,Ocas.,AVANT,Impar (↑ Norte/Origen),71801,Barcelona-Sants,04307,Figueres-Vilafant,3,Barcelona-Sants > Girona > Figueres-Vilafant
2026-06-21,34153,MD,Ocasional MD/Ce,Ocas.,AVANT,Impar (↑ Norte/Origen),71801,Barcelona-Sants,04307,Figueres-Vilafant,3,Barcelona-Sants > Girona > Figueres-Vilafant
2026-06-21,34154,MD,Ocasional MD/Ce,Ocas.,AVANT,Par (↓ Sur/Destino),31412,A Coruña,22100,Ourense,3,A Coruña > Santiago de Compostela-Daniel Castelao > Ourense
2026-06-21,34163,MD,Ocasional MD/Ce,Ocas.,AVANT,Impar (↑ Norte/Origen),71801,Barcelona-Sants,04307,Figueres-Vilafant,3,Barcelona-Sants > Girona > Figueres-Vilafant
2026-06-21,34171,MD,Ocasional MD/Ce,Ocas.,AVANT,Impar (↑ Norte/Origen),17000,Madrid-Chamartín-Clara Campoamor,10600,Valladolid-Campo Grande,2,Madrid-Chamartín-Clara Campoamor > Valladolid-Campo Grande
2026-06-21,34176,MD,Ocasional MD/Ce,Ocas.,AVANT,Par (↓ Sur/Destino),10600,Valladolid-Campo Grande,17000,Madrid-Chamartín-Clara Campoamor,3,Valladolid-Campo Grande > Segovia-Guiomar > Madrid-Chamartín-Clara Campoamor
2026-06-21,34181,MD,Ocasional MD/Ce,Ocas.,AVANT,Impar (↑ Norte/Origen),03216,València-Joaquín Sorolla,03213,Requena-Utiel,2,València-Joaquín Sorolla > Requena-Utiel
2026-06-21,34182,MD,Ocasional MD/Ce,Ocas.,AVANT,Par (↓ Sur/Destino),04307,Figueres-Vilafant,71801,Barcelona-Sants,3,Figueres-Vilafant > Girona > Barcelona-Sants
2026-06-21,34183,MD,Ocasional MD/Ce,Ocas.,AVANT,Impar (↑ Norte/Origen),17000,Madrid-Chamartín-Clara Campoamor,10600,Valladolid-Campo Grande,2,Madrid-Chamartín-Clara Campoamor > Valladolid-Campo Grande
2026-06-21,34184,MD,Ocasional MD/Ce,Ocas.,AVANT,Par (↓ Sur/Destino),03213,Requena-Utiel,03216,València-Joaquín Sorolla,2,Requena-Utiel > València-Joaquín Sorolla
2026-06-21,34186,MD,Ocasional MD/Ce,Ocas.,AVANT,Par (↓ Sur/Destino),08004,Segovia-Guiomar,17000,Madrid-Chamartín-Clara Campoamor,2,Segovia-Guiomar > Madrid-Chamartín-Clara Campoamor
2026-06-21,34192,MD,Ocasional MD/Ce,Ocas.,AVANT,Par (↓ Sur/Destino),04307,Figueres-Vilafant,71801,Barcelona-Sants,3,Figueres-Vilafant > Girona > Barcelona-Sants
2026-06-21,34210,MD,Ocasional MD/Ce,Ocas.,AVANT,Par (↓ Sur/Destino),03213,Requena-Utiel,03216,València-Joaquín Sorolla,2,Requena-Utiel > València-Joaquín Sorolla
2026-06-21,34215,MD,Ocasional MD/Ce,Ocas.,AVANT,Impar (↑ Norte/Origen),03216,València-Joaquín Sorolla,03213,Requena-Utiel,2,València-Joaquín Sorolla > Requena-Utiel
2026-06-21,34262,MD,Ocasional MD/Ce,Ocas.,AVANT,Par (↓ Sur/Destino),04307,Figueres-Vilafant,71801,Barcelona-Sants,3,Figueres-Vilafant > Girona > Barcelona-Sants
2026-06-21,34292,MD,Ocasional MD/Ce,Ocas.,AVANT,Par (↓ Sur/Destino),04307,Figueres-Vilafant,71801,Barcelona-Sants,3,Figueres-Vilafant > Girona > Barcelona-Sants
2026-06-21,34295,MD,Ocasional MD/Ce,Ocas.,AVANT,Impar (↑ Norte/Origen),22100,Ourense,31412,A Coruña,3,Ourense > Santiago de Compostela-Daniel Castelao > A Coruña
2026-06-21,34301,MD,Ocasional MD/Ce,Ocas.,AVANT,Impar (↑ Norte/Origen),03216,València-Joaquín Sorolla,03213,Requena-Utiel,2,València-Joaquín Sorolla > Requena-Utiel
2026-06-21,34302,MD,Ocasional MD/Ce,Ocas.,AVANT,Par (↓ Sur/Destino),04307,Figueres-Vilafant,71801,Barcelona-Sants,3,Figueres-Vilafant > Girona > Barcelona-Sants
2026-06-21,34309,MD,Ocasional MD/Ce,Ocas.,AVANT,Impar (↑ Norte/Origen),71801,Barcelona-Sants,04307,Figueres-Vilafant,3,Barcelona-Sants > Girona > Figueres-Vilafant
2026-06-21,34310,MD,Ocasional MD/Ce,Ocas.,AVANT,Par (↓ Sur/Destino),10600,Valladolid-Campo Grande,17000,Madrid-Chamartín-Clara Campoamor,3,Valladolid-Campo Grande > Segovia-Guiomar > Madrid-Chamartín-Clara Campoamor
2026-06-21,34334,MD,Ocasional MD/Ce,Ocas.,AVANT,Par (↓ Sur/Destino),31412,A Coruña,22100,Ourense,3,A Coruña > Santiago de Compostela-Daniel Castelao > Ourense
2026-06-21,34345,MD,Ocasional MD/Ce,Ocas.,AVANT,Impar (↑ Norte/Origen),22100,Ourense,31412,A Coruña,3,Ourense > Santiago de Compostela-Daniel Castelao > A Coruña
2026-06-21,34364,MD,Ocasional MD/Ce,Ocas.,AVANT,Par (↓ Sur/Destino),31412,A Coruña,22100,Ourense,3,A Coruña > Santiago de Compostela-Daniel Castelao > Ourense
2026-06-21,34366,MD,Ocasional MD/Ce,Ocas.,AVANT,Par (↓ Sur/Destino),10600,Valladolid-Campo Grande,17000,Madrid-Chamartín-Clara Campoamor,3,Valladolid-Campo Grande > Segovia-Guiomar > Madrid-Chamartín-Clara Campoamor
2026-06-21,34381,MD,Ocasional MD/Ce,Ocas.,AVANT,Impar (↑ Norte/Origen),71801,Barcelona-Sants,04307,Figueres-Vilafant,3,Barcelona-Sants > Girona > Figueres-Vilafant
2026-06-21,34392,MD,Ocasional MD/Ce,Ocas.,AVANT,Par (↓ Sur/Destino),10600,Valladolid-Campo Grande,17000,Madrid-Chamartín-Clara Campoamor,2,Valladolid-Campo Grande > Madrid-Chamartín-Clara Campoamor
2026-06-21,34395,MD,Ocasional MD/Ce,Ocas.,AVANT,Impar (↑ Norte/Origen),22100,Ourense,31412,A Coruña,3,Ourense > Santiago de Compostela-Daniel Castelao > A Coruña
2026-06-21,34404,MD,Ocasional MD/Ce,Ocas.,AVANT,Par (↓ Sur/Destino),31412,A Coruña,22100,Ourense,3,A Coruña > Santiago de Compostela-Daniel Castelao > Ourense
2026-06-21,34405,MD,Ocasional MD/Ce,Ocas.,AVANT,Impar (↑ Norte/Origen),22100,Ourense,31412,A Coruña,3,Ourense > Santiago de Compostela-Daniel Castelao > A Coruña
2026-06-21,34433,MD,Ocasional MD/Ce,Ocas.,AVANT,Impar (↑ Norte/Origen),78400,Lleida-Pirineus,71801,Barcelona-Sants,3,Lleida-Pirineus > Camp de Tarragona > Barcelona-Sants
2026-06-21,34442,MD,Ocasional MD/Ce,Ocas.,AVANT,Par (↓ Sur/Destino),60911,Alicante/Alacant-Terminal,61200,Murcia del Carmen,4,Alicante/Alacant-Terminal > Elche/Elx AV > Orihuela-Miguel Hernández > Murcia del Carmen
2026-06-21,34609,MD,Ocasional MD/Ce,Ocas.,AVANT,Impar (↑ Norte/Origen),71801,Barcelona-Sants,04307,Figueres-Vilafant,3,Barcelona-Sants > Girona > Figueres-Vilafant
2026-06-21,34621,MD,Ocasional MD/Ce,Ocas.,AVANT,Impar (↑ Norte/Origen),78400,Lleida-Pirineus,71801,Barcelona-Sants,3,Lleida-Pirineus > Camp de Tarragona > Barcelona-Sants
2026-06-21,34622,MD,Ocasional MD/Ce,Ocas.,AVANT,Par (↓ Sur/Destino),71801,Barcelona-Sants,78400,Lleida-Pirineus,3,Barcelona-Sants > Camp de Tarragona > Lleida-Pirineus
2026-06-21,34662,MD,Ocasional MD/Ce,Ocas.,AVANT,Par (↓ Sur/Destino),04307,Figueres-Vilafant,71801,Barcelona-Sants,3,Figueres-Vilafant > Girona > Barcelona-Sants
2026-06-21,34712,MD,Ocasional MD/Ce,Ocas.,AVANT,Par (↓ Sur/Destino),04307,Figueres-Vilafant,71801,Barcelona-Sants,3,Figueres-Vilafant > Girona > Barcelona-Sants
2026-06-21,34763,MD,Ocasional MD/Ce,Ocas.,AVANT,Impar (↑ Norte/Origen),17000,Madrid-Chamartín-Clara Campoamor,08004,Segovia-Guiomar,2,Madrid-Chamartín-Clara Campoamor > Segovia-Guiomar
2026-06-21,34792,MD,Ocasional MD/Ce,Ocas.,AVANT,Par (↓ Sur/Destino),08004,Segovia-Guiomar,17000,Madrid-Chamartín-Clara Campoamor,2,Segovia-Guiomar > Madrid-Chamartín-Clara Campoamor
2026-06-21,34809,MD,Ocasional MD/Ce,Ocas.,AVANT,Impar (↑ Norte/Origen),17000,Madrid-Chamartín-Clara Campoamor,08004,Segovia-Guiomar,2,Madrid-Chamartín-Clara Campoamor > Segovia-Guiomar
2026-06-21,34813,MD,Ocasional MD/Ce,Ocas.,AVANT,Impar (↑ Norte/Origen),78400,Lleida-Pirineus,71801,Barcelona-Sants,3,Lleida-Pirineus > Camp de Tarragona > Barcelona-Sants
2026-06-21,34823,MD,Ocasional MD/Ce,Ocas.,AVANT,Impar (↑ Norte/Origen),78400,Lleida-Pirineus,71801,Barcelona-Sants,3,Lleida-Pirineus > Camp de Tarragona > Barcelona-Sants
2026-06-21,34842,MD,Ocasional MD/Ce,Ocas.,AVANT,Par (↓ Sur/Destino),71801,Barcelona-Sants,78400,Lleida-Pirineus,3,Barcelona-Sants > Camp de Tarragona > Lleida-Pirineus
2026-06-21,34853,MD,Ocasional MD/Ce,Ocas.,AVANT,Impar (↑ Norte/Origen),70600,Calatayud,04040,Zaragoza Delicias,2,Calatayud > Zaragoza Delicias
2026-06-21,34862,MD,Ocasional MD/Ce,Ocas.,AVANT,Par (↓ Sur/Destino),04040,Zaragoza Delicias,70600,Calatayud,2,Zaragoza Delicias > Calatayud
2026-06-21,34863,MD,Ocasional MD/Ce,Ocas.,AVANT,Impar (↑ Norte/Origen),61200,Murcia del Carmen,60911,Alicante/Alacant-Terminal,4,Murcia del Carmen > Orihuela-Miguel Hernández > Elche/Elx AV > Alicante/Alacant-Terminal
2026-06-21,34868,MD,Ocasional MD/Ce,Ocas.,AVANT,Par (↓ Sur/Destino),08004,Segovia-Guiomar,17000,Madrid-Chamartín-Clara Campoamor,2,Segovia-Guiomar > Madrid-Chamartín-Clara Campoamor
2026-06-21,34890,MD,Ocasional MD/Ce,Ocas.,AVANT,Par (↓ Sur/Destino),03213,Requena-Utiel,03216,València-Joaquín Sorolla,2,Requena-Utiel > València-Joaquín Sorolla
2026-06-21,34898,MD,Ocasional MD/Ce,Ocas.,AVANT,Par (↓ Sur/Destino),08004,Segovia-Guiomar,17000,Madrid-Chamartín-Clara Campoamor,2,Segovia-Guiomar > Madrid-Chamartín-Clara Campoamor
2026-06-21,34899,MD,Ocasional MD/Ce,Ocas.,AVANT,Impar (↑ Norte/Origen),17000,Madrid-Chamartín-Clara Campoamor,08004,Segovia-Guiomar,2,Madrid-Chamartín-Clara Campoamor > Segovia-Guiomar
2026-06-21,34903,MD,Ocasional MD/Ce,Ocas.,AVANT,Impar (↑ Norte/Origen),61200,Murcia del Carmen,60911,Alicante/Alacant-Terminal,4,Murcia del Carmen > Orihuela-Miguel Hernández > Elche/Elx AV > Alicante/Alacant-Terminal
2026-06-21,34909,MD,Ocasional MD/Ce,Ocas.,AVANT,Impar (↑ Norte/Origen),17000,Madrid-Chamartín-Clara Campoamor,08004,Segovia-Guiomar,2,Madrid-Chamartín-Clara Campoamor > Segovia-Guiomar
2026-06-21,34912,MD,Ocasional MD/Ce,Ocas.,AVANT,Par (↓ Sur/Destino),60911,Alicante/Alacant-Terminal,61200,Murcia del Carmen,4,Alicante/Alacant-Terminal > Elche/Elx AV > Orihuela-Miguel Hernández > Murcia del Carmen
2026-06-21,34913,MD,Ocasional MD/Ce,Ocas.,AVANT,Impar (↑ Norte/Origen),70600,Calatayud,04040,Zaragoza Delicias,2,Calatayud > Zaragoza Delicias
2026-06-21,34929,MD,Ocasional MD/Ce,Ocas.,AVANT,Impar (↑ Norte/Origen),17000,Madrid-Chamartín-Clara Campoamor,08004,Segovia-Guiomar,2,Madrid-Chamartín-Clara Campoamor > Segovia-Guiomar
2026-06-21,34942,MD,Ocasional MD/Ce,Ocas.,AVANT,Par (↓ Sur/Destino),04040,Zaragoza Delicias,70600,Calatayud,2,Zaragoza Delicias > Calatayud
2026-06-21,34943,MD,Ocasional MD/Ce,Ocas.,AVANT,Impar (↑ Norte/Origen),70600,Calatayud,04040,Zaragoza Delicias,2,Calatayud > Zaragoza Delicias
2026-06-21,34951,MD,Ocasional MD/Ce,Ocas.,AVANT,Impar (↑ Norte/Origen),03216,València-Joaquín Sorolla,03213,Requena-Utiel,2,València-Joaquín Sorolla > Requena-Utiel
2026-06-21,34958,MD,Ocasional MD/Ce,Ocas.,AVANT,Par (↓ Sur/Destino),08004,Segovia-Guiomar,17000,Madrid-Chamartín-Clara Campoamor,2,Segovia-Guiomar > Madrid-Chamartín-Clara Campoamor
2026-06-21,34962,MD,Ocasional MD/Ce,Ocas.,AVANT,Par (↓ Sur/Destino),04040,Zaragoza Delicias,70600,Calatayud,2,Zaragoza Delicias > Calatayud
2026-06-21,34963,MD,Ocasional MD/Ce,Ocas.,AVANT,Impar (↑ Norte/Origen),70600,Calatayud,04040,Zaragoza Delicias,2,Calatayud > Zaragoza Delicias
2026-06-21,34969,MD,Ocasional MD/Ce,Ocas.,AVANT,Impar (↑ Norte/Origen),17000,Madrid-Chamartín-Clara Campoamor,08004,Segovia-Guiomar,2,Madrid-Chamartín-Clara Campoamor > Segovia-Guiomar
2026-06-21,34972,MD,Ocasional MD/Ce,Ocas.,AVANT,Par (↓ Sur/Destino),04040,Zaragoza Delicias,70600,Calatayud,2,Zaragoza Delicias > Calatayud
2026-06-21,34982,MD,Ocasional MD/Ce,Ocas.,AVANT,Par (↓ Sur/Destino),04040,Zaragoza Delicias,70600,Calatayud,2,Zaragoza Delicias > Calatayud
2026-06-21,34988,MD,Ocasional MD/Ce,Ocas.,AVANT,Par (↓ Sur/Destino),08004,Segovia-Guiomar,17000,Madrid-Chamartín-Clara Campoamor,2,Segovia-Guiomar > Madrid-Chamartín-Clara Campoamor
2026-06-21,34993,MD,Ocasional MD/Ce,Ocas.,AVANT,Impar (↑ Norte/Origen),70600,Calatayud,04040,Zaragoza Delicias,2,Calatayud > Zaragoza Delicias
2026-06-21,35001,MD,Ocasional MD/Ce,Ocas.,MD,Impar (↑ Norte/Origen),51405,Cádiz,03100,Jaén,23,Cádiz > Segunda Aguada > Cádiz-Estadio > San Fernando-Bahía Sur > Puerto Real > Puerto de Santa María > Jerez de la Frontera > Aeropuerto de Jerez > Lebrija > Las Cabezas de San Juan > Utrera > Dos Hermanas > Virgen del Rocío > San Bernardo > Sevilla-Santa Justa > Lora del Río > Peñaflor > Palma del Río > Posadas > Córdoba-Julio Anguita > Villa del Río > Andújar > Jaén
2026-06-21,35003,MD,Ocasional MD/Ce,Ocas.,MD,Impar (↑ Norte/Origen),51405,Cádiz,03100,Jaén,21,Cádiz > San Fernando-Bahía Sur > Puerto Real > Puerto de Santa María > Jerez de la Frontera > Aeropuerto de Jerez > Lebrija > Las Cabezas de San Juan > Utrera > Dos Hermanas > Virgen del Rocío > San Bernardo > Sevilla-Santa Justa > Lora del Río > Peñaflor > Palma del Río > Posadas > Córdoba-Julio Anguita > Villa del Río > Andújar > Jaén
2026-06-21,35009,MD,Ocasional MD/Ce,Ocas.,MD,Impar (↑ Norte/Origen),51405,Cádiz,03100,Jaén,19,Cádiz > San Fernando-Bahía Sur > Puerto Real > Puerto de Santa María > Jerez de la Frontera > Aeropuerto de Jerez > Lebrija > Utrera > Dos Hermanas > San Bernardo > Sevilla-Santa Justa > Lora del Río > Peñaflor > Palma del Río > Posadas > Córdoba-Julio Anguita > Villa del Río > Andújar > Jaén
2026-06-21,35011,MD,Ocasional MD/Ce,Ocas.,MD,Impar (↑ Norte/Origen),51405,Cádiz,03100,Jaén,19,Cádiz > San Fernando-Bahía Sur > Puerto Real > Puerto de Santa María > Jerez de la Frontera > Lebrija > Utrera > Dos Hermanas > Virgen del Rocío > San Bernardo > Sevilla-Santa Justa > Lora del Río > Peñaflor > Palma del Río > Posadas > Córdoba-Julio Anguita > Villa del Río > Andújar > Jaén
2026-06-21,35011,MD,Ocasional MD/Ce,Ocas.,MD,Impar (↑ Norte/Origen),51003,Sevilla-Santa Justa,03100,Jaén,9,Sevilla-Santa Justa > Lora del Río > Peñaflor > Palma del Río > Posadas > Córdoba-Julio Anguita > Villa del Río > Andújar > Jaén
2026-06-21,35017,MD,Ocasional MD/Ce,Ocas.,MD,Impar (↑ Norte/Origen),51405,Cádiz,03100,Jaén,18,Cádiz > San Fernando-Bahía Sur > Puerto de Santa María > Jerez de la Frontera > Aeropuerto de Jerez > Lebrija > Utrera > Dos Hermanas > San Bernardo > Sevilla-Santa Justa > Lora del Río > Peñaflor > Palma del Río > Posadas > Córdoba-Julio Anguita > Villa del Río > Andújar > Jaén
2026-06-21,35035,MD,Ocasional MD/Ce,Ocas.,MD,Impar (↑ Norte/Origen),03100,Jaén,51405,Cádiz,17,Jaén > Andújar > Villa del Río > Córdoba-Julio Anguita > Posadas > Palma del Río > Peñaflor > Lora del Río > Sevilla-Santa Justa > San Bernardo > Dos Hermanas > Utrera > Lebrija > Jerez de la Frontera > Puerto de Santa María > San Fernando-Bahía Sur > Cádiz
2026-06-21,35050,MD,Ocasional MD/Ce,Ocas.,REG.EXP.,Par (↓ Sur/Destino),17000,Madrid-Chamartín-Clara Campoamor,04040,Zaragoza Delicias,15,Madrid-Chamartín-Clara Campoamor > Guadalajara > Yunquera de Henares > Humanes de Mohernando > Espinosa de Henares > Carrascosa de Henares > Jadraque > Matillas > Sigüenza > Torralba > Medinaceli > Arcos de Jalón > Ariza > Calatayud > Zaragoza Delicias
2026-06-21,35050,MD,Ocasional MD/Ce,Ocas.,REG.EXP.,Par (↓ Sur/Destino),17000,Madrid-Chamartín-Clara Campoamor,70300,Baides,9,Madrid-Chamartín-Clara Campoamor > Guadalajara > Yunquera de Henares > Humanes de Mohernando > Espinosa de Henares > Carrascosa de Henares > Jadraque > Matillas > Baides
2026-06-21,35052,MD,Ocasional MD/Ce,Ocas.,REGIONAL,Par (↓ Sur/Destino),17000,Madrid-Chamartín-Clara Campoamor,04040,Zaragoza Delicias,19,Madrid-Chamartín-Clara Campoamor > Alcalá de Henares > Guadalajara > Yunquera de Henares > Humanes de Mohernando > Espinosa de Henares > Carrascosa de Henares > Jadraque > Matillas > Sigüenza > Medinaceli > Arcos de Jalón > Santa María de Huerta > Ariza > Cetina > Alhama de Aragón > Ateca > Calatayud > Zaragoza Delicias
2026-06-21,35052,MD,Ocasional MD/Ce,Ocas.,REGIONAL,Par (↓ Sur/Destino),17000,Madrid-Chamartín-Clara Campoamor,70300,Baides,10,Madrid-Chamartín-Clara Campoamor > Alcalá de Henares > Guadalajara > Yunquera de Henares > Humanes de Mohernando > Espinosa de Henares > Carrascosa de Henares > Jadraque > Matillas > Baides
2026-06-21,35052,MD,Ocasional MD/Ce,Ocas.,REGIONAL,Par (↓ Sur/Destino),70300,Baides,04040,Zaragoza Delicias,11,Baides > Sigüenza > Medinaceli > Arcos de Jalón > Santa María de Huerta > Ariza > Cetina > Alhama de Aragón > Ateca > Calatayud > Zaragoza Delicias
2026-06-21,35054,MD,Ocasional MD/Ce,Ocas.,REG.EXP.,Par (↓ Sur/Destino),17000,Madrid-Chamartín-Clara Campoamor,04040,Zaragoza Delicias,15,Madrid-Chamartín-Clara Campoamor > Guadalajara > Yunquera de Henares > Humanes de Mohernando > Espinosa de Henares > Carrascosa de Henares > Jadraque > Matillas > Sigüenza > Torralba > Medinaceli > Arcos de Jalón > Ariza > Calatayud > Zaragoza Delicias
2026-06-21,35054,MD,Ocasional MD/Ce,Ocas.,REG.EXP.,Par (↓ Sur/Destino),17000,Madrid-Chamartín-Clara Campoamor,70300,Baides,9,Madrid-Chamartín-Clara Campoamor > Guadalajara > Yunquera de Henares > Humanes de Mohernando > Espinosa de Henares > Carrascosa de Henares > Jadraque > Matillas > Baides
2026-06-21,35062,MD,Ocasional MD/Ce,Ocas.,MD,Par (↓ Sur/Destino),02030,Antequera AV,55020,Algeciras,18,Antequera AV > Antequera-Santa Ana > Bobadilla > Campillos > Almargen-Cañete la Real > Setenil > Ronda > Arriate > Benaoján-Montejaque > Jimera de Líbar > Cortes de la Frontera > Gaucín > San Pablo > Jimena de la Frontera > Almoraima > San Roque-La Línea > Los Barrios > Algeciras
2026-06-21,35064,MD,Ocasional MD/Ce,Ocas.,MD,Par (↓ Sur/Destino),02030,Antequera AV,55020,Algeciras,18,Antequera AV > Antequera-Santa Ana > Bobadilla > Campillos > Almargen-Cañete la Real > Setenil > Ronda > Arriate > Benaoján-Montejaque > Jimera de Líbar > Cortes de la Frontera > Gaucín > San Pablo > Jimena de la Frontera > Almoraima > San Roque-La Línea > Los Barrios > Algeciras
2026-06-21,35065,MD,Ocasional MD/Ce,Ocas.,MD,Impar (↑ Norte/Origen),55020,Algeciras,02030,Antequera AV,18,Algeciras > Los Barrios > San Roque-La Línea > Almoraima > Jimena de la Frontera > San Pablo > Gaucín > Cortes de la Frontera > Jimera de Líbar > Benaoján-Montejaque > Arriate > Ronda > Setenil > Almargen-Cañete la Real > Campillos > Bobadilla > Antequera-Santa Ana > Antequera AV
2026-06-21,35073,MD,Ocasional MD/Ce,Ocas.,MD,Impar (↑ Norte/Origen),03100,Jaén,51405,Cádiz,21,Jaén > Andújar > Villa del Río > Córdoba-Julio Anguita > Posadas > Palma del Río > Peñaflor > Lora del Río > Sevilla-Santa Justa > San Bernardo > Dos Hermanas > Utrera > Lebrija > Aeropuerto de Jerez > Jerez de la Frontera > Puerto de Santa María > Puerto Real > San Fernando-Bahía Sur > Cádiz-Estadio > Segunda Aguada > Cádiz
2026-06-21,35077,MD,Ocasional MD/Ce,Ocas.,MD,Impar (↑ Norte/Origen),55020,Algeciras,02030,Antequera AV,18,Algeciras > Los Barrios > San Roque-La Línea > Almoraima > Jimena de la Frontera > San Pablo > Gaucín > Cortes de la Frontera > Jimera de Líbar > Benaoján-Montejaque > Arriate > Ronda > Setenil > Almargen-Cañete la Real > Campillos > Bobadilla > Antequera-Santa Ana > Antequera AV
2026-06-21,35079,MD,Ocasional MD/Ce,Ocas.,MD,Impar (↑ Norte/Origen),03100,Jaén,51405,Cádiz,19,Jaén > Andújar > Villa del Río > Córdoba-Julio Anguita > Posadas > Palma del Río > Peñaflor > Lora del Río > Sevilla-Santa Justa > San Bernardo > Dos Hermanas > Utrera > Lebrija > Aeropuerto de Jerez > Jerez de la Frontera > Puerto de Santa María > San Fernando-Bahía Sur > Cádiz-Estadio > Cádiz
2026-06-21,35083,MD,Ocasional MD/Ce,Ocas.,MD,Impar (↑ Norte/Origen),03100,Jaén,51405,Cádiz,20,Jaén > Andújar > Villa del Río > Córdoba-Julio Anguita > Posadas > Palma del Río > Peñaflor > Lora del Río > Sevilla-Santa Justa > San Bernardo > Dos Hermanas > Utrera > Las Cabezas de San Juan > Lebrija > Aeropuerto de Jerez > Jerez de la Frontera > Puerto de Santa María > Puerto Real > San Fernando-Bahía Sur > Cádiz
2026-06-21,35100,MD,Ocasional MD/Ce,Ocas.,REG.EXP.,Par (↓ Sur/Destino),78400,Lleida-Pirineus,79400,Barcelona Estació de França,20,Lleida-Pirineus > Puigverd de Lleida-Artesa de Lleida > Juneda > Les Borges Blanques > Vinaixa > Vimbodí i Poblet > L'Espluga de Francolí > Montblanc > La Plana-Picamoixons > Alcover > La Selva del Camp > Reus > Vila-seca > Tarragona > Altafulla-Tamarit > Torredembarra > Sant Vicenç de Calders > Barcelona-Sants > Barcelona-Passeig de Gràcia > Barcelona Estació de França
2026-06-21,35101,MD,Ocasional MD/Ce,Ocas.,REG.EXP.,Impar (↑ Norte/Origen),71802,Barcelona-Passeig de Gràcia,78400,Lleida-Pirineus,20,Barcelona-Passeig de Gràcia > Barcelona-Sants > Sant Vicenç de Calders > Torredembarra > Altafulla-Tamarit > Tarragona > Vila-seca > Reus > La Selva del Camp > Alcover > La Plana-Picamoixons > La Riba > Vilaverd > Montblanc > L'Espluga de Francolí > Vimbodí i Poblet > Vinaixa > Les Borges Blanques > Juneda > Lleida-Pirineus
2026-06-21,35102,MD,Ocasional MD/Ce,Ocas.,REG.EXP.,Par (↓ Sur/Destino),78400,Lleida-Pirineus,71802,Barcelona-Passeig de Gràcia,22,Lleida-Pirineus > Puigverd de Lleida-Artesa de Lleida > Juneda > Les Borges Blanques > La Floresta > Vinaixa > Vimbodí i Poblet > L'Espluga de Francolí > Montblanc > Vilaverd > La Riba > La Plana-Picamoixons > Alcover > La Selva del Camp > Reus > Vila-seca > Tarragona > Altafulla-Tamarit > Torredembarra > Sant Vicenç de Calders > Barcelona-Sants > Barcelona-Passeig de Gràcia
2026-06-21,35103,MD,Ocasional MD/Ce,Ocas.,REG.EXP.,Impar (↑ Norte/Origen),71802,Barcelona-Passeig de Gràcia,78400,Lleida-Pirineus,18,Barcelona-Passeig de Gràcia > Barcelona-Sants > Sant Vicenç de Calders > Torredembarra > Altafulla-Tamarit > Tarragona > Vila-seca > Reus > La Selva del Camp > Alcover > La Plana-Picamoixons > Montblanc > L'Espluga de Francolí > Vimbodí i Poblet > Vinaixa > Les Borges Blanques > Juneda > Lleida-Pirineus
2026-06-21,35104,MD,Ocasional MD/Ce,Ocas.,REG.EXP.,Par (↓ Sur/Destino),78400,Lleida-Pirineus,71802,Barcelona-Passeig de Gràcia,18,Lleida-Pirineus > Juneda > Les Borges Blanques > Vinaixa > Vimbodí i Poblet > L'Espluga de Francolí > Montblanc > La Plana-Picamoixons > Alcover > La Selva del Camp > Reus > Vila-seca > Tarragona > Altafulla-Tamarit > Torredembarra > Sant Vicenç de Calders > Barcelona-Sants > Barcelona-Passeig de Gràcia
2026-06-21,35105,MD,Ocasional MD/Ce,Ocas.,REG.EXP.,Impar (↑ Norte/Origen),71802,Barcelona-Passeig de Gràcia,78400,Lleida-Pirineus,22,Barcelona-Passeig de Gràcia > Barcelona-Sants > Sant Vicenç de Calders > Torredembarra > Altafulla-Tamarit > Tarragona > Vila-seca > Reus > La Selva del Camp > Alcover > La Plana-Picamoixons > La Riba > Vilaverd > Montblanc > L'Espluga de Francolí > Vimbodí i Poblet > Vinaixa > La Floresta > Les Borges Blanques > Juneda > Puigverd de Lleida-Artesa de Lleida > Lleida-Pirineus
2026-06-21,35106,MD,Ocasional MD/Ce,Ocas.,REG.EXP.,Par (↓ Sur/Destino),78400,Lleida-Pirineus,71802,Barcelona-Passeig de Gràcia,18,Lleida-Pirineus > Juneda > Les Borges Blanques > Vinaixa > Vimbodí i Poblet > L'Espluga de Francolí > Montblanc > La Plana-Picamoixons > Alcover > La Selva del Camp > Reus > Vila-seca > Tarragona > Altafulla-Tamarit > Torredembarra > Sant Vicenç de Calders > Barcelona-Sants > Barcelona-Passeig de Gràcia
2026-06-21,35107,MD,Ocasional MD/Ce,Ocas.,REG.EXP.,Impar (↑ Norte/Origen),79400,Barcelona Estació de França,78400,Lleida-Pirineus,19,Barcelona Estació de França > Barcelona-Passeig de Gràcia > Barcelona-Sants > Sant Vicenç de Calders > Torredembarra > Altafulla-Tamarit > Tarragona > Vila-seca > Reus > La Selva del Camp > Alcover > La Plana-Picamoixons > Montblanc > L'Espluga de Francolí > Vimbodí i Poblet > Vinaixa > Les Borges Blanques > Juneda > Lleida-Pirineus
2026-06-21,35150,MD,Ocasional MD/Ce,Ocas.,REG.EXP.,Par (↓ Sur/Destino),70300,Baides,04040,Zaragoza Delicias,8,Baides > Sigüenza > Torralba > Medinaceli > Arcos de Jalón > Ariza > Calatayud > Zaragoza Delicias
2026-06-21,35152,MD,Ocasional MD/Ce,Ocas.,REGIONAL,Par (↓ Sur/Destino),70700,Ricla-La Almunia,04040,Zaragoza Delicias,7,Ricla-La Almunia > Calatorao > Salillas de Jalón > Épila > Grisén > Utebo > Zaragoza Delicias
2026-06-21,35154,MD,Ocasional MD/Ce,Ocas.,REG.EXP.,Par (↓ Sur/Destino),70300,Baides,04040,Zaragoza Delicias,8,Baides > Sigüenza > Torralba > Medinaceli > Arcos de Jalón > Ariza > Calatayud > Zaragoza Delicias
2026-06-21,35202,MD,Ocasional MD/Ce,Ocas.,MD,Par (↓ Sur/Destino),61307,Cartagena,65000,València-Estació del Nord,18,Cartagena > Torre-Pacheco > Balsicas-Mar Menor > Murcia del Carmen > Orihuela-Miguel Hernández > Callosa de Segura > San Isidro-Albatera-Catral > Elche/Elx-Carrús > Elche/Elx-Parc > Sant Gabriel > Alicante/Alacant-Terminal > Sant Vicent Centre > Novelda-Aspe > Elda-Petrer > Sax > Villena > Xàtiva > València-Estació del Nord
2026-06-21,35204,MD,Ocasional MD/Ce,Ocas.,MD,Par (↓ Sur/Destino),61307,Cartagena,65000,València-Estació del Nord,15,Cartagena > Torre-Pacheco > Balsicas-Mar Menor > Murcia del Carmen > Orihuela-Miguel Hernández > Callosa de Segura > Elche/Elx-Carrús > Elche/Elx-Parc > Sant Gabriel > Alicante/Alacant-Terminal > Sant Vicent Centre > Elda-Petrer > Villena > Xàtiva > València-Estació del Nord
2026-06-21,35223,MD,Ocasional MD/Ce,Ocas.,MD,Impar (↑ Norte/Origen),65000,València-Estació del Nord,61307,Cartagena,15,València-Estació del Nord > Xàtiva > Villena > Elda-Petrer > Sant Vicent Centre > Alicante/Alacant-Terminal > Sant Gabriel > Elche/Elx-Parc > Elche/Elx-Carrús > Callosa de Segura > Orihuela-Miguel Hernández > Murcia del Carmen > Balsicas-Mar Menor > Torre-Pacheco > Cartagena
2026-06-21,35252,MD,Ocasional MD/Ce,Ocas.,REGIONAL,Par (↓ Sur/Destino),70600,Calatayud,04040,Zaragoza Delicias,14,Calatayud > Paracuellos-Sabiñán > Embid de Jalón > Sabiñán > Morés > Purroy > Morata de Jalón > Ricla-La Almunia > Calatorao > Salillas de Jalón > Épila > Grisén > Utebo > Zaragoza Delicias
2026-06-21,35402,MD,Ocasional MD/Ce,Ocas.,REGIONAL,Par (↓ Sur/Destino),17000,Madrid-Chamartín-Clara Campoamor,70302,Sigüenza,15,Madrid-Chamartín-Clara Campoamor > San Fernando de Henares > Torrejón de Ardoz > Alcalá de Henares > Alcalá de Henares-Universidad > Meco > Azuqueca > Guadalajara > Yunquera de Henares > Humanes de Mohernando > Espinosa de Henares > Carrascosa de Henares > Jadraque > Matillas > Sigüenza
2026-06-21,35402,MD,Ocasional MD/Ce,Ocas.,REGIONAL,Par (↓ Sur/Destino),17000,Madrid-Chamartín-Clara Campoamor,70300,Baides,15,Madrid-Chamartín-Clara Campoamor > San Fernando de Henares > Torrejón de Ardoz > Alcalá de Henares > Alcalá de Henares-Universidad > Meco > Azuqueca > Guadalajara > Yunquera de Henares > Humanes de Mohernando > Espinosa de Henares > Carrascosa de Henares > Jadraque > Matillas > Baides
2026-06-21,35402,MD,Ocasional MD/Ce,Ocas.,REGIONAL,Par (↓ Sur/Destino),70300,Baides,70302,Sigüenza,2,Baides > Sigüenza
2026-06-21,35403,MD,Ocasional MD/Ce,Ocas.,REGIONAL,Impar (↑ Norte/Origen),70302,Sigüenza,17000,Madrid-Chamartín-Clara Campoamor,26,Sigüenza > Matillas > Jadraque > Carrascosa de Henares > Espinosa de Henares > Humanes de Mohernando > Yunquera de Henares > Guadalajara > Azuqueca > Meco > Alcalá de Henares-Universidad > Alcalá de Henares > La Garena > Soto del Henares > Torrejón de Ardoz > San Fernando de Henares > Coslada > Vicálvaro > Santa Eugenia > Vallecas > El Pozo > Asamblea de Madrid-Entrevías > Madrid-Atocha Cercanías > Madrid-Recoletos > Madrid-Nuevos Ministerios > Madrid-Chamartín-Clara Campoamor
2026-06-21,35403,MD,Ocasional MD/Ce,Ocas.,REGIONAL,Impar (↑ Norte/Origen),70302,Sigüenza,70300,Baides,2,Sigüenza > Baides
2026-06-21,35403,MD,Ocasional MD/Ce,Ocas.,REGIONAL,Impar (↑ Norte/Origen),70300,Baides,17000,Madrid-Chamartín-Clara Campoamor,26,Baides > Matillas > Jadraque > Carrascosa de Henares > Espinosa de Henares > Humanes de Mohernando > Yunquera de Henares > Guadalajara > Azuqueca > Meco > Alcalá de Henares-Universidad > Alcalá de Henares > La Garena > Soto del Henares > Torrejón de Ardoz > San Fernando de Henares > Coslada > Vicálvaro > Santa Eugenia > Vallecas > El Pozo > Asamblea de Madrid-Entrevías > Madrid-Atocha Cercanías > Madrid-Recoletos > Madrid-Nuevos Ministerios > Madrid-Chamartín-Clara Campoamor
2026-06-21,35408,MD,Ocasional MD/Ce,Ocas.,REGIONAL,Par (↓ Sur/Destino),17000,Madrid-Chamartín-Clara Campoamor,70302,Sigüenza,26,Madrid-Chamartín-Clara Campoamor > Madrid-Nuevos Ministerios > Madrid-Recoletos > Madrid-Atocha Cercanías > Asamblea de Madrid-Entrevías > El Pozo > Vallecas > Santa Eugenia > Vicálvaro > Coslada > San Fernando de Henares > Torrejón de Ardoz > Soto del Henares > La Garena > Alcalá de Henares > Alcalá de Henares-Universidad > Meco > Azuqueca > Guadalajara > Yunquera de Henares > Humanes de Mohernando > Espinosa de Henares > Carrascosa de Henares > Jadraque > Matillas > Sigüenza
2026-06-21,35408,MD,Ocasional MD/Ce,Ocas.,REGIONAL,Par (↓ Sur/Destino),17000,Madrid-Chamartín-Clara Campoamor,70300,Baides,26,Madrid-Chamartín-Clara Campoamor > Madrid-Nuevos Ministerios > Madrid-Recoletos > Madrid-Atocha Cercanías > Asamblea de Madrid-Entrevías > El Pozo > Vallecas > Santa Eugenia > Vicálvaro > Coslada > San Fernando de Henares > Torrejón de Ardoz > Soto del Henares > La Garena > Alcalá de Henares > Alcalá de Henares-Universidad > Meco > Azuqueca > Guadalajara > Yunquera de Henares > Humanes de Mohernando > Espinosa de Henares > Carrascosa de Henares > Jadraque > Matillas > Baides
2026-06-21,35408,MD,Ocasional MD/Ce,Ocas.,REGIONAL,Par (↓ Sur/Destino),70300,Baides,70302,Sigüenza,2,Baides > Sigüenza
2026-06-21,35410,MD,Ocasional MD/Ce,Ocas.,REGIONAL,Par (↓ Sur/Destino),69011,Alcoi,65000,València-Estació del Nord,23,Alcoi > Cocentaina > Agres > Ontinyent > Agullent > Albaida > Bufalí > Montaberner > La Pobla del Duc > Benigànim > Genovés > Xàtiva > Lenova-Manuel > La Pobla Llarga > Carcaixent > Alzira > Algemesí > Benifaió > Silla > Catarroja > Massanassa > Alfafar-Benetússer > València-Estació del Nord
2026-06-21,35411,MD,Ocasional MD/Ce,Ocas.,REGIONAL,Impar (↑ Norte/Origen),65000,València-Estació del Nord,69011,Alcoi,23,València-Estació del Nord > Alfafar-Benetússer > Massanassa > Catarroja > Silla > Benifaió > Algemesí > Alzira > Carcaixent > La Pobla Llarga > Lenova-Manuel > Xàtiva > Genovés > Benigànim > La Pobla del Duc > Montaberner > Bufalí > Albaida > Agullent > Ontinyent > Agres > Cocentaina > Alcoi
2026-06-21,35412,MD,Ocasional MD/Ce,Ocas.,REGIONAL,Par (↓ Sur/Destino),69011,Alcoi,65000,València-Estació del Nord,23,Alcoi > Cocentaina > Agres > Ontinyent > Agullent > Albaida > Bufalí > Montaberner > La Pobla del Duc > Benigànim > Genovés > Xàtiva > Lenova-Manuel > La Pobla Llarga > Carcaixent > Alzira > Algemesí > Benifaió > Silla > Catarroja > Massanassa > Alfafar-Benetússer > València-Estació del Nord
2026-06-21,35413,MD,Ocasional MD/Ce,Ocas.,REGIONAL,Impar (↑ Norte/Origen),65000,València-Estació del Nord,69011,Alcoi,23,València-Estació del Nord > Alfafar-Benetússer > Massanassa > Catarroja > Silla > Benifaió > Algemesí > Alzira > Carcaixent > La Pobla Llarga > Lenova-Manuel > Xàtiva > Genovés > Benigànim > La Pobla del Duc > Montaberner > Bufalí > Albaida > Agullent > Ontinyent > Agres > Cocentaina > Alcoi
2026-06-21,35414,MD,Ocasional MD/Ce,Ocas.,REGIONAL,Par (↓ Sur/Destino),69011,Alcoi,65000,València-Estació del Nord,23,Alcoi > Cocentaina > Agres > Ontinyent > Agullent > Albaida > Bufalí > Montaberner > La Pobla del Duc > Benigànim > Genovés > Xàtiva > Lenova-Manuel > La Pobla Llarga > Carcaixent > Alzira > Algemesí > Benifaió > Silla > Catarroja > Massanassa > Alfafar-Benetússer > València-Estació del Nord
2026-06-21,35415,MD,Ocasional MD/Ce,Ocas.,REGIONAL,Impar (↑ Norte/Origen),65000,València-Estació del Nord,69011,Alcoi,23,València-Estació del Nord > Alfafar-Benetússer > Massanassa > Catarroja > Silla > Benifaió > Algemesí > Alzira > Carcaixent > La Pobla Llarga > Lenova-Manuel > Xàtiva > Genovés > Benigànim > La Pobla del Duc > Montaberner > Bufalí > Albaida > Agullent > Ontinyent > Agres > Cocentaina > Alcoi
2026-06-21,35416,MD,Ocasional MD/Ce,Ocas.,REGIONAL,Par (↓ Sur/Destino),69011,Alcoi,65000,València-Estació del Nord,23,Alcoi > Cocentaina > Agres > Ontinyent > Agullent > Albaida > Bufalí > Montaberner > La Pobla del Duc > Benigànim > Genovés > Xàtiva > Lenova-Manuel > La Pobla Llarga > Carcaixent > Alzira > Algemesí > Benifaió > Silla > Catarroja > Massanassa > Alfafar-Benetússer > València-Estació del Nord
2026-06-21,35417,MD,Ocasional MD/Ce,Ocas.,REGIONAL,Impar (↑ Norte/Origen),65000,València-Estació del Nord,69011,Alcoi,23,València-Estació del Nord > Alfafar-Benetússer > Massanassa > Catarroja > Silla > Benifaió > Algemesí > Alzira > Carcaixent > La Pobla Llarga > Lenova-Manuel > Xàtiva > Genovés > Benigànim > La Pobla del Duc > Montaberner > Bufalí > Albaida > Agullent > Ontinyent > Agres > Cocentaina > Alcoi
2026-06-21,35418,MD,Ocasional MD/Ce,Ocas.,REGIONAL,Par (↓ Sur/Destino),69011,Alcoi,65000,València-Estació del Nord,23,Alcoi > Cocentaina > Agres > Ontinyent > Agullent > Albaida > Bufalí > Montaberner > La Pobla del Duc > Benigànim > Genovés > Xàtiva > Lenova-Manuel > La Pobla Llarga > Carcaixent > Alzira > Algemesí > Benifaió > Silla > Catarroja > Massanassa > Alfafar-Benetússer > València-Estació del Nord
2026-06-21,35419,MD,Ocasional MD/Ce,Ocas.,REGIONAL,Impar (↑ Norte/Origen),65000,València-Estació del Nord,69011,Alcoi,23,València-Estació del Nord > Alfafar-Benetússer > Massanassa > Catarroja > Silla > Benifaió > Algemesí > Alzira > Carcaixent > La Pobla Llarga > Lenova-Manuel > Xàtiva > Genovés > Benigànim > La Pobla del Duc > Montaberner > Bufalí > Albaida > Agullent > Ontinyent > Agres > Cocentaina > Alcoi
2026-06-21,35420,MD,Ocasional MD/Ce,Ocas.,REGIONAL,Par (↓ Sur/Destino),69011,Alcoi,65000,València-Estació del Nord,23,Alcoi > Cocentaina > Agres > Ontinyent > Agullent > Albaida > Bufalí > Montaberner > La Pobla del Duc > Benigànim > Genovés > Xàtiva > Lenova-Manuel > La Pobla Llarga > Carcaixent > Alzira > Algemesí > Benifaió > Silla > Catarroja > Massanassa > Alfafar-Benetússer > València-Estació del Nord
2026-06-21,35421,MD,Ocasional MD/Ce,Ocas.,REGIONAL,Impar (↑ Norte/Origen),65000,València-Estació del Nord,69011,Alcoi,23,València-Estació del Nord > Alfafar-Benetússer > Massanassa > Catarroja > Silla > Benifaió > Algemesí > Alzira > Carcaixent > La Pobla Llarga > Lenova-Manuel > Xàtiva > Genovés > Benigànim > La Pobla del Duc > Montaberner > Bufalí > Albaida > Agullent > Ontinyent > Agres > Cocentaina > Alcoi
2026-06-21,35430,MD,Ocasional MD/Ce,Ocas.,REG.EXP.,Par (↓ Sur/Destino),17000,Madrid-Chamartín-Clara Campoamor,84101,Almazán-Villa,5,Madrid-Chamartín-Clara Campoamor > Alcalá de Henares > Guadalajara > Sigüenza > Almazán-Villa
2026-06-21,35431,MD,Ocasional MD/Ce,Ocas.,REG.EXP.,Impar (↑ Norte/Origen),84101,Almazán-Villa,17000,Madrid-Chamartín-Clara Campoamor,5,Almazán-Villa > Sigüenza > Guadalajara > Alcalá de Henares > Madrid-Chamartín-Clara Campoamor
2026-06-21,35432,MD,Ocasional MD/Ce,Ocas.,REG.EXP.,Par (↓ Sur/Destino),17000,Madrid-Chamartín-Clara Campoamor,84101,Almazán-Villa,5,Madrid-Chamartín-Clara Campoamor > Alcalá de Henares > Guadalajara > Sigüenza > Almazán-Villa
2026-06-21,35433,MD,Ocasional MD/Ce,Ocas.,REG.EXP.,Impar (↑ Norte/Origen),84101,Almazán-Villa,17000,Madrid-Chamartín-Clara Campoamor,5,Almazán-Villa > Sigüenza > Guadalajara > Alcalá de Henares > Madrid-Chamartín-Clara Campoamor
2026-06-21,35434,MD,Ocasional MD/Ce,Ocas.,REG.EXP.,Par (↓ Sur/Destino),17000,Madrid-Chamartín-Clara Campoamor,84101,Almazán-Villa,5,Madrid-Chamartín-Clara Campoamor > Alcalá de Henares > Guadalajara > Sigüenza > Almazán-Villa
2026-06-21,35435,MD,Ocasional MD/Ce,Ocas.,REG.EXP.,Impar (↑ Norte/Origen),84101,Almazán-Villa,17000,Madrid-Chamartín-Clara Campoamor,5,Almazán-Villa > Sigüenza > Guadalajara > Alcalá de Henares > Madrid-Chamartín-Clara Campoamor
2026-06-21,35436,MD,Ocasional MD/Ce,Ocas.,REG.EXP.,Par (↓ Sur/Destino),17000,Madrid-Chamartín-Clara Campoamor,84101,Almazán-Villa,5,Madrid-Chamartín-Clara Campoamor > Alcalá de Henares > Guadalajara > Sigüenza > Almazán-Villa
2026-06-21,35437,MD,Ocasional MD/Ce,Ocas.,REG.EXP.,Impar (↑ Norte/Origen),84101,Almazán-Villa,17000,Madrid-Chamartín-Clara Campoamor,5,Almazán-Villa > Sigüenza > Guadalajara > Alcalá de Henares > Madrid-Chamartín-Clara Campoamor
2026-06-21,35437,MD,Ocasional MD/Ce,Ocas.,REG.EXP.,Impar (↑ Norte/Origen),84101,Almazán-Villa,18002,Madrid-Nuevos Ministerios,5,Almazán-Villa > Sigüenza > Guadalajara > Alcalá de Henares > Madrid-Nuevos Ministerios
2026-06-21,35452,MD,Ocasional MD/Ce,Ocas.,REGIONAL,Par (↓ Sur/Destino),70302,Sigüenza,04040,Zaragoza Delicias,11,Sigüenza > Medinaceli > Arcos de Jalón > Santa María de Huerta > Ariza > Cetina > Alhama de Aragón > Ateca > Calatayud > Ricla-La Almunia > Zaragoza Delicias
2026-06-21,35501,MD,Ocasional MD/Ce,Ocas.,REG.EXP.,Impar (↑ Norte/Origen),04040,Zaragoza Delicias,17000,Madrid-Chamartín-Clara Campoamor,9,Zaragoza Delicias > Calatayud > Ariza > Arcos de Jalón > Medinaceli > Torralba > Sigüenza > Guadalajara > Madrid-Chamartín-Clara Campoamor
2026-06-21,35501,MD,Ocasional MD/Ce,Ocas.,REG.EXP.,Impar (↑ Norte/Origen),04040,Zaragoza Delicias,70300,Baides,7,Zaragoza Delicias > Calatayud > Ariza > Arcos de Jalón > Medinaceli > Torralba > Baides
2026-06-21,35501,MD,Ocasional MD/Ce,Ocas.,REG.EXP.,Impar (↑ Norte/Origen),70300,Baides,17000,Madrid-Chamartín-Clara Campoamor,4,Baides > Sigüenza > Guadalajara > Madrid-Chamartín-Clara Campoamor
2026-06-21,35503,MD,Ocasional MD/Ce,Ocas.,REGIONAL,Impar (↑ Norte/Origen),04040,Zaragoza Delicias,17000,Madrid-Chamartín-Clara Campoamor,14,Zaragoza Delicias > Ricla-La Almunia > Calatayud > Ateca > Alhama de Aragón > Cetina > Ariza > Santa María de Huerta > Arcos de Jalón > Medinaceli > Sigüenza > Guadalajara > Alcalá de Henares > Madrid-Chamartín-Clara Campoamor
2026-06-21,35503,MD,Ocasional MD/Ce,Ocas.,REGIONAL,Impar (↑ Norte/Origen),04040,Zaragoza Delicias,70300,Baides,11,Zaragoza Delicias > Ricla-La Almunia > Calatayud > Ateca > Alhama de Aragón > Cetina > Ariza > Santa María de Huerta > Arcos de Jalón > Medinaceli > Baides
2026-06-21,35503,MD,Ocasional MD/Ce,Ocas.,REGIONAL,Impar (↑ Norte/Origen),70300,Baides,17000,Madrid-Chamartín-Clara Campoamor,5,Baides > Sigüenza > Guadalajara > Alcalá de Henares > Madrid-Chamartín-Clara Campoamor
2026-06-21,35509,MD,Ocasional MD/Ce,Ocas.,REGIONAL,Impar (↑ Norte/Origen),78301,Monzón-Río Cinca,04040,Zaragoza Delicias,6,Monzón-Río Cinca > Sariñena > Grañén > Tardienta > Villanueva de Gállego > Zaragoza Delicias
2026-06-21,35531,MD,Ocasional MD/Ce,Ocas.,REG.EXP.,Impar (↑ Norte/Origen),82100,Soria,17000,Madrid-Chamartín-Clara Campoamor,2,Soria > Madrid-Chamartín-Clara Campoamor
2026-06-21,35552,MD,Ocasional MD/Ce,Ocas.,REGIONAL,Par (↓ Sur/Destino),70600,Calatayud,04040,Zaragoza Delicias,14,Calatayud > Paracuellos-Sabiñán > Embid de Jalón > Sabiñán > Morés > Purroy > Morata de Jalón > Ricla-La Almunia > Calatorao > Salillas de Jalón > Épila > Grisén > Utebo > Zaragoza Delicias
2026-06-21,35601,MD,Ocasional MD/Ce,Ocas.,REG.EXP.,Impar (↑ Norte/Origen),70300,Baides,17000,Madrid-Chamartín-Clara Campoamor,10,Baides > Sigüenza > Matillas > Jadraque > Carrascosa de Henares > Espinosa de Henares > Humanes de Mohernando > Yunquera de Henares > Guadalajara > Madrid-Chamartín-Clara Campoamor
2026-06-21,35603,MD,Ocasional MD/Ce,Ocas.,REGIONAL,Impar (↑ Norte/Origen),70300,Baides,17000,Madrid-Chamartín-Clara Campoamor,11,Baides > Sigüenza > Matillas > Jadraque > Carrascosa de Henares > Espinosa de Henares > Humanes de Mohernando > Yunquera de Henares > Guadalajara > Alcalá de Henares > Madrid-Chamartín-Clara Campoamor
2026-06-21,35604,MD,Ocasional MD/Ce,Ocas.,MD,Par (↓ Sur/Destino),61307,Cartagena,65000,València-Estació del Nord,15,Cartagena > Torre-Pacheco > Balsicas-Mar Menor > Murcia del Carmen > Orihuela-Miguel Hernández > Callosa de Segura > Elche/Elx-Carrús > Elche/Elx-Parc > Sant Gabriel > Alicante/Alacant-Terminal > Universidad de Alicante > Elda-Petrer > Villena > Xàtiva > València-Estació del Nord
2026-06-21,35604,MD,Ocasional MD/Ce,Ocas.,MD,Par (↓ Sur/Destino),61200,Murcia del Carmen,65000,València-Estació del Nord,12,Murcia del Carmen > Orihuela-Miguel Hernández > Callosa de Segura > Elche/Elx-Carrús > Elche/Elx-Parc > Sant Gabriel > Alicante/Alacant-Terminal > Sant Vicent Centre > Elda-Petrer > Villena > Xàtiva > València-Estació del Nord
2026-06-21,35604,MD,Ocasional MD/Ce,Ocas.,MD,Par (↓ Sur/Destino),61200,Murcia del Carmen,60911,Alicante/Alacant-Terminal,7,Murcia del Carmen > Orihuela-Miguel Hernández > Callosa de Segura > Elche/Elx-Carrús > Elche/Elx-Parc > Sant Gabriel > Alicante/Alacant-Terminal
2026-06-21,35604,MD,Ocasional MD/Ce,Ocas.,MD,Par (↓ Sur/Destino),60902,Villena,65000,València-Estació del Nord,3,Villena > Xàtiva > València-Estació del Nord
2026-06-21,35623,MD,Ocasional MD/Ce,Ocas.,MD,Impar (↑ Norte/Origen),65000,València-Estació del Nord,61307,Cartagena,15,València-Estació del Nord > Xàtiva > Villena > Elda-Petrer > Universidad de Alicante > Alicante/Alacant-Terminal > Sant Gabriel > Elche/Elx-Parc > Elche/Elx-Carrús > Callosa de Segura > Orihuela-Miguel Hernández > Murcia del Carmen > Balsicas-Mar Menor > Torre-Pacheco > Cartagena
2026-06-21,35623,MD,Ocasional MD/Ce,Ocas.,MD,Impar (↑ Norte/Origen),65000,València-Estació del Nord,60902,Villena,3,València-Estació del Nord > Xàtiva > Villena
2026-06-21,35623,MD,Ocasional MD/Ce,Ocas.,MD,Impar (↑ Norte/Origen),60911,Alicante/Alacant-Terminal,61200,Murcia del Carmen,7,Alicante/Alacant-Terminal > Sant Gabriel > Elche/Elx-Parc > Elche/Elx-Carrús > Callosa de Segura > Orihuela-Miguel Hernández > Murcia del Carmen
2026-06-21,35652,MD,Ocasional MD/Ce,Ocas.,REGIONAL,Par (↓ Sur/Destino),04040,Zaragoza Delicias,78400,Lleida-Pirineus,8,Zaragoza Delicias > Villanueva de Gállego > Tardienta > Grañén > Sariñena > Monzón-Río Cinca > Binéfar > Lleida-Pirineus
2026-06-21,35657,MD,Ocasional MD/Ce,Ocas.,REG.EXP.,Impar (↑ Norte/Origen),78301,Monzón-Río Cinca,04040,Zaragoza Delicias,5,Monzón-Río Cinca > Sariñena > Grañén > Tardienta > Zaragoza Delicias
2026-06-21,35703,MD,Ocasional MD/Ce,Ocas.,REGIONAL,Impar (↑ Norte/Origen),04040,Zaragoza Delicias,70600,Calatayud,15,Zaragoza Delicias > Utebo > Casetas > Grisén > Épila > Salillas de Jalón > Calatorao > Ricla-La Almunia > Morata de Jalón > Purroy > Morés > Sabiñán > Embid de Jalón > Paracuellos-Sabiñán > Calatayud
2026-06-21,35750,MD,Ocasional MD/Ce,Ocas.,REGIONAL,Par (↓ Sur/Destino),70700,Ricla-La Almunia,04040,Zaragoza Delicias,8,Ricla-La Almunia > Calatorao > Salillas de Jalón > Épila > Rueda de Jalón-Lumpiaque > Plasencia de Jalón > Grisén > Zaragoza Delicias
2026-06-21,35752,MD,Ocasional MD/Ce,Ocas.,REGIONAL,Par (↓ Sur/Destino),70700,Ricla-La Almunia,04040,Zaragoza Delicias,10,Ricla-La Almunia > Calatorao > Salillas de Jalón > Épila > Rueda de Jalón-Lumpiaque > Plasencia de Jalón > Grisén > Casetas > Utebo > Zaragoza Delicias
2026-06-21,35753,MD,Ocasional MD/Ce,Ocas.,REGIONAL,Impar (↑ Norte/Origen),04040,Zaragoza Delicias,70600,Calatayud,17,Zaragoza Delicias > Utebo > Casetas > Grisén > Plasencia de Jalón > Rueda de Jalón-Lumpiaque > Épila > Salillas de Jalón > Calatorao > Ricla-La Almunia > Morata de Jalón > Purroy > Morés > Sabiñán > Embid de Jalón > Paracuellos-Sabiñán > Calatayud
2026-06-21,35753,MD,Ocasional MD/Ce,Ocas.,REGIONAL,Impar (↑ Norte/Origen),04040,Zaragoza Delicias,70500,Ariza,23,Zaragoza Delicias > Utebo > Casetas > Grisén > Plasencia de Jalón > Rueda de Jalón-Lumpiaque > Épila > Salillas de Jalón > Calatorao > Ricla-La Almunia > Morata de Jalón > Purroy > Morés > Sabiñán > Embid de Jalón > Paracuellos-Sabiñán > Calatayud > Terrer > Ateca > Bubierca > Alhama de Aragón > Cetina > Ariza
2026-06-21,35754,MD,Ocasional MD/Ce,Ocas.,REGIONAL,Par (↓ Sur/Destino),70700,Ricla-La Almunia,04040,Zaragoza Delicias,9,Ricla-La Almunia > Calatorao > Salillas de Jalón > Épila > Rueda de Jalón-Lumpiaque > Plasencia de Jalón > Grisén > Utebo > Zaragoza Delicias
2026-06-21,35755,MD,Ocasional MD/Ce,Ocas.,REGIONAL,Impar (↑ Norte/Origen),04040,Zaragoza Delicias,70403,Arcos de Jalón,25,Zaragoza Delicias > Utebo > Casetas > Grisén > Plasencia de Jalón > Rueda de Jalón-Lumpiaque > Épila > Salillas de Jalón > Calatorao > Ricla-La Almunia > Morata de Jalón > Purroy > Morés > Sabiñán > Embid de Jalón > Paracuellos-Sabiñán > Calatayud > Terrer > Ateca > Alhama de Aragón > Cetina > Ariza > Monreal de Ariza > Santa María de Huerta > Arcos de Jalón
2026-06-21,35756,MD,Ocasional MD/Ce,Ocas.,REGIONAL,Par (↓ Sur/Destino),70700,Ricla-La Almunia,04040,Zaragoza Delicias,10,Ricla-La Almunia > Calatorao > Salillas de Jalón > Épila > Rueda de Jalón-Lumpiaque > Plasencia de Jalón > Grisén > Casetas > Utebo > Zaragoza Delicias
2026-06-21,35773,MD,Ocasional MD/Ce,Ocas.,REG.EXP.,Impar (↑ Norte/Origen),30002,Plasencia,51003,Sevilla-Santa Justa,15,Plasencia > Cáceres > Mérida > Calamonte > Almendralejo > Villafranca de los Barros > Zafra > Llerena > Guadalcanal > Cazalla-Constantina > Pedroso > Villanueva del Río-Minas > Tocina > Los Rosales > Sevilla-Santa Justa
2026-06-21,35775,MD,Ocasional MD/Ce,Ocas.,REG.EXP.,Impar (↑ Norte/Origen),35400,Cáceres,51003,Sevilla-Santa Justa,16,Cáceres > Mérida > Calamonte > Almendralejo > Villafranca de los Barros > Los Santos de Maimona > Zafra Feria > Zafra > Llerena > Guadalcanal > Cazalla-Constantina > Pedroso > Villanueva del Río-Minas > Tocina > Los Rosales > Sevilla-Santa Justa
2026-06-21,35775,MD,Ocasional MD/Ce,Ocas.,REG.EXP.,Impar (↑ Norte/Origen),30002,Plasencia,51003,Sevilla-Santa Justa,17,Plasencia > Cáceres > Mérida > Calamonte > Almendralejo > Villafranca de los Barros > Los Santos de Maimona > Zafra Feria > Zafra > Llerena > Guadalcanal > Cazalla-Constantina > Pedroso > Villanueva del Río-Minas > Tocina > Los Rosales > Sevilla-Santa Justa
2026-06-21,35779,MD,Ocasional MD/Ce,Ocas.,REG.EXP.,Impar (↑ Norte/Origen),51003,Sevilla-Santa Justa,30002,Plasencia,17,Sevilla-Santa Justa > Los Rosales > Tocina > Villanueva del Río-Minas > Pedroso > Cazalla-Constantina > Guadalcanal > Llerena > Zafra > Zafra Feria > Los Santos de Maimona > Villafranca de los Barros > Almendralejo > Calamonte > Mérida > Cáceres > Plasencia
2026-06-21,35779,MD,Ocasional MD/Ce,Ocas.,REG.EXP.,Impar (↑ Norte/Origen),51003,Sevilla-Santa Justa,35400,Cáceres,16,Sevilla-Santa Justa > Los Rosales > Tocina > Villanueva del Río-Minas > Pedroso > Cazalla-Constantina > Guadalcanal > Llerena > Zafra > Zafra Feria > Los Santos de Maimona > Villafranca de los Barros > Almendralejo > Calamonte > Mérida > Cáceres
2026-06-21,35803,MD,Ocasional MD/Ce,Ocas.,REGIONAL,Impar (↑ Norte/Origen),04040,Zaragoza Delicias,70600,Calatayud,15,Zaragoza Delicias > Utebo > Casetas > Grisén > Épila > Salillas de Jalón > Calatorao > Ricla-La Almunia > Morata de Jalón > Purroy > Morés > Sabiñán > Embid de Jalón > Paracuellos-Sabiñán > Calatayud
2026-06-21,35807,MD,Ocasional MD/Ce,Ocas.,MD,Impar (↑ Norte/Origen),51003,Sevilla-Santa Justa,18000,Madrid-Atocha Cercanías,24,Sevilla-Santa Justa > Los Rosales > Tocina > Villanueva del Río-Minas > Pedroso > Cazalla-Constantina > Guadalcanal > Llerena > Zafra > Zafra Feria > Los Santos de Maimona > Villafranca de los Barros > Almendralejo > Calamonte > Mérida > Cáceres > Monfragüe > Navalmoral de la Mata > Oropesa de Toledo > Talavera de la Reina > Torrijos > Illescas > Leganés > Madrid-Atocha Cercanías
2026-06-21,35807,MD,Ocasional MD/Ce,Ocas.,MD,Impar (↑ Norte/Origen),51003,Sevilla-Santa Justa,30002,Plasencia,17,Sevilla-Santa Justa > Los Rosales > Tocina > Villanueva del Río-Minas > Pedroso > Cazalla-Constantina > Guadalcanal > Llerena > Zafra > Zafra Feria > Los Santos de Maimona > Villafranca de los Barros > Almendralejo > Calamonte > Mérida > Cáceres > Plasencia
2026-06-21,35807,MD,Ocasional MD/Ce,Ocas.,MD,Impar (↑ Norte/Origen),30002,Plasencia,18000,Madrid-Atocha Cercanías,9,Plasencia > Monfragüe > Navalmoral de la Mata > Oropesa de Toledo > Talavera de la Reina > Torrijos > Illescas > Leganés > Madrid-Atocha Cercanías
2026-06-21,35850,MD,Ocasional MD/Ce,Ocas.,REGIONAL,Par (↓ Sur/Destino),70600,Calatayud,04040,Zaragoza Delicias,15,Calatayud > Paracuellos-Sabiñán > Embid de Jalón > Sabiñán > Morés > Purroy > Morata de Jalón > Ricla-La Almunia > Calatorao > Salillas de Jalón > Épila > Rueda de Jalón-Lumpiaque > Plasencia de Jalón > Grisén > Zaragoza Delicias
2026-06-21,35852,MD,Ocasional MD/Ce,Ocas.,REGIONAL,Par (↓ Sur/Destino),70600,Calatayud,04040,Zaragoza Delicias,17,Calatayud > Paracuellos-Sabiñán > Embid de Jalón > Sabiñán > Morés > Purroy > Morata de Jalón > Ricla-La Almunia > Calatorao > Salillas de Jalón > Épila > Rueda de Jalón-Lumpiaque > Plasencia de Jalón > Grisén > Casetas > Utebo > Zaragoza Delicias
2026-06-21,35853,MD,Ocasional MD/Ce,Ocas.,REGIONAL,Impar (↑ Norte/Origen),04040,Zaragoza Delicias,70600,Calatayud,8,Zaragoza Delicias > Morata de Jalón > Purroy > Morés > Sabiñán > Embid de Jalón > Paracuellos-Sabiñán > Calatayud
2026-06-21,35853,MD,Ocasional MD/Ce,Ocas.,REGIONAL,Impar (↑ Norte/Origen),04040,Zaragoza Delicias,70500,Ariza,14,Zaragoza Delicias > Morata de Jalón > Purroy > Morés > Sabiñán > Embid de Jalón > Paracuellos-Sabiñán > Calatayud > Terrer > Ateca > Bubierca > Alhama de Aragón > Cetina > Ariza
2026-06-21,35854,MD,Ocasional MD/Ce,Ocas.,REGIONAL,Par (↓ Sur/Destino),70600,Calatayud,04040,Zaragoza Delicias,16,Calatayud > Paracuellos-Sabiñán > Embid de Jalón > Sabiñán > Morés > Purroy > Morata de Jalón > Ricla-La Almunia > Calatorao > Salillas de Jalón > Épila > Rueda de Jalón-Lumpiaque > Plasencia de Jalón > Grisén > Utebo > Zaragoza Delicias
2026-06-21,35855,MD,Ocasional MD/Ce,Ocas.,REGIONAL,Impar (↑ Norte/Origen),04040,Zaragoza Delicias,70403,Arcos de Jalón,16,Zaragoza Delicias > Morata de Jalón > Purroy > Morés > Sabiñán > Embid de Jalón > Paracuellos-Sabiñán > Calatayud > Terrer > Ateca > Alhama de Aragón > Cetina > Ariza > Monreal de Ariza > Santa María de Huerta > Arcos de Jalón
2026-06-21,35856,MD,Ocasional MD/Ce,Ocas.,REGIONAL,Par (↓ Sur/Destino),70600,Calatayud,04040,Zaragoza Delicias,17,Calatayud > Paracuellos-Sabiñán > Embid de Jalón > Sabiñán > Morés > Purroy > Morata de Jalón > Ricla-La Almunia > Calatorao > Salillas de Jalón > Épila > Rueda de Jalón-Lumpiaque > Plasencia de Jalón > Grisén > Casetas > Utebo > Zaragoza Delicias
2026-06-21,35869,MD,Ocasional MD/Ce,Ocas.,AVANT EXP,Impar (↑ Norte/Origen),65400,Tortosa,71801,Barcelona-Sants,8,Tortosa > L'Aldea-Amposta-Tortosa > L'Ampolla-El Perelló-Deltebre > L'Ametlla de Mar > L'Hospitalet de l'Infant > Cambrils > Camp de Tarragona > Barcelona-Sants
2026-06-21,35902,MD,Ocasional MD/Ce,Ocas.,MD,Par (↓ Sur/Destino),18000,Madrid-Atocha Cercanías,51003,Sevilla-Santa Justa,24,Madrid-Atocha Cercanías > Leganés > Illescas > Torrijos > Talavera de la Reina > Oropesa de Toledo > Navalmoral de la Mata > Monfragüe > Cáceres > Mérida > Calamonte > Almendralejo > Villafranca de los Barros > Los Santos de Maimona > Zafra Feria > Zafra > Llerena > Guadalcanal > Cazalla-Constantina > Pedroso > Villanueva del Río-Minas > Tocina > Los Rosales > Sevilla-Santa Justa
2026-06-21,35902,MD,Ocasional MD/Ce,Ocas.,MD,Par (↓ Sur/Destino),18000,Madrid-Atocha Cercanías,30002,Plasencia,9,Madrid-Atocha Cercanías > Leganés > Illescas > Torrijos > Talavera de la Reina > Oropesa de Toledo > Navalmoral de la Mata > Monfragüe > Plasencia
2026-06-21,35902,MD,Ocasional MD/Ce,Ocas.,MD,Par (↓ Sur/Destino),30002,Plasencia,51003,Sevilla-Santa Justa,17,Plasencia > Cáceres > Mérida > Calamonte > Almendralejo > Villafranca de los Barros > Los Santos de Maimona > Zafra Feria > Zafra > Llerena > Guadalcanal > Cazalla-Constantina > Pedroso > Villanueva del Río-Minas > Tocina > Los Rosales > Sevilla-Santa Justa
2026-06-21,35968,MD,Ocasional MD/Ce,Ocas.,AVANT EXP,Par (↓ Sur/Destino),71801,Barcelona-Sants,65400,Tortosa,8,Barcelona-Sants > Camp de Tarragona > Cambrils > L'Hospitalet de l'Infant > L'Ametlla de Mar > L'Ampolla-El Perelló-Deltebre > L'Aldea-Amposta-Tortosa > Tortosa
2026-06-21,37071,Int,Servicio interno,Interno,MD,Impar (↑ Norte/Origen),10600,Valladolid-Campo Grande,15410,Gijón-Sanz Crespo,6,Valladolid-Campo Grande > Palencia > León > Pola de Lena > Oviedo > Gijón-Sanz Crespo
2026-06-21,37072,Int,Servicio interno,Interno,MD,Par (↓ Sur/Destino),14223,Santander,10600,Valladolid-Campo Grande,6,Santander > Torrelavega > Reinosa > Aguilar de Campoo > Palencia > Valladolid-Campo Grande
2026-06-21,37087,Int,Servicio interno,Interno,MD,Impar (↑ Norte/Origen),56312,Almería,05000,Granada,4,Almería > Huercal-Viator > Guadix > Granada
2026-06-21,37088,Int,Servicio interno,Interno,MD,Par (↓ Sur/Destino),20200,Ponferrada,10600,Valladolid-Campo Grande,8,Ponferrada > Bembibre > Brañuelas > Astorga > Veguellina > León > Palencia > Valladolid-Campo Grande
2026-06-21,37090,Int,Servicio interno,Interno,MD,Par (↓ Sur/Destino),17000,Madrid-Chamartín-Clara Campoamor,35400,Cáceres,9,Madrid-Chamartín-Clara Campoamor > Madrid-Atocha Cercanías > Leganés > Torrijos > Talavera de la Reina > Oropesa de Toledo > Navalmoral de la Mata > Monfragüe > Cáceres
2026-06-21,37091,Int,Servicio interno,Interno,MD,Impar (↑ Norte/Origen),35400,Cáceres,17000,Madrid-Chamartín-Clara Campoamor,7,Cáceres > Monfragüe > Navalmoral de la Mata > Talavera de la Reina > Leganés > Madrid-Atocha Cercanías > Madrid-Chamartín-Clara Campoamor
2026-06-21,37092,Int,Servicio interno,Interno,MD,Par (↓ Sur/Destino),15100,León,10600,Valladolid-Campo Grande,3,León > Palencia > Valladolid-Campo Grande
2026-06-21,37093,Int,Servicio interno,Interno,MD,Impar (↑ Norte/Origen),35400,Cáceres,17000,Madrid-Chamartín-Clara Campoamor,9,Cáceres > Monfragüe > Navalmoral de la Mata > Oropesa de Toledo > Talavera de la Reina > Torrijos > Leganés > Madrid-Atocha Cercanías > Madrid-Chamartín-Clara Campoamor
2026-06-21,37094,Int,Servicio interno,Interno,MD,Par (↓ Sur/Destino),17000,Madrid-Chamartín-Clara Campoamor,35400,Cáceres,7,Madrid-Chamartín-Clara Campoamor > Madrid-Atocha Cercanías > Leganés > Talavera de la Reina > Navalmoral de la Mata > Monfragüe > Cáceres
2026-06-21,37095,Int,Servicio interno,Interno,MD,Impar (↑ Norte/Origen),35400,Cáceres,17000,Madrid-Chamartín-Clara Campoamor,9,Cáceres > Monfragüe > Navalmoral de la Mata > Oropesa de Toledo > Talavera de la Reina > Torrijos > Leganés > Madrid-Atocha Cercanías > Madrid-Chamartín-Clara Campoamor
2026-06-21,37097,Int,Servicio interno,Interno,MD,Impar (↑ Norte/Origen),35400,Cáceres,17000,Madrid-Chamartín-Clara Campoamor,7,Cáceres > Monfragüe > Navalmoral de la Mata > Talavera de la Reina > Leganés > Madrid-Atocha Cercanías > Madrid-Chamartín-Clara Campoamor
2026-06-21,37099,Int,Servicio interno,Interno,MD,Impar (↑ Norte/Origen),35400,Cáceres,17000,Madrid-Chamartín-Clara Campoamor,9,Cáceres > Monfragüe > Navalmoral de la Mata > Oropesa de Toledo > Talavera de la Reina > Torrijos > Leganés > Madrid-Atocha Cercanías > Madrid-Chamartín-Clara Campoamor
2026-06-21,37101,Int,Servicio interno,Interno,MD,Impar (↑ Norte/Origen),10600,Valladolid-Campo Grande,15100,León,3,Valladolid-Campo Grande > Palencia > León
2026-06-21,37114,Int,Servicio interno,Interno,MD,Par (↓ Sur/Destino),20309,Lugo,22100,Ourense,4,Lugo > Sarria > Monforte de Lemos > Ourense
2026-06-21,37121,Int,Servicio interno,Interno,MD,Impar (↑ Norte/Origen),15100,León,15410,Gijón-Sanz Crespo,5,León > Pola de Lena > Mieres-Puente > Oviedo > Gijón-Sanz Crespo
2026-06-21,37140,Int,Servicio interno,Interno,MD,Par (↓ Sur/Destino),15100,León,10600,Valladolid-Campo Grande,3,León > Palencia > Valladolid-Campo Grande
2026-06-21,37167,Int,Servicio interno,Interno,MD,Impar (↑ Norte/Origen),10600,Valladolid-Campo Grande,11200,Miranda de Ebro,3,Valladolid-Campo Grande > Burgos-Rosa Manzano > Miranda de Ebro
2026-06-21,37171,Int,Servicio interno,Interno,MD,Impar (↑ Norte/Origen),10600,Valladolid-Campo Grande,15100,León,3,Valladolid-Campo Grande > Palencia > León
2026-06-21,37179,Int,Servicio interno,Interno,MD,Impar (↑ Norte/Origen),10600,Valladolid-Campo Grande,20200,Ponferrada,11,Valladolid-Campo Grande > Palencia > León > Veguellina > Astorga > Vega-Magaz > Brañuelas > Torre del Bierzo > Bembibre > San Miguel de las Dueñas > Ponferrada
2026-06-21,37186,Int,Servicio interno,Interno,MD,Par (↓ Sur/Destino),11200,Miranda de Ebro,10600,Valladolid-Campo Grande,3,Miranda de Ebro > Burgos-Rosa Manzano > Valladolid-Campo Grande
2026-06-21,37188,Int,Servicio interno,Interno,MD,Par (↓ Sur/Destino),20200,Ponferrada,15100,León,6,Ponferrada > Bembibre > Brañuelas > Astorga > Veguellina > León
2026-06-21,37190,Int,Servicio interno,Interno,MD,Par (↓ Sur/Destino),15410,Gijón-Sanz Crespo,15100,León,5,Gijón-Sanz Crespo > Oviedo > Mieres-Puente > Pola de Lena > León
2026-06-21,37193,Int,Servicio interno,Interno,MD,Impar (↑ Norte/Origen),10600,Valladolid-Campo Grande,14223,Santander,6,Valladolid-Campo Grande > Palencia > Aguilar de Campoo > Reinosa > Torrelavega > Santander
2026-06-21,37210,Int,Servicio interno,Interno,MD,Par (↓ Sur/Destino),15100,León,10600,Valladolid-Campo Grande,3,León > Palencia > Valladolid-Campo Grande
2026-06-21,37221,Int,Servicio interno,Interno,MD,Impar (↑ Norte/Origen),10600,Valladolid-Campo Grande,15100,León,3,Valladolid-Campo Grande > Palencia > León
2026-06-21,37267,Int,Servicio interno,Interno,MD,Impar (↑ Norte/Origen),10600,Valladolid-Campo Grande,11200,Miranda de Ebro,3,Valladolid-Campo Grande > Burgos-Rosa Manzano > Miranda de Ebro
2026-06-21,37276,Int,Servicio interno,Interno,MD,Par (↓ Sur/Destino),50300,Linares-Baeza,56312,Almería,7,Linares-Baeza > Jódar-Úbeda > Cabra del Santo Cristo y Alicún > Moreda > Guadix > Huercal-Viator > Almería
2026-06-21,37279,Int,Servicio interno,Interno,MD,Impar (↑ Norte/Origen),56312,Almería,50300,Linares-Baeza,7,Almería > Huercal-Viator > Guadix > Moreda > Cabra del Santo Cristo y Alicún > Jódar-Úbeda > Linares-Baeza
2026-06-21,37312,Int,Servicio interno,Interno,MD,Par (↓ Sur/Destino),15100,León,10600,Valladolid-Campo Grande,3,León > Palencia > Valladolid-Campo Grande
2026-06-21,37325,Int,Servicio interno,Interno,MD,Impar (↑ Norte/Origen),22100,Ourense,20309,Lugo,4,Ourense > Monforte de Lemos > Sarria > Lugo
2026-06-21,37366,Int,Servicio interno,Interno,MD,Par (↓ Sur/Destino),05000,Granada,56312,Almería,4,Granada > Guadix > Huercal-Viator > Almería
2026-06-21,37390,Int,Servicio interno,Interno,MD,Par (↓ Sur/Destino),35400,Cáceres,37606,Badajoz,4,Cáceres > Mérida > Montijo > Badajoz
2026-06-21,37391,Int,Servicio interno,Interno,MD,Impar (↑ Norte/Origen),37606,Badajoz,35400,Cáceres,2,Badajoz > Cáceres
2026-06-21,37392,Int,Servicio interno,Interno,MD,Par (↓ Sur/Destino),35400,Cáceres,37606,Badajoz,3,Cáceres > Mérida > Badajoz
2026-06-21,37393,Int,Servicio interno,Interno,MD,Impar (↑ Norte/Origen),37606,Badajoz,35400,Cáceres,3,Badajoz > Mérida > Cáceres
2026-06-21,37394,Int,Servicio interno,Interno,MD,Par (↓ Sur/Destino),35400,Cáceres,37606,Badajoz,2,Cáceres > Badajoz
2026-06-21,37395,Int,Servicio interno,Interno,MD,Impar (↑ Norte/Origen),37606,Badajoz,35400,Cáceres,4,Badajoz > Montijo > Mérida > Cáceres
2026-06-21,37397,Int,Servicio interno,Interno,MD,Impar (↑ Norte/Origen),37606,Badajoz,35400,Cáceres,2,Badajoz > Cáceres
2026-06-21,37399,Int,Servicio interno,Interno,MD,Impar (↑ Norte/Origen),37606,Badajoz,35400,Cáceres,3,Badajoz > Mérida > Cáceres
2026-06-21,37431,Int,Servicio interno,Interno,MD,Impar (↑ Norte/Origen),30100,Salamanca,10600,Valladolid-Campo Grande,6,Salamanca > Cantalapiedra > Fresno el Viejo > El Carpio > Medina del Campo > Valladolid-Campo Grande
2026-06-21,37432,Int,Servicio interno,Interno,MD,Par (↓ Sur/Destino),10600,Valladolid-Campo Grande,30100,Salamanca,7,Valladolid-Campo Grande > Viana > Valdestillas > Matapozuelos > Pozaldez > Medina del Campo > Salamanca
2026-06-21,37437,Int,Servicio interno,Interno,MD,Impar (↑ Norte/Origen),11200,Miranda de Ebro,04040,Zaragoza Delicias,7,Miranda de Ebro > Haro > Logroño > Calahorra > Castejón de Ebro > Tudela de Navarra > Zaragoza Delicias
2026-06-21,37438,Int,Servicio interno,Interno,MD,Par (↓ Sur/Destino),04040,Zaragoza Delicias,11200,Miranda de Ebro,7,Zaragoza Delicias > Tudela de Navarra > Castejón de Ebro > Calahorra > Logroño > Haro > Miranda de Ebro
2026-06-21,37460,Int,Servicio interno,Interno,PROXIMDAD,Par (↓ Sur/Destino),61307,Cartagena,61200,Murcia del Carmen,4,Cartagena > Torre-Pacheco > Balsicas-Mar Menor > Murcia del Carmen
2026-06-21,37463,Int,Servicio interno,Interno,PROXIMDAD,Impar (↑ Norte/Origen),61200,Murcia del Carmen,61307,Cartagena,4,Murcia del Carmen > Balsicas-Mar Menor > Torre-Pacheco > Cartagena
2026-06-21,37492,Int,Servicio interno,Interno,MD,Par (↓ Sur/Destino),17000,Madrid-Chamartín-Clara Campoamor,35400,Cáceres,9,Madrid-Chamartín-Clara Campoamor > Madrid-Atocha Cercanías > Leganés > Torrijos > Talavera de la Reina > Oropesa de Toledo > Navalmoral de la Mata > Monfragüe > Cáceres
2026-06-21,37621,Int,Servicio interno,Interno,MD,Impar (↑ Norte/Origen),08223,Vigo Urzaiz,22100,Ourense,5,Vigo Urzaiz > Pontevedra > Vilagarcía de Arousa > Santiago de Compostela-Daniel Castelao > Ourense
2026-06-21,37621,Int,Servicio interno,Interno,MD,Impar (↑ Norte/Origen),08223,Vigo Urzaiz,15100,León,13,Vigo Urzaiz > Pontevedra > Vilagarcía de Arousa > Santiago de Compostela-Daniel Castelao > Ourense > Monforte de Lemos > San Clodio-Quiroga > A Rúa-Petín > O Barco de Valdeorras > Ponferrada > Bembibre > Astorga > León
2026-06-21,37622,Int,Servicio interno,Interno,MD,Par (↓ Sur/Destino),04040,Zaragoza Delicias,11208,Vitoria-Gasteiz,6,Zaragoza Delicias > Tudela de Navarra > Castejón de Ebro > Tafalla > Pamplona/Iruña > Vitoria-Gasteiz
2026-06-21,37631,Int,Servicio interno,Interno,MD,Impar (↑ Norte/Origen),10600,Valladolid-Campo Grande,11200,Miranda de Ebro,3,Valladolid-Campo Grande > Burgos-Rosa Manzano > Miranda de Ebro
2026-06-21,37632,Int,Servicio interno,Interno,MD,Par (↓ Sur/Destino),11200,Miranda de Ebro,10600,Valladolid-Campo Grande,3,Miranda de Ebro > Burgos-Rosa Manzano > Valladolid-Campo Grande
2026-06-21,37721,Int,Servicio interno,Interno,MD,Impar (↑ Norte/Origen),11208,Vitoria-Gasteiz,04040,Zaragoza Delicias,6,Vitoria-Gasteiz > Pamplona/Iruña > Tafalla > Castejón de Ebro > Tudela de Navarra > Zaragoza Delicias
2026-06-21,37722,Int,Servicio interno,Interno,MD,Par (↓ Sur/Destino),22100,Ourense,08223,Vigo Urzaiz,6,Ourense > Ourense Turístico > Santiago de Compostela-Daniel Castelao > Vilagarcía de Arousa > Pontevedra > Vigo Urzaiz
2026-06-21,37722,Int,Servicio interno,Interno,MD,Par (↓ Sur/Destino),15100,León,08223,Vigo Urzaiz,14,León > Astorga > Bembibre > Ponferrada > O Barco de Valdeorras > A Rúa-Petín > San Clodio-Quiroga > Monforte de Lemos > Ourense > Ourense Turístico > Santiago de Compostela-Daniel Castelao > Vilagarcía de Arousa > Pontevedra > Vigo Urzaiz
2026-06-21,37752,Int,Servicio interno,Interno,MD,Par (↓ Sur/Destino),81100,Logroño,81110,Alfaro,4,Logroño > Calahorra > Rincón de Soto > Alfaro
2026-06-21,37757,Int,Servicio interno,Interno,MD,Impar (↑ Norte/Origen),81110,Alfaro,81100,Logroño,4,Alfaro > Rincón de Soto > Calahorra > Logroño
2026-06-21,37764,Int,Servicio interno,Interno,MD,Par (↓ Sur/Destino),81100,Logroño,81110,Alfaro,4,Logroño > Calahorra > Rincón de Soto > Alfaro
2026-06-21,37772,Int,Servicio interno,Interno,MD,Par (↓ Sur/Destino),81100,Logroño,81110,Alfaro,4,Logroño > Calahorra > Rincón de Soto > Alfaro
2026-06-21,38000,Int,Servicio interno,Interno,PROXIMDAD,Par (↓ Sur/Destino),18000,Madrid-Atocha Cercanías,35005,Illescas,4,Madrid-Atocha Cercanías > Leganés > Fuenlabrada > Illescas
2026-06-21,38001,Int,Servicio interno,Interno,PROXIMDAD,Impar (↑ Norte/Origen),50506,Palma del Río,50407,Villa del Río,4,Palma del Río > Posadas > Córdoba-Julio Anguita > Villa del Río
2026-06-21,38002,Int,Servicio interno,Interno,PROXIMDAD,Par (↓ Sur/Destino),14100,Palencia,10500,Medina del Campo,5,Palencia > Venta de Baños > Valladolid Universidad > Valladolid-Campo Grande > Medina del Campo
2026-06-21,38003,Int,Servicio interno,Interno,REGIONAL,Impar (↑ Norte/Origen),60902,Villena,60911,Alicante/Alacant-Terminal,4,Villena > Elda-Petrer > Universidad de Alicante > Alicante/Alacant-Terminal
2026-06-21,38004,Int,Servicio interno,Interno,PROXIMDAD,Par (↓ Sur/Destino),10600,Valladolid-Campo Grande,10500,Medina del Campo,6,Valladolid-Campo Grande > Viana > Valdestillas > Matapozuelos > Pozaldez > Medina del Campo
2026-06-21,38005,Int,Servicio interno,Interno,PROXIMDAD,Impar (↑ Norte/Origen),10500,Medina del Campo,14100,Palencia,4,Medina del Campo > Valladolid-Campo Grande > Venta de Baños > Palencia
2026-06-21,38006,Int,Servicio interno,Interno,PROXIMDAD,Par (↓ Sur/Destino),14100,Palencia,10500,Medina del Campo,4,Palencia > Venta de Baños > Valladolid-Campo Grande > Medina del Campo
2026-06-21,38007,Int,Servicio interno,Interno,PROXIMDAD,Impar (↑ Norte/Origen),10500,Medina del Campo,14100,Palencia,5,Medina del Campo > Valladolid-Campo Grande > Dueñas > Venta de Baños > Palencia
2026-06-21,38008,Int,Servicio interno,Interno,PROXIMDAD,Par (↓ Sur/Destino),11000,Venta de Baños,10500,Medina del Campo,3,Venta de Baños > Valladolid-Campo Grande > Medina del Campo
2026-06-21,38009,Int,Servicio interno,Interno,PROXIMDAD,Impar (↑ Norte/Origen),50506,Palma del Río,50407,Villa del Río,4,Palma del Río > Posadas > Córdoba-Julio Anguita > Villa del Río
2026-06-21,38010,Int,Servicio interno,Interno,PROXIMDAD,Par (↓ Sur/Destino),14100,Palencia,10500,Medina del Campo,4,Palencia > Venta de Baños > Valladolid-Campo Grande > Medina del Campo
2026-06-21,38011,Int,Servicio interno,Interno,PROXIMDAD,Impar (↑ Norte/Origen),50506,Palma del Río,50407,Villa del Río,4,Palma del Río > Posadas > Córdoba-Julio Anguita > Villa del Río
2026-06-21,38012,Int,Servicio interno,Interno,PROXIMDAD,Par (↓ Sur/Destino),18000,Madrid-Atocha Cercanías,35005,Illescas,4,Madrid-Atocha Cercanías > Leganés > Fuenlabrada > Illescas
2026-06-21,38014,Int,Servicio interno,Interno,REGIONAL,Par (↓ Sur/Destino),65312,Vinaròs,65000,València-Estació del Nord,11,Vinaròs > Benicarló-Peñíscola > Alcalá de Chivert > Torreblanca > Orpesa > Benicàssim > Castelló de la Plana > Vila-Real > Sagunt > València-Cabanyal > València-Estació del Nord
2026-06-21,38015,Int,Servicio interno,Interno,PROXIMDAD,Impar (↑ Norte/Origen),50506,Palma del Río,50500,Córdoba-Julio Anguita,3,Palma del Río > Posadas > Córdoba-Julio Anguita
2026-06-21,38016,Int,Servicio interno,Interno,REGIONAL,Par (↓ Sur/Destino),65000,València-Estació del Nord,65312,Vinaròs,11,València-Estació del Nord > València-Cabanyal > Sagunt > Vila-Real > Castelló de la Plana > Benicàssim > Orpesa > Torreblanca > Alcalá de Chivert > Benicarló-Peñíscola > Vinaròs
2026-06-21,38017,Int,Servicio interno,Interno,PROXIMDAD,Impar (↑ Norte/Origen),50506,Palma del Río,50407,Villa del Río,4,Palma del Río > Posadas > Córdoba-Julio Anguita > Villa del Río
2026-06-21,38018,Int,Servicio interno,Interno,REGIONAL,Par (↓ Sur/Destino),65312,Vinaròs,65000,València-Estació del Nord,11,Vinaròs > Benicarló-Peñíscola > Alcalá de Chivert > Torreblanca > Orpesa > Benicàssim > Castelló de la Plana > Vila-Real > Sagunt > València-Cabanyal > València-Estació del Nord
2026-06-21,38020,Int,Servicio interno,Interno,REGIONAL,Par (↓ Sur/Destino),65000,València-Estació del Nord,65312,Vinaròs,12,València-Estació del Nord > València-Cabanyal > Sagunt > Nules la Villavella > Vila-Real > Castelló de la Plana > Benicàssim > Orpesa > Torreblanca > Alcalá de Chivert > Benicarló-Peñíscola > Vinaròs
2026-06-21,38021,Int,Servicio interno,Interno,PROXIMDAD,Impar (↑ Norte/Origen),35005,Illescas,18000,Madrid-Atocha Cercanías,4,Illescas > Fuenlabrada > Leganés > Madrid-Atocha Cercanías
2026-06-21,38022,Int,Servicio interno,Interno,REGIONAL,Par (↓ Sur/Destino),65312,Vinaròs,65000,València-Estació del Nord,11,Vinaròs > Benicarló-Peñíscola > Alcalá de Chivert > Torreblanca > Orpesa > Benicàssim > Castelló de la Plana > Vila-Real > Sagunt > València-Cabanyal > València-Estació del Nord
2026-06-21,38026,Int,Servicio interno,Interno,PROXIMDAD,Par (↓ Sur/Destino),35005,Illescas,18000,Madrid-Atocha Cercanías,4,Illescas > Fuenlabrada > Leganés > Madrid-Atocha Cercanías
2026-06-21,38030,Int,Servicio interno,Interno,PROXIMDAD,Par (↓ Sur/Destino),50500,Córdoba-Julio Anguita,50506,Palma del Río,3,Córdoba-Julio Anguita > Posadas > Palma del Río
2026-06-21,38031,Int,Servicio interno,Interno,PROXIMDAD,Impar (↑ Norte/Origen),50506,Palma del Río,50500,Córdoba-Julio Anguita,3,Palma del Río > Posadas > Córdoba-Julio Anguita
2026-06-21,38032,Int,Servicio interno,Interno,PROXIMDAD,Par (↓ Sur/Destino),50500,Córdoba-Julio Anguita,50506,Palma del Río,3,Córdoba-Julio Anguita > Posadas > Palma del Río
2026-06-21,38035,Int,Servicio interno,Interno,PROXIMDAD,Impar (↑ Norte/Origen),50407,Villa del Río,50506,Palma del Río,4,Villa del Río > Córdoba-Julio Anguita > Posadas > Palma del Río
2026-06-21,38061,Int,Servicio interno,Interno,PROXIMDAD,Impar (↑ Norte/Origen),10500,Medina del Campo,14100,Palencia,4,Medina del Campo > Valladolid-Campo Grande > Venta de Baños > Palencia
2026-06-21,38063,Int,Servicio interno,Interno,PROXIMDAD,Impar (↑ Norte/Origen),10500,Medina del Campo,14100,Palencia,4,Medina del Campo > Valladolid-Campo Grande > Venta de Baños > Palencia
2026-06-21,38065,Int,Servicio interno,Interno,PROXIMDAD,Impar (↑ Norte/Origen),10500,Medina del Campo,14100,Palencia,4,Medina del Campo > Valladolid-Campo Grande > Venta de Baños > Palencia
2026-06-21,38066,Int,Servicio interno,Interno,PROXIMDAD,Par (↓ Sur/Destino),14100,Palencia,10500,Medina del Campo,4,Palencia > Venta de Baños > Valladolid-Campo Grande > Medina del Campo
2026-06-21,38073,Int,Servicio interno,Interno,PROXIMDAD,Impar (↑ Norte/Origen),50407,Villa del Río,50506,Palma del Río,4,Villa del Río > Córdoba-Julio Anguita > Posadas > Palma del Río
2026-06-21,38079,Int,Servicio interno,Interno,PROXIMDAD,Impar (↑ Norte/Origen),50407,Villa del Río,50506,Palma del Río,4,Villa del Río > Córdoba-Julio Anguita > Posadas > Palma del Río
2026-06-21,38081,Int,Servicio interno,Interno,REGIONAL,Impar (↑ Norte/Origen),60902,Villena,60911,Alicante/Alacant-Terminal,4,Villena > Elda-Petrer > Universidad de Alicante > Alicante/Alacant-Terminal
2026-06-21,38083,Int,Servicio interno,Interno,REGIONAL,Impar (↑ Norte/Origen),60911,Alicante/Alacant-Terminal,60902,Villena,4,Alicante/Alacant-Terminal > Universidad de Alicante > Elda-Petrer > Villena
2026-06-21,38093,Int,Servicio interno,Interno,REGIONAL,Impar (↑ Norte/Origen),65312,Vinaròs,65000,València-Estació del Nord,12,Vinaròs > Benicarló-Peñíscola > Alcalá de Chivert > Torreblanca > Orpesa > Benicàssim > Castelló de la Plana > Vila-Real > Nules la Villavella > Sagunt > València-Cabanyal > València-Estació del Nord
2026-06-21,38096,Int,Servicio interno,Interno,REGIONAL,Par (↓ Sur/Destino),65000,València-Estació del Nord,65312,Vinaròs,12,València-Estació del Nord > València-Cabanyal > Sagunt > Nules la Villavella > Vila-Real > Castelló de la Plana > Benicàssim > Orpesa > Torreblanca > Alcalá de Chivert > Benicarló-Peñíscola > Vinaròs
2026-06-21,38102,Int,Servicio interno,Interno,PROXIMDAD,Par (↓ Sur/Destino),14100,Palencia,10600,Valladolid-Campo Grande,8,Palencia > Venta de Baños > Dueñas > Cubillas de Santa Marta > Corcos-Aguilarejo > Cabezón del Pisuerga > Valladolid Universidad > Valladolid-Campo Grande
2026-06-21,38103,Int,Servicio interno,Interno,PROXIMDAD,Impar (↑ Norte/Origen),50506,Palma del Río,50407,Villa del Río,4,Palma del Río > Posadas > Córdoba-Julio Anguita > Villa del Río
2026-06-21,38103,Int,Servicio interno,Interno,PROXIMDAD,Impar (↑ Norte/Origen),50506,Palma del Río,50500,Córdoba-Julio Anguita,3,Palma del Río > Posadas > Córdoba-Julio Anguita
2026-06-21,38104,Int,Servicio interno,Interno,PROXIMDAD,Par (↓ Sur/Destino),14100,Palencia,10600,Valladolid-Campo Grande,4,Palencia > Venta de Baños > Valladolid Universidad > Valladolid-Campo Grande
2026-06-21,38105,Int,Servicio interno,Interno,PROXIMDAD,Impar (↑ Norte/Origen),10600,Valladolid-Campo Grande,14100,Palencia,8,Valladolid-Campo Grande > Valladolid Universidad > Cabezón del Pisuerga > Corcos-Aguilarejo > Cubillas de Santa Marta > Dueñas > Venta de Baños > Palencia
2026-06-21,38112,Int,Servicio interno,Interno,PROXIMDAD,Par (↓ Sur/Destino),14100,Palencia,10500,Medina del Campo,4,Palencia > Venta de Baños > Valladolid-Campo Grande > Medina del Campo
2026-06-21,38114,Int,Servicio interno,Interno,PROXIMDAD,Par (↓ Sur/Destino),14100,Palencia,10500,Medina del Campo,4,Palencia > Venta de Baños > Valladolid-Campo Grande > Medina del Campo
2026-06-21,38120,Int,Servicio interno,Interno,PROXIMDAD,Par (↓ Sur/Destino),50500,Córdoba-Julio Anguita,50506,Palma del Río,3,Córdoba-Julio Anguita > Posadas > Palma del Río
2026-06-21,38123,Int,Servicio interno,Interno,REGIONAL,Impar (↑ Norte/Origen),60902,Villena,60911,Alicante/Alacant-Terminal,6,Villena > Sax > Elda-Petrer > Novelda-Aspe > Universidad de Alicante > Alicante/Alacant-Terminal
2026-06-21,38181,Int,Servicio interno,Interno,REGIONAL,Impar (↑ Norte/Origen),60902,Villena,60911,Alicante/Alacant-Terminal,4,Villena > Elda-Petrer > Universidad de Alicante > Alicante/Alacant-Terminal
2026-06-21,38183,Int,Servicio interno,Interno,REGIONAL,Impar (↑ Norte/Origen),60911,Alicante/Alacant-Terminal,60902,Villena,4,Alicante/Alacant-Terminal > Universidad de Alicante > Elda-Petrer > Villena
2026-06-21,38200,Int,Servicio interno,Interno,PROXIMDAD,Par (↓ Sur/Destino),10600,Valladolid-Campo Grande,10500,Medina del Campo,6,Valladolid-Campo Grande > Viana > Valdestillas > Matapozuelos > Pozaldez > Medina del Campo
2026-06-21,38201,Int,Servicio interno,Interno,PROXIMDAD,Impar (↑ Norte/Origen),10500,Medina del Campo,10600,Valladolid-Campo Grande,2,Medina del Campo > Valladolid-Campo Grande
2026-06-21,38202,Int,Servicio interno,Interno,REGIONAL,Par (↓ Sur/Destino),60911,Alicante/Alacant-Terminal,60902,Villena,6,Alicante/Alacant-Terminal > Universidad de Alicante > Novelda-Aspe > Elda-Petrer > Sax > Villena
2026-06-21,38203,Int,Servicio interno,Interno,PROXIMDAD,Impar (↑ Norte/Origen),10500,Medina del Campo,10600,Valladolid-Campo Grande,6,Medina del Campo > Pozaldez > Matapozuelos > Valdestillas > Viana > Valladolid-Campo Grande
2026-06-21,38209,Int,Servicio interno,Interno,PROXIMDAD,Impar (↑ Norte/Origen),10500,Medina del Campo,11000,Venta de Baños,3,Medina del Campo > Valladolid-Campo Grande > Venta de Baños
2026-06-21,38218,Int,Servicio interno,Interno,PROXIMDAD,Par (↓ Sur/Destino),10600,Valladolid-Campo Grande,10500,Medina del Campo,6,Valladolid-Campo Grande > Viana > Valdestillas > Matapozuelos > Pozaldez > Medina del Campo
2026-06-21,38221,Int,Servicio interno,Interno,PROXIMDAD,Impar (↑ Norte/Origen),10500,Medina del Campo,10600,Valladolid-Campo Grande,6,Medina del Campo > Pozaldez > Matapozuelos > Valdestillas > Viana > Valladolid-Campo Grande
2026-06-21,38283,Int,Servicio interno,Interno,PROXIMDAD,Impar (↑ Norte/Origen),50407,Villa del Río,50506,Palma del Río,4,Villa del Río > Córdoba-Julio Anguita > Posadas > Palma del Río
2026-06-21,38300,Int,Servicio interno,Interno,PROXIMDAD,Par (↓ Sur/Destino),10600,Valladolid-Campo Grande,10500,Medina del Campo,6,Valladolid-Campo Grande > Viana > Valdestillas > Matapozuelos > Pozaldez > Medina del Campo
2026-06-21,38301,Int,Servicio interno,Interno,PROXIMDAD,Impar (↑ Norte/Origen),10500,Medina del Campo,10610,Valladolid Universidad,7,Medina del Campo > Pozaldez > Matapozuelos > Valdestillas > Viana > Valladolid-Campo Grande > Valladolid Universidad
2026-06-21,38302,Int,Servicio interno,Interno,PROXIMDAD,Par (↓ Sur/Destino),61307,Cartagena,61200,Murcia del Carmen,4,Cartagena > Torre-Pacheco > Balsicas-Mar Menor > Murcia del Carmen
2026-06-21,38302,Int,Servicio interno,Interno,PROXIMDAD,Par (↓ Sur/Destino),61307,Cartagena,61304,Torre-Pacheco,2,Cartagena > Torre-Pacheco
2026-06-21,38302,Int,Servicio interno,Interno,PROXIMDAD,Par (↓ Sur/Destino),61304,Torre-Pacheco,61200,Murcia del Carmen,3,Torre-Pacheco > Balsicas-Mar Menor > Murcia del Carmen
2026-06-21,38303,Int,Servicio interno,Interno,PROXIMDAD,Impar (↑ Norte/Origen),10500,Medina del Campo,14100,Palencia,4,Medina del Campo > Valladolid-Campo Grande > Venta de Baños > Palencia
2026-06-21,38304,Int,Servicio interno,Interno,PROXIMDAD,Par (↓ Sur/Destino),10600,Valladolid-Campo Grande,10500,Medina del Campo,2,Valladolid-Campo Grande > Medina del Campo
2026-06-21,38306,Int,Servicio interno,Interno,PROXIMDAD,Par (↓ Sur/Destino),10500,Medina del Campo,14100,Palencia,9,Medina del Campo > Pozaldez > Matapozuelos > Valdestillas > Viana > Valladolid-Campo Grande > Valladolid Universidad > Venta de Baños > Palencia
2026-06-21,38308,Int,Servicio interno,Interno,PROXIMDAD,Par (↓ Sur/Destino),14100,Palencia,10500,Medina del Campo,6,Palencia > Venta de Baños > Dueñas > Valladolid Universidad > Valladolid-Campo Grande > Medina del Campo
2026-06-21,38310,Int,Servicio interno,Interno,PROXIMDAD,Par (↓ Sur/Destino),10500,Medina del Campo,10600,Valladolid-Campo Grande,2,Medina del Campo > Valladolid-Campo Grande
2026-06-21,38311,Int,Servicio interno,Interno,PROXIMDAD,Impar (↑ Norte/Origen),10500,Medina del Campo,10600,Valladolid-Campo Grande,2,Medina del Campo > Valladolid-Campo Grande
2026-06-21,38312,Int,Servicio interno,Interno,PROXIMDAD,Par (↓ Sur/Destino),10500,Medina del Campo,10600,Valladolid-Campo Grande,6,Medina del Campo > Pozaldez > Matapozuelos > Valdestillas > Viana > Valladolid-Campo Grande
2026-06-21,38314,Int,Servicio interno,Interno,PROXIMDAD,Par (↓ Sur/Destino),10500,Medina del Campo,10600,Valladolid-Campo Grande,2,Medina del Campo > Valladolid-Campo Grande
2026-06-21,38316,Int,Servicio interno,Interno,PROXIMDAD,Par (↓ Sur/Destino),10600,Valladolid-Campo Grande,10500,Medina del Campo,2,Valladolid-Campo Grande > Medina del Campo
2026-06-21,38318,Int,Servicio interno,Interno,PROXIMDAD,Par (↓ Sur/Destino),10600,Valladolid-Campo Grande,10500,Medina del Campo,6,Valladolid-Campo Grande > Viana > Valdestillas > Matapozuelos > Pozaldez > Medina del Campo
2026-06-21,38321,Int,Servicio interno,Interno,PROXIMDAD,Impar (↑ Norte/Origen),10500,Medina del Campo,10600,Valladolid-Campo Grande,6,Medina del Campo > Pozaldez > Matapozuelos > Valdestillas > Viana > Valladolid-Campo Grande
2026-06-21,38322,Int,Servicio interno,Interno,PROXIMDAD,Par (↓ Sur/Destino),10600,Valladolid-Campo Grande,10500,Medina del Campo,6,Valladolid-Campo Grande > Viana > Valdestillas > Matapozuelos > Pozaldez > Medina del Campo
2026-06-21,38324,Int,Servicio interno,Interno,PROXIMDAD,Par (↓ Sur/Destino),10500,Medina del Campo,10600,Valladolid-Campo Grande,2,Medina del Campo > Valladolid-Campo Grande
2026-06-21,38401,Int,Servicio interno,Interno,PROXIMDAD,Impar (↑ Norte/Origen),10600,Valladolid-Campo Grande,14100,Palencia,8,Valladolid-Campo Grande > Valladolid Universidad > Cabezón del Pisuerga > Corcos-Aguilarejo > Cubillas de Santa Marta > Dueñas > Venta de Baños > Palencia
2026-06-21,38402,Int,Servicio interno,Interno,PROXIMDAD,Par (↓ Sur/Destino),10500,Medina del Campo,10600,Valladolid-Campo Grande,2,Medina del Campo > Valladolid-Campo Grande
2026-06-21,38500,Int,Servicio interno,Interno,PROXIMDAD,Par (↓ Sur/Destino),14100,Palencia,10600,Valladolid-Campo Grande,8,Palencia > Venta de Baños > Dueñas > Cubillas de Santa Marta > Corcos-Aguilarejo > Cabezón del Pisuerga > Valladolid Universidad > Valladolid-Campo Grande
2026-06-21,38504,Int,Servicio interno,Interno,REGIONAL,Par (↓ Sur/Destino),60911,Alicante/Alacant-Terminal,60902,Villena,4,Alicante/Alacant-Terminal > Universidad de Alicante > Elda-Petrer > Villena
2026-06-21,38523,Int,Servicio interno,Interno,REGIONAL,Impar (↑ Norte/Origen),60902,Villena,60911,Alicante/Alacant-Terminal,4,Villena > Elda-Petrer > Universidad de Alicante > Alicante/Alacant-Terminal
2026-06-21,38602,Int,Servicio interno,Interno,PROXIMDAD,Par (↓ Sur/Destino),14100,Palencia,10600,Valladolid-Campo Grande,6,Palencia > Venta de Baños > Dueñas > Cabezón del Pisuerga > Valladolid Universidad > Valladolid-Campo Grande
2026-06-21,38604,Int,Servicio interno,Interno,PROXIMDAD,Par (↓ Sur/Destino),61307,Cartagena,61200,Murcia del Carmen,4,Cartagena > Torre-Pacheco > Balsicas-Mar Menor > Murcia del Carmen
2026-06-21,38604,Int,Servicio interno,Interno,PROXIMDAD,Par (↓ Sur/Destino),61307,Cartagena,61304,Torre-Pacheco,2,Cartagena > Torre-Pacheco
2026-06-21,38604,Int,Servicio interno,Interno,PROXIMDAD,Par (↓ Sur/Destino),61304,Torre-Pacheco,61200,Murcia del Carmen,3,Torre-Pacheco > Balsicas-Mar Menor > Murcia del Carmen
2026-06-21,38623,Int,Servicio interno,Interno,PROXIMDAD,Impar (↑ Norte/Origen),61200,Murcia del Carmen,61307,Cartagena,4,Murcia del Carmen > Balsicas-Mar Menor > Torre-Pacheco > Cartagena
2026-06-21,38623,Int,Servicio interno,Interno,PROXIMDAD,Impar (↑ Norte/Origen),61200,Murcia del Carmen,61304,Torre-Pacheco,3,Murcia del Carmen > Balsicas-Mar Menor > Torre-Pacheco
2026-06-21,38623,Int,Servicio interno,Interno,PROXIMDAD,Impar (↑ Norte/Origen),61304,Torre-Pacheco,61307,Cartagena,2,Torre-Pacheco > Cartagena
2026-06-21,38700,Int,Servicio interno,Interno,PROXIMDAD,Par (↓ Sur/Destino),14100,Palencia,10600,Valladolid-Campo Grande,3,Palencia > Venta de Baños > Valladolid-Campo Grande
2026-06-21,38701,Int,Servicio interno,Interno,PROXIMDAD,Impar (↑ Norte/Origen),10600,Valladolid-Campo Grande,14100,Palencia,3,Valladolid-Campo Grande > Venta de Baños > Palencia
2026-06-21,38802,Int,Servicio interno,Interno,PROXIMDAD,Par (↓ Sur/Destino),18000,Madrid-Atocha Cercanías,35005,Illescas,3,Madrid-Atocha Cercanías > Leganés > Illescas
2026-06-21,38807,Int,Servicio interno,Interno,PROXIMDAD,Impar (↑ Norte/Origen),35005,Illescas,18000,Madrid-Atocha Cercanías,3,Illescas > Leganés > Madrid-Atocha Cercanías
2026-06-21,38900,Int,Servicio interno,Interno,PROXIMDAD,Par (↓ Sur/Destino),54403,El Chorro-Caminito del Rey,54413,Málaga María Zambrano,4,El Chorro-Caminito del Rey > Las Mellizas > Álora > Málaga María Zambrano
2026-06-21,38902,Int,Servicio interno,Interno,PROXIMDAD,Par (↓ Sur/Destino),54403,El Chorro-Caminito del Rey,54413,Málaga María Zambrano,2,El Chorro-Caminito del Rey > Málaga María Zambrano
2026-06-21,38903,Int,Servicio interno,Interno,PROXIMDAD,Impar (↑ Norte/Origen),54413,Málaga María Zambrano,54403,El Chorro-Caminito del Rey,3,Málaga María Zambrano > Álora > El Chorro-Caminito del Rey
2026-06-21,38904,Int,Servicio interno,Interno,PROXIMDAD,Par (↓ Sur/Destino),54403,El Chorro-Caminito del Rey,54413,Málaga María Zambrano,4,El Chorro-Caminito del Rey > Las Mellizas > Álora > Málaga María Zambrano
2026-06-21,38905,Int,Servicio interno,Interno,PROXIMDAD,Impar (↑ Norte/Origen),54413,Málaga María Zambrano,54403,El Chorro-Caminito del Rey,2,Málaga María Zambrano > El Chorro-Caminito del Rey
2026-06-21,38906,Int,Servicio interno,Interno,PROXIMDAD,Par (↓ Sur/Destino),54403,El Chorro-Caminito del Rey,54413,Málaga María Zambrano,3,El Chorro-Caminito del Rey > Álora > Málaga María Zambrano
2026-06-21,38907,Int,Servicio interno,Interno,PROXIMDAD,Impar (↑ Norte/Origen),54413,Málaga María Zambrano,54403,El Chorro-Caminito del Rey,4,Málaga María Zambrano > Álora > Las Mellizas > El Chorro-Caminito del Rey
2026-06-21,38908,Int,Servicio interno,Interno,PROXIMDAD,Par (↓ Sur/Destino),54403,El Chorro-Caminito del Rey,54413,Málaga María Zambrano,2,El Chorro-Caminito del Rey > Málaga María Zambrano
2026-06-21,38909,Int,Servicio interno,Interno,PROXIMDAD,Impar (↑ Norte/Origen),54413,Málaga María Zambrano,54403,El Chorro-Caminito del Rey,4,Málaga María Zambrano > Álora > Las Mellizas > El Chorro-Caminito del Rey
2026-06-21,71800,FEVE,Ancho métrico (FEVE),FEVE,REGIONAL,Par (↓ Sur/Destino),05193,Ribadeo,21010,Ferrol,52,Ribadeo > Rinlo > Os Castros > Esteiro > Reinante > Barreiros > Foz > Marzán > Fazouro > Nois > Cangas de Foz > Burela > Madeiro > San Cibrao > Bidueiros > Lago > Xove > Xove Pobo > Xuances > Viveiro Apeadero > Viveiro > Covas de Viveiro > Folgueiro > Mosende > O Vicedo > O Barqueiro > Loiba > Espasante > Ortigueira > Senra > San Clodio > Ponte Mera > Santa María de Mera > A Cuqueira > Cerdido > Entrambarrías > Labacengos > Moeche > Apalla > Lamas > San Sadurniño > Pedroso de Narón > Sedes > Ferrerías > Xuvia > O Ponto > Piñeiros > O Alto Do Castiñeiro > Santa Icía > Virxe Do Mar > San Xoán > Ferrol
2026-06-21,71801,FEVE,Ancho métrico (FEVE),FEVE,REGIONAL,Impar (↑ Norte/Origen),21010,Ferrol,05193,Ribadeo,52,Ferrol > San Xoán > Virxe Do Mar > Santa Icía > O Alto Do Castiñeiro > Piñeiros > O Ponto > Xuvia > Ferrerías > Sedes > Pedroso de Narón > San Sadurniño > Lamas > Apalla > Moeche > Labacengos > Entrambarrías > Cerdido > A Cuqueira > Santa María de Mera > Ponte Mera > San Clodio > Senra > Ortigueira > Espasante > Loiba > O Barqueiro > O Vicedo > Mosende > Folgueiro > Covas de Viveiro > Viveiro > Viveiro Apeadero > Xuances > Xove Pobo > Xove > Lago > Bidueiros > San Cibrao > Madeiro > Burela > Cangas de Foz > Nois > Fazouro > Marzán > Foz > Barreiros > Reinante > Esteiro > Os Castros > Rinlo > Ribadeo
2026-06-21,71802,FEVE,Ancho métrico (FEVE),FEVE,REGIONAL,Par (↓ Sur/Destino),05193,Ribadeo,21010,Ferrol,52,Ribadeo > Rinlo > Os Castros > Esteiro > Reinante > Barreiros > Foz > Marzán > Fazouro > Nois > Cangas de Foz > Burela > Madeiro > San Cibrao > Bidueiros > Lago > Xove > Xove Pobo > Xuances > Viveiro Apeadero > Viveiro > Covas de Viveiro > Folgueiro > Mosende > O Vicedo > O Barqueiro > Loiba > Espasante > Ortigueira > Senra > San Clodio > Ponte Mera > Santa María de Mera > A Cuqueira > Cerdido > Entrambarrías > Labacengos > Moeche > Apalla > Lamas > San Sadurniño > Pedroso de Narón > Sedes > Ferrerías > Xuvia > O Ponto > Piñeiros > O Alto Do Castiñeiro > Santa Icía > Virxe Do Mar > San Xoán > Ferrol
2026-06-21,71803,FEVE,Ancho métrico (FEVE),FEVE,REGIONAL,Impar (↑ Norte/Origen),21010,Ferrol,05193,Ribadeo,52,Ferrol > San Xoán > Virxe Do Mar > Santa Icía > O Alto Do Castiñeiro > Piñeiros > O Ponto > Xuvia > Ferrerías > Sedes > Pedroso de Narón > San Sadurniño > Lamas > Apalla > Moeche > Labacengos > Entrambarrías > Cerdido > A Cuqueira > Santa María de Mera > Ponte Mera > San Clodio > Senra > Ortigueira > Espasante > Loiba > O Barqueiro > O Vicedo > Mosende > Folgueiro > Covas de Viveiro > Viveiro > Viveiro Apeadero > Xuances > Xove Pobo > Xove > Lago > Bidueiros > San Cibrao > Madeiro > Burela > Cangas de Foz > Nois > Fazouro > Marzán > Foz > Barreiros > Reinante > Esteiro > Os Castros > Rinlo > Ribadeo
2026-06-21,71811,FEVE,Ancho métrico (FEVE),FEVE,REGIONAL,Impar (↑ Norte/Origen),21010,Ferrol,15211,Oviedo,90,Ferrol > San Xoán > Virxe Do Mar > Santa Icía > O Alto Do Castiñeiro > Piñeiros > O Ponto > Xuvia > Ferrerías > Sedes > Pedroso de Narón > San Sadurniño > Lamas > Apalla > Moeche > Labacengos > Entrambarrías > Cerdido > A Cuqueira > Santa María de Mera > Ponte Mera > San Clodio > Senra > Ortigueira > Espasante > Loiba > O Barqueiro > O Vicedo > Mosende > Folgueiro > Covas de Viveiro > Viveiro > Viveiro Apeadero > Xuances > Xove Pobo > Xove > Lago > Bidueiros > San Cibrao > Madeiro > Burela > Cangas de Foz > Nois > Fazouro > Marzán > Foz > Barreiros > Reinante > Esteiro > Os Castros > Rinlo > Ribadeo > Vegadeo Pueblo > Castropol > Tapia > La Caridad > Medal > Navia > Villapedre > Luarca > Canero > San Cristóbal > Cadavedo > Tablizo > Ballota > Santa Marina > Novellana > Soto de Luiña > San Martín de Luiña > La Magdalena > Cudillero > Muros del Nalón > Pravia > Beifar > San Román > Aces > Sandiche > Grado > Peñaflor de Grado > Vega de Anzo > Santa María de Grado > Trubia > Soto Udrión > San Pedro de Nora > San Claudio > Las Mazas > Las Campas > Argañosa-Lavapiés > Vallobín > Oviedo
2026-06-21,71813,FEVE,Ancho métrico (FEVE),FEVE,REGIONAL,Impar (↑ Norte/Origen),21010,Ferrol,15211,Oviedo,104,Ferrol > San Xoán > Virxe Do Mar > Santa Icía > O Alto Do Castiñeiro > Piñeiros > O Ponto > Xuvia > Ferrerías > Sedes > Pedroso de Narón > San Sadurniño > Lamas > Apalla > Moeche > Labacengos > Entrambarrías > Cerdido > A Cuqueira > Santa María de Mera > Ponte Mera > San Clodio > Senra > Ortigueira > Espasante > Loiba > O Barqueiro > O Vicedo > Mosende > Folgueiro > Covas de Viveiro > Viveiro > Viveiro Apeadero > Xuances > Xove Pobo > Xove > Lago > Bidueiros > San Cibrao > Madeiro > Burela > Cangas de Foz > Nois > Fazouro > Marzán > Foz > Barreiros > Reinante > Esteiro > Os Castros > Rinlo > Ribadeo > Vegadeo Pueblo > Vilavedelle > Castropol > Las Campas de Castropol > Tol > Tapia > La Caridad > Cartavio > Loza > Medal > Navia > Piñera-Villaoril > Villapedre > Otur > Luarca > Barcia > Canero > San Cristóbal > Cadavedo > Tablizo > Ballota > Santa Marina > Novellana > Valdredo > Soto de Luiña > San Cosme > San Martín de Luiña > La Magdalena > Villademar > Cudillero > El Pito Piñera > Muros del Nalón > Los Cabos > Santianes > Pravia > Beifar > San Román > Aces > Sandiche > Grado > Peñaflor de Grado > Vega de Anzo > Santa María de Grado > Trubia > Soto Udrión > San Pedro de Nora > San Claudio > Las Mazas > Las Campas > Argañosa-Lavapiés > Vallobín > Oviedo
2026-06-21,71820,FEVE,Ancho métrico (FEVE),FEVE,REGIONAL,Par (↓ Sur/Destino),05571,Llanes,15211,Oviedo,40,Llanes > Poo > Celorio > Balmori > Posada > Villahormes > Nueva > Belmonte de Pría > Camango > Ribadesella > Llovio > Cuevas > Toraño > Fuentes > Arriondas > Policlínico > Ozanes > Soto de Dueñas > Sebares > Villamayor > Infiesto Apeadero > Infiesto > Pintueles > Carancos > Ceceda > Fuente Santa de Nava > Nava > Llames > El Remedio > Lieres > Los Corros > Pola de Siero > La Carrera de Siero > El Berrón > Fonciello > Meres > Colloto > Parque Principado > La Corredoria > Oviedo
2026-06-21,71821,FEVE,Ancho métrico (FEVE),FEVE,REGIONAL,Impar (↑ Norte/Origen),15211,Oviedo,05571,Llanes,40,Oviedo > La Corredoria > Parque Principado > Colloto > Meres > Fonciello > El Berrón > La Carrera de Siero > Pola de Siero > Los Corros > Lieres > El Remedio > Llames > Nava > Fuente Santa de Nava > Ceceda > Carancos > Pintueles > Infiesto > Infiesto Apeadero > Villamayor > Sebares > Soto de Dueñas > Ozanes > Policlínico > Arriondas > Fuentes > Toraño > Cuevas > Llovio > Ribadesella > Camango > Belmonte de Pría > Nueva > Villahormes > Posada > Balmori > Celorio > Poo > Llanes
2026-06-21,71822,FEVE,Ancho métrico (FEVE),FEVE,REGIONAL,Par (↓ Sur/Destino),05571,Llanes,15211,Oviedo,40,Llanes > Poo > Celorio > Balmori > Posada > Villahormes > Nueva > Belmonte de Pría > Camango > Ribadesella > Llovio > Cuevas > Toraño > Fuentes > Arriondas > Policlínico > Ozanes > Soto de Dueñas > Sebares > Villamayor > Infiesto Apeadero > Infiesto > Pintueles > Carancos > Ceceda > Fuente Santa de Nava > Nava > Llames > El Remedio > Lieres > Los Corros > Pola de Siero > La Carrera de Siero > El Berrón > Fonciello > Meres > Colloto > Parque Principado > La Corredoria > Oviedo
2026-06-21,71823,FEVE,Ancho métrico (FEVE),FEVE,REGIONAL,Impar (↑ Norte/Origen),15211,Oviedo,05571,Llanes,40,Oviedo > La Corredoria > Parque Principado > Colloto > Meres > Fonciello > El Berrón > La Carrera de Siero > Pola de Siero > Los Corros > Lieres > El Remedio > Llames > Nava > Fuente Santa de Nava > Ceceda > Carancos > Pintueles > Infiesto > Infiesto Apeadero > Villamayor > Sebares > Soto de Dueñas > Ozanes > Policlínico > Arriondas > Fuentes > Toraño > Cuevas > Llovio > Ribadesella > Camango > Belmonte de Pría > Nueva > Villahormes > Posada > Balmori > Celorio > Poo > Llanes
2026-06-21,71830,FEVE,Ancho métrico (FEVE),FEVE,REGIONAL,Par (↓ Sur/Destino),15211,Oviedo,21010,Ferrol,90,Oviedo > Vallobín > Argañosa-Lavapiés > Las Campas > Las Mazas > San Claudio > San Pedro de Nora > Soto Udrión > Trubia > Santa María de Grado > Vega de Anzo > Peñaflor de Grado > Grado > Sandiche > Aces > San Román > Beifar > Pravia > Muros del Nalón > Cudillero > La Magdalena > San Martín de Luiña > Soto de Luiña > Novellana > Santa Marina > Ballota > Tablizo > Cadavedo > San Cristóbal > Canero > Luarca > Villapedre > Navia > Medal > La Caridad > Tapia > Castropol > Vegadeo Pueblo > Ribadeo > Rinlo > Os Castros > Esteiro > Reinante > Barreiros > Foz > Marzán > Fazouro > Nois > Cangas de Foz > Burela > Madeiro > San Cibrao > Bidueiros > Lago > Xove > Xove Pobo > Xuances > Viveiro Apeadero > Viveiro > Covas de Viveiro > Folgueiro > Mosende > O Vicedo > O Barqueiro > Loiba > Espasante > Ortigueira > Senra > San Clodio > Ponte Mera > Santa María de Mera > A Cuqueira > Cerdido > Entrambarrías > Labacengos > Moeche > Apalla > Lamas > San Sadurniño > Pedroso de Narón > Sedes > Ferrerías > Xuvia > O Ponto > Piñeiros > O Alto Do Castiñeiro > Santa Icía > Virxe Do Mar > San Xoán > Ferrol
2026-06-21,71831,FEVE,Ancho métrico (FEVE),FEVE,REGIONAL,Impar (↑ Norte/Origen),15211,Oviedo,14223,Santander,46,Oviedo > Colloto > El Berrón > Pola de Siero > Lieres > Nava > Fuente Santa de Nava > Ceceda > Carancos > Pintueles > Infiesto > Infiesto Apeadero > Villamayor > Sebares > Soto de Dueñas > Ozanes > Policlínico > Arriondas > Fuentes > Toraño > Cuevas > Llovio > Ribadesella > Camango > Belmonte de Pría > Nueva > Villahormes > Posada > Balmori > Celorio > Poo > Llanes > San Roque del Acebal > Vidiago > Pendueles > Colombres > Unquera > Pesués > San Vicente de la Barquera > El Barcenal > Roiz > Treceño > Cabezón de la Sal > Puente San Miguel > Torrelavega-Centro > Santander
2026-06-21,71832,FEVE,Ancho métrico (FEVE),FEVE,REGIONAL,Par (↓ Sur/Destino),15211,Oviedo,21010,Ferrol,101,Oviedo > Vallobín > Argañosa-Lavapiés > Las Campas > Las Mazas > San Claudio > San Pedro de Nora > Soto Udrión > Trubia > Santa María de Grado > Vega de Anzo > Peñaflor de Grado > Grado > Sandiche > Aces > San Román > Beifar > Pravia > Muros del Nalón > Cudillero > Villademar > La Magdalena > San Martín de Luiña > San Cosme > Soto de Luiña > Valdredo > Novellana > Santa Marina > Ballota > Tablizo > Cadavedo > San Cristóbal > Canero > Barcia > Luarca > Otur > Villapedre > Piñera-Villaoril > Navia > Medal > Loza > Cartavio > La Caridad > Tapia > Tol > Las Campas de Castropol > Castropol > Vilavedelle > Vegadeo Pueblo > Ribadeo > Rinlo > Os Castros > Esteiro > Reinante > Barreiros > Foz > Marzán > Fazouro > Nois > Cangas de Foz > Burela > Madeiro > San Cibrao > Bidueiros > Lago > Xove > Xove Pobo > Xuances > Viveiro Apeadero > Viveiro > Covas de Viveiro > Folgueiro > Mosende > O Vicedo > O Barqueiro > Loiba > Espasante > Ortigueira > Senra > San Clodio > Ponte Mera > Santa María de Mera > A Cuqueira > Cerdido > Entrambarrías > Labacengos > Moeche > Apalla > Lamas > San Sadurniño > Pedroso de Narón > Sedes > Ferrerías > Xuvia > O Ponto > Piñeiros > O Alto Do Castiñeiro > Santa Icía > Virxe Do Mar > San Xoán > Ferrol
2026-06-21,71833,FEVE,Ancho métrico (FEVE),FEVE,REGIONAL,Impar (↑ Norte/Origen),15211,Oviedo,14223,Santander,46,Oviedo > Colloto > El Berrón > Pola de Siero > Lieres > Nava > Fuente Santa de Nava > Ceceda > Carancos > Pintueles > Infiesto > Infiesto Apeadero > Villamayor > Sebares > Soto de Dueñas > Ozanes > Policlínico > Arriondas > Fuentes > Toraño > Cuevas > Llovio > Ribadesella > Camango > Belmonte de Pría > Nueva > Villahormes > Posada > Balmori > Celorio > Poo > Llanes > San Roque del Acebal > Vidiago > Pendueles > Colombres > Unquera > Pesués > San Vicente de la Barquera > El Barcenal > Roiz > Treceño > Cabezón de la Sal > Puente San Miguel > Torrelavega-Centro > Santander
2026-06-21,71850,FEVE,Ancho métrico (FEVE),FEVE,REGIONAL,Par (↓ Sur/Destino),14223,Santander,15211,Oviedo,46,Santander > Torrelavega-Centro > Puente San Miguel > Cabezón de la Sal > Treceño > Roiz > El Barcenal > San Vicente de la Barquera > Pesués > Unquera > Colombres > Pendueles > Vidiago > San Roque del Acebal > Llanes > Poo > Celorio > Balmori > Posada > Villahormes > Nueva > Belmonte de Pría > Camango > Ribadesella > Llovio > Cuevas > Toraño > Fuentes > Arriondas > Policlínico > Ozanes > Soto de Dueñas > Sebares > Villamayor > Infiesto Apeadero > Infiesto > Pintueles > Carancos > Ceceda > Fuente Santa de Nava > Nava > Lieres > Pola de Siero > El Berrón > Colloto > Oviedo
2026-06-21,71851,FEVE,Ancho métrico (FEVE),FEVE,REGIONAL,Impar (↑ Norte/Origen),14223,Santander,05451,Bilbao la Concordia,31,Santander > Valdecilla la Marga > Nueva Montaña > Maliaño Vidriera > Astillero > Heras > Orejo > Puente Agüero > Villaverde de Pontones > Hoz de Anero > Beranga > Gama > Cicero > Treto > Limpias > Marrón > Udalla > Gibaja > Karrantza > Villaverde de Trucios > Artzentales > Traslaviña > Mimetiz > Aranguren > Sodupe > Zaramillo > Irauregui > Zorrotza Zorrozgoiti > Basurto Hospital > Ametzola > Bilbao la Concordia
2026-06-21,71852,FEVE,Ancho métrico (FEVE),FEVE,REGIONAL,Par (↓ Sur/Destino),14223,Santander,15211,Oviedo,46,Santander > Torrelavega-Centro > Puente San Miguel > Cabezón de la Sal > Treceño > Roiz > El Barcenal > San Vicente de la Barquera > Pesués > Unquera > Colombres > Pendueles > Vidiago > San Roque del Acebal > Llanes > Poo > Celorio > Balmori > Posada > Villahormes > Nueva > Belmonte de Pría > Camango > Ribadesella > Llovio > Cuevas > Toraño > Fuentes > Arriondas > Policlínico > Ozanes > Soto de Dueñas > Sebares > Villamayor > Infiesto Apeadero > Infiesto > Pintueles > Carancos > Ceceda > Fuente Santa de Nava > Nava > Lieres > Pola de Siero > El Berrón > Colloto > Oviedo
2026-06-21,71853,FEVE,Ancho métrico (FEVE),FEVE,REGIONAL,Impar (↑ Norte/Origen),14223,Santander,05451,Bilbao la Concordia,32,Santander > Valdecilla la Marga > Nueva Montaña > Valle Real > Maliaño Vidriera > Astillero > Heras > Orejo > Puente Agüero > Villaverde de Pontones > Hoz de Anero > Beranga > Gama > Cicero > Treto > Limpias > Marrón > Udalla > Gibaja > Karrantza > Villaverde de Trucios > Artzentales > Traslaviña > Mimetiz > Aranguren > Sodupe > Zaramillo > Irauregui > Zorrotza Zorrozgoiti > Basurto Hospital > Ametzola > Bilbao la Concordia
2026-06-21,71855,FEVE,Ancho métrico (FEVE),FEVE,REGIONAL,Impar (↑ Norte/Origen),14223,Santander,05451,Bilbao la Concordia,32,Santander > Valdecilla la Marga > Nueva Montaña > Valle Real > Maliaño Vidriera > Astillero > Heras > Orejo > Puente Agüero > Villaverde de Pontones > Hoz de Anero > Beranga > Gama > Cicero > Treto > Limpias > Marrón > Udalla > Gibaja > Karrantza > Villaverde de Trucios > Artzentales > Traslaviña > Mimetiz > Aranguren > Sodupe > Zaramillo > Irauregui > Zorrotza Zorrozgoiti > Basurto Hospital > Ametzola > Bilbao la Concordia
2026-06-21,71870,FEVE,Ancho métrico (FEVE),FEVE,REGIONAL,Par (↓ Sur/Destino),05451,Bilbao la Concordia,14223,Santander,32,Bilbao la Concordia > Ametzola > Basurto Hospital > Zorrotza Zorrozgoiti > Irauregui > Zaramillo > Sodupe > Aranguren > Mimetiz > Traslaviña > Artzentales > Villaverde de Trucios > Karrantza > Gibaja > Udalla > Marrón > Limpias > Treto > Cicero > Gama > Beranga > Hoz de Anero > Villaverde de Pontones > Puente Agüero > Orejo > Heras > Astillero > Maliaño Vidriera > Valle Real > Nueva Montaña > Valdecilla la Marga > Santander
2026-06-21,71872,FEVE,Ancho métrico (FEVE),FEVE,REGIONAL,Par (↓ Sur/Destino),05451,Bilbao la Concordia,14223,Santander,32,Bilbao la Concordia > Ametzola > Basurto Hospital > Zorrotza Zorrozgoiti > Irauregui > Zaramillo > Sodupe > Aranguren > Mimetiz > Traslaviña > Artzentales > Villaverde de Trucios > Karrantza > Gibaja > Udalla > Marrón > Limpias > Treto > Cicero > Gama > Beranga > Hoz de Anero > Villaverde de Pontones > Puente Agüero > Orejo > Heras > Astillero > Maliaño Vidriera > Valle Real > Nueva Montaña > Valdecilla la Marga > Santander
2026-06-21,71874,FEVE,Ancho métrico (FEVE),FEVE,REGIONAL,Par (↓ Sur/Destino),05451,Bilbao la Concordia,14223,Santander,32,Bilbao la Concordia > Ametzola > Basurto Hospital > Zorrotza Zorrozgoiti > Irauregui > Zaramillo > Sodupe > Aranguren > Mimetiz > Traslaviña > Artzentales > Villaverde de Trucios > Karrantza > Gibaja > Udalla > Marrón > Limpias > Treto > Cicero > Gama > Beranga > Hoz de Anero > Villaverde de Pontones > Puente Agüero > Orejo > Heras > Astillero > Maliaño Vidriera > Valle Real > Nueva Montaña > Valdecilla la Marga > Santander
2026-06-21,71876,FEVE,Ancho métrico (FEVE),FEVE,REGIONAL,Par (↓ Sur/Destino),05451,Bilbao la Concordia,05778,Feve-León,64,Bilbao la Concordia > Ametzola > Basurto Hospital > Zorrotza Zorrozgoiti > Santa Águeda > Kastrexana > Irauregui > Zaramillo > La Quadra > Sodupe > Artxube > Lambarri > Güeñes > Aranguren > Aranguren-Apeadero > Zalla > Colegio > Ibarra > La Herrera > Balmaseda > Arla Berrón > Ungo Nava > Mercadillo Villasana > Cadagua > Bercedo-Montija > Quintana de los Prados > Espinosa de los Monteros > Redondo > Sotoscueva > Pedrosa > Dosante Cidad > Robredo Ahedo > Soncillo > Cabañas de Virtus > Arija > Llano > Las Rozas de Valdearroyo > Montes Claros > Los Carabeos > Mataporquera > Cillamayor > Salinas de Pisuerga > Vado-Cervera > Castrejón de la Peña > Villaverde Tarilonte > Santibáñez de la Peña > Guardo Apeadero > Guardo > La Espina > Valcuende > Puente Almuhey > Cerezal de la Guzpeña > Prado de la Guzpeña > La Llama de la Guzpeña > Valle de las Casas > Sorriba > Cistierna > La Ercina > Boñar > La Vecilla > Matallana > San Feliz > La Asunción Universidad > Feve-León
2026-06-21,71891,FEVE,Ancho métrico (FEVE),FEVE,REGIONAL,Impar (↑ Norte/Origen),05778,Feve-León,05451,Bilbao la Concordia,55,Feve-León > La Asunción Universidad > San Feliz > Matallana > La Vecilla > Boñar > La Ercina > Cistierna > Sorriba > Valle de las Casas > La Llama de la Guzpeña > Prado de la Guzpeña > Cerezal de la Guzpeña > Puente Almuhey > Valcuende > La Espina > Guardo > Guardo Apeadero > Santibáñez de la Peña > Villaverde Tarilonte > Castrejón de la Peña > Vado-Cervera > Salinas de Pisuerga > Cillamayor > Mataporquera > Los Carabeos > Montes Claros > Las Rozas de Valdearroyo > Llano > Arija > Cabañas de Virtus > Soncillo > Robredo Ahedo > Dosante Cidad > Pedrosa > Sotoscueva > Redondo > Espinosa de los Monteros > Quintana de los Prados > Bercedo-Montija > Cadagua > Mercadillo Villasana > Ungo Nava > Arla Berrón > Balmaseda > Zalla > Aranguren-Apeadero > Aranguren > Sodupe > Zaramillo > Irauregui > Zorrotza Zorrozgoiti > Basurto Hospital > Ametzola > Bilbao la Concordia
2026-06-21,88146,?,Reservado,?,Intercity,Par (↓ Sur/Destino),61200,Murcia del Carmen,07004,Águilas,3,Murcia del Carmen > Lorca-Sutullena > Águilas
2026-06-21,88418,?,Reservado,?,Intercity,Par (↓ Sur/Destino),07004,Águilas,61200,Murcia del Carmen,3,Águilas > Lorca-Sutullena > Murcia del Carmen
