fecha,tren,categoria,tipo_servicio,detalle,servicio_comercial,sentido,cod_origen,estacion_origen,cod_destino,estacion_destino,num_paradas,paradas
2026-04-23,00190,LD,Larga Distancia,LD,ALVIA,Par (↓ Sur/Destino),17000,Madrid-Chamartín-Clara Campoamor,37606,Badajoz,12,Madrid-Chamartín-Clara Campoamor > Madrid - Atocha Cercanías > Leganés > Torrijos > Talavera De La Reina > Oropesa De Toledo > Navalmoral De La Mata > Monfragüe-Plasencia > Cáceres > Mérida > Montijo > Badajoz
2026-04-23,00192,LD,Larga Distancia,LD,ALVIA,Par (↓ Sur/Destino),17000,Madrid-Chamartín-Clara Campoamor,37606,Badajoz,11,Madrid-Chamartín-Clara Campoamor > Madrid - Atocha Cercanías > Leganés > Torrijos > Talavera De La Reina > Oropesa De Toledo > Navalmoral De La Mata > Monfragüe-Plasencia > Cáceres > Mérida > Badajoz
2026-04-23,00194,LD,Larga Distancia,LD,ALVIA,Par (↓ Sur/Destino),17000,Madrid-Chamartín-Clara Campoamor,37606,Badajoz,8,Madrid-Chamartín-Clara Campoamor > Madrid - Atocha Cercanías > Leganés > Talavera De La Reina > Navalmoral De La Mata > Plasencia > Cáceres > Badajoz
2026-04-23,00276,LD,Larga Distancia,LD,Intercity,Par (↓ Sur/Destino),17000,Madrid-Chamartín-Clara Campoamor,56312,Almeria,11,Madrid-Chamartín-Clara Campoamor > Madrid - Atocha Cercanías > Alcazar de San Juan > Vilches > Linares-Baeza > Jodar-Ubeda > Cabra del Santo Cristo Y Alicun > Moreda > Guadix > Huercal-Viator > Almeria
2026-04-23,00276,LD,Larga Distancia,LD,Intercity,Par (↓ Sur/Destino),17000,Madrid-Chamartín-Clara Campoamor,50300,Linares-Baeza,5,Madrid-Chamartín-Clara Campoamor > Madrid - Atocha Cercanías > Alcazar de San Juan > Vilches > Linares-Baeza
2026-04-23,00279,LD,Larga Distancia,LD,Intercity,Impar (↑ Norte/Origen),56312,Almeria,17000,Madrid-Chamartín-Clara Campoamor,11,Almeria > Huercal-Viator > Guadix > Moreda > Cabra del Santo Cristo Y Alicun > Jodar-Ubeda > Linares-Baeza > Vilches > Alcazar de San Juan > Madrid - Atocha Cercanías > Madrid-Chamartín-Clara Campoamor
2026-04-23,00279,LD,Larga Distancia,LD,Intercity,Impar (↑ Norte/Origen),50300,Linares-Baeza,17000,Madrid-Chamartín-Clara Campoamor,5,Linares-Baeza > Vilches > Alcazar de San Juan > Madrid - Atocha Cercanías > Madrid-Chamartín-Clara Campoamor
2026-04-23,00280,LD,Larga Distancia,LD,Intercity,Par (↓ Sur/Destino),11200,Miranda De Ebro,13200,Bilbao-Abando Indalecio Prieto,3,Miranda De Ebro > Llodio > Bilbao-Abando Indalecio Prieto
2026-04-23,00281,LD,Larga Distancia,LD,Intercity,Impar (↑ Norte/Origen),11511,San Sebastián/Donostia,11208,Vitoria/Gasteiz,4,San Sebastián/Donostia > Zumarraga > Altsasu/Alsasua-Estación > Vitoria/Gasteiz
2026-04-23,00282,LD,Larga Distancia,LD,Intercity,Par (↓ Sur/Destino),11208,Vitoria/Gasteiz,11511,San Sebastián/Donostia,4,Vitoria/Gasteiz > Altsasu/Alsasua-Estación > Zumarraga > San Sebastián/Donostia
2026-04-23,00283,LD,Larga Distancia,LD,Intercity,Impar (↑ Norte/Origen),13200,Bilbao-Abando Indalecio Prieto,11200,Miranda De Ebro,3,Bilbao-Abando Indalecio Prieto > Llodio > Miranda De Ebro
2026-04-23,00291,LD,Larga Distancia,LD,ALVIA,Impar (↑ Norte/Origen),37606,Badajoz,17000,Madrid-Chamartín-Clara Campoamor,8,Badajoz > Cáceres > Plasencia > Navalmoral De La Mata > Talavera De La Reina > Leganés > Madrid - Atocha Cercanías > Madrid-Chamartín-Clara Campoamor
2026-04-23,00293,LD,Larga Distancia,LD,ALVIA,Impar (↑ Norte/Origen),37606,Badajoz,17000,Madrid-Chamartín-Clara Campoamor,11,Badajoz > Mérida > Cáceres > Monfragüe-Plasencia > Navalmoral De La Mata > Oropesa De Toledo > Talavera De La Reina > Torrijos > Leganés > Madrid - Atocha Cercanías > Madrid-Chamartín-Clara Campoamor
2026-04-23,00295,LD,Larga Distancia,LD,ALVIA,Impar (↑ Norte/Origen),37606,Badajoz,17000,Madrid-Chamartín-Clara Campoamor,12,Badajoz > Montijo > Mérida > Cáceres > Monfragüe-Plasencia > Navalmoral De La Mata > Oropesa De Toledo > Talavera De La Reina > Torrijos > Leganés > Madrid - Atocha Cercanías > Madrid-Chamartín-Clara Campoamor
2026-04-23,00297,LD,Larga Distancia,LD,ALVIA,Impar (↑ Norte/Origen),37606,Badajoz,17000,Madrid-Chamartín-Clara Campoamor,8,Badajoz > Cáceres > Plasencia > Navalmoral De La Mata > Talavera De La Reina > Leganés > Madrid - Atocha Cercanías > Madrid-Chamartín-Clara Campoamor
2026-04-23,00299,LD,Larga Distancia,LD,ALVIA,Impar (↑ Norte/Origen),37606,Badajoz,17000,Madrid-Chamartín-Clara Campoamor,11,Badajoz > Mérida > Cáceres > Monfragüe-Plasencia > Navalmoral De La Mata > Oropesa De Toledo > Talavera De La Reina > Torrijos > Leganés > Madrid - Atocha Cercanías > Madrid-Chamartín-Clara Campoamor
2026-04-23,00420,LD,Larga Distancia,LD,TRENCELTA,Par (↓ Sur/Destino),22308,Vigo Guixar,94346,Porto Campanha,6,Vigo Guixar > Valenca Do Minho > Viana D Castelo > BARCELOS > Nine > Porto Campanha
2026-04-23,00421,LD,Larga Distancia,LD,TRENCELTA,Impar (↑ Norte/Origen),94346,Porto Campanha,22308,Vigo Guixar,6,Porto Campanha > Nine > BARCELOS > Viana D Castelo > Valenca Do Minho > Vigo Guixar
2026-04-23,00421,LD,Larga Distancia,LD,TRENCELTA,Impar (↑ Norte/Origen),94346,Porto Campanha,22402,Valenca Do Minho,5,Porto Campanha > Nine > BARCELOS > Viana D Castelo > Valenca Do Minho
2026-04-23,00422,LD,Larga Distancia,LD,TRENCELTA,Par (↓ Sur/Destino),22308,Vigo Guixar,94346,Porto Campanha,6,Vigo Guixar > Valenca Do Minho > Viana D Castelo > BARCELOS > Nine > Porto Campanha
2026-04-23,00423,LD,Larga Distancia,LD,TRENCELTA,Impar (↑ Norte/Origen),94346,Porto Campanha,22308,Vigo Guixar,6,Porto Campanha > Nine > BARCELOS > Viana D Castelo > Valenca Do Minho > Vigo Guixar
2026-04-23,00423,LD,Larga Distancia,LD,TRENCELTA,Impar (↑ Norte/Origen),94346,Porto Campanha,22402,Valenca Do Minho,5,Porto Campanha > Nine > BARCELOS > Viana D Castelo > Valenca Do Minho
2026-04-23,00437,LD,Larga Distancia,LD,ALVIA,Impar (↑ Norte/Origen),13200,Bilbao-Abando Indalecio Prieto,71801,Barcelona-Sants,11,Bilbao-Abando Indalecio Prieto > Miranda De Ebro > Haro > Logroño > Calahorra > Castejón De Ebro > Tudela De Navarra > Zaragoza-Delicias > Lleida-Pirineus > Camp Tarragona > Barcelona-Sants
2026-04-23,00437,LD,Larga Distancia,LD,ALVIA,Impar (↑ Norte/Origen),04040,Zaragoza-Delicias,71801,Barcelona-Sants,4,Zaragoza-Delicias > Lleida-Pirineus > Camp Tarragona > Barcelona-Sants
2026-04-23,00437,LD,Larga Distancia,LD,ALVIA,Impar (↑ Norte/Origen),13200,Bilbao-Abando Indalecio Prieto,11200,Miranda De Ebro,2,Bilbao-Abando Indalecio Prieto > Miranda De Ebro
2026-04-23,00438,LD,Larga Distancia,LD,ALVIA,Par (↓ Sur/Destino),71801,Barcelona-Sants,13200,Bilbao-Abando Indalecio Prieto,11,Barcelona-Sants > Camp Tarragona > Lleida-Pirineus > Zaragoza-Delicias > Tudela De Navarra > Castejón De Ebro > Calahorra > Logroño > Haro > Miranda De Ebro > Bilbao-Abando Indalecio Prieto
2026-04-23,00438,LD,Larga Distancia,LD,ALVIA,Par (↓ Sur/Destino),71801,Barcelona-Sants,04040,Zaragoza-Delicias,4,Barcelona-Sants > Camp Tarragona > Lleida-Pirineus > Zaragoza-Delicias
2026-04-23,00438,LD,Larga Distancia,LD,ALVIA,Par (↓ Sur/Destino),11200,Miranda De Ebro,13200,Bilbao-Abando Indalecio Prieto,2,Miranda De Ebro > Bilbao-Abando Indalecio Prieto
2026-04-23,00460,LD,Larga Distancia,LD,Intercity,Par (↓ Sur/Destino),65000,Valencia-Estaciò Del Nord,71801,Barcelona-Sants,7,Valencia-Estaciò Del Nord > Castelló > Benicarló-Peñíscola > Vinaròs > L'Aldea-Amposta > Camp Tarragona > Barcelona-Sants
2026-04-23,00463,LD,Larga Distancia,LD,Intercity,Impar (↑ Norte/Origen),71801,Barcelona-Sants,65000,Valencia-Estaciò Del Nord,7,Barcelona-Sants > Camp Tarragona > L'Aldea-Amposta > Vinaròs > Benicarló-Peñíscola > Castelló > Valencia-Estaciò Del Nord
2026-04-23,00530,LD,Larga Distancia,LD,ALVIA,Par (↓ Sur/Destino),71801,Barcelona-Sants,11511,San Sebastián/Donostia,11,Barcelona-Sants > Camp Tarragona > Lleida-Pirineus > Zaragoza-Delicias > Tudela De Navarra > Castejón De Ebro > Tafalla > Pamplona/Iruña > Altsasu/Alsasua-Estación > Zumarraga > San Sebastián/Donostia
2026-04-23,00533,LD,Larga Distancia,LD,ALVIA,Impar (↑ Norte/Origen),11511,San Sebastián/Donostia,71801,Barcelona-Sants,11,San Sebastián/Donostia > Zumarraga > Altsasu/Alsasua-Estación > Pamplona/Iruña > Tafalla > Castejón De Ebro > Tudela De Navarra > Zaragoza-Delicias > Lleida-Pirineus > Camp Tarragona > Barcelona-Sants
2026-04-23,00533,LD,Larga Distancia,LD,ALVIA,Impar (↑ Norte/Origen),11511,San Sebastián/Donostia,78400,Lleida-Pirineus,9,San Sebastián/Donostia > Zumarraga > Altsasu/Alsasua-Estación > Pamplona/Iruña > Tafalla > Castejón De Ebro > Tudela De Navarra > Zaragoza-Delicias > Lleida-Pirineus
2026-04-23,00558,LD,Larga Distancia,LD,Intercity,Par (↓ Sur/Destino),20309,Lugo,22100,Ourense,4,Lugo > Sarria > Monforte de Lemos > Ourense
2026-04-23,00560,LD,Larga Distancia,LD,Intercity,Par (↓ Sur/Destino),22100,Ourense,20309,Lugo,4,Ourense > Monforte de Lemos > Sarria > Lugo
2026-04-23,00562,LD,Larga Distancia,LD,Intercity,Par (↓ Sur/Destino),71801,Barcelona-Sants,80100,Pamplona/Iruña,8,Barcelona-Sants > Camp Tarragona > Lleida-Pirineus > Zaragoza-Delicias > Tudela De Navarra > Castejón De Ebro > Tafalla > Pamplona/Iruña
2026-04-23,00563,LD,Larga Distancia,LD,Intercity,Impar (↑ Norte/Origen),80100,Pamplona/Iruña,71801,Barcelona-Sants,8,Pamplona/Iruña > Tafalla > Castejón De Ebro > Tudela De Navarra > Zaragoza-Delicias > Lleida-Pirineus > Camp Tarragona > Barcelona-Sants
2026-04-23,00600,LD,Larga Distancia,LD,ALVIA,Par (↓ Sur/Destino),80100,Pamplona/Iruña,60000,Madrid Pta.Atocha - Almudena Grandes,7,Pamplona/Iruña > Tafalla > Castejón De Ebro > Tudela De Navarra > Calatayud > Guadalajara - Yebes > Madrid Pta.Atocha - Almudena Grandes
2026-04-23,00601,LD,Larga Distancia,LD,ALVIA,Impar (↑ Norte/Origen),60000,Madrid Pta.Atocha - Almudena Grandes,80100,Pamplona/Iruña,5,Madrid Pta.Atocha - Almudena Grandes > Tudela De Navarra > Castejón De Ebro > Tafalla > Pamplona/Iruña
2026-04-23,00602,LD,Larga Distancia,LD,ALVIA,Par (↓ Sur/Destino),80100,Pamplona/Iruña,60000,Madrid Pta.Atocha - Almudena Grandes,4,Pamplona/Iruña > Calatayud > Guadalajara - Yebes > Madrid Pta.Atocha - Almudena Grandes
2026-04-23,00603,LD,Larga Distancia,LD,ALVIA,Impar (↑ Norte/Origen),60000,Madrid Pta.Atocha - Almudena Grandes,80100,Pamplona/Iruña,7,Madrid Pta.Atocha - Almudena Grandes > Guadalajara - Yebes > Calatayud > Tudela De Navarra > Castejón De Ebro > Tafalla > Pamplona/Iruña
2026-04-23,00605,LD,Larga Distancia,LD,ALVIA,Impar (↑ Norte/Origen),60000,Madrid Pta.Atocha - Almudena Grandes,80100,Pamplona/Iruña,6,Madrid Pta.Atocha - Almudena Grandes > Guadalajara - Yebes > Calatayud > Tudela De Navarra > Tafalla > Pamplona/Iruña
2026-04-23,00606,LD,Larga Distancia,LD,ALVIA,Par (↓ Sur/Destino),80100,Pamplona/Iruña,60000,Madrid Pta.Atocha - Almudena Grandes,4,Pamplona/Iruña > Tafalla > Tudela De Navarra > Madrid Pta.Atocha - Almudena Grandes
2026-04-23,00608,LD,Larga Distancia,LD,ALVIA,Par (↓ Sur/Destino),80100,Pamplona/Iruña,60000,Madrid Pta.Atocha - Almudena Grandes,4,Pamplona/Iruña > Tafalla > Tudela De Navarra > Madrid Pta.Atocha - Almudena Grandes
2026-04-23,00609,LD,Larga Distancia,LD,ALVIA,Impar (↑ Norte/Origen),60000,Madrid Pta.Atocha - Almudena Grandes,80100,Pamplona/Iruña,6,Madrid Pta.Atocha - Almudena Grandes > Guadalajara - Yebes > Calatayud > Tudela De Navarra > Tafalla > Pamplona/Iruña
2026-04-23,00610,LD,Larga Distancia,LD,ALVIA,Par (↓ Sur/Destino),80100,Pamplona/Iruña,60000,Madrid Pta.Atocha - Almudena Grandes,6,Pamplona/Iruña > Tafalla > Tudela De Navarra > Calatayud > Guadalajara - Yebes > Madrid Pta.Atocha - Almudena Grandes
2026-04-23,00613,LD,Larga Distancia,LD,ALVIA,Impar (↑ Norte/Origen),60000,Madrid Pta.Atocha - Almudena Grandes,80100,Pamplona/Iruña,4,Madrid Pta.Atocha - Almudena Grandes > Tudela De Navarra > Tafalla > Pamplona/Iruña
2026-04-23,00621,LD,Larga Distancia,LD,ALVIA,Impar (↑ Norte/Origen),08223,Vigo Urzaiz,71801,Barcelona-Sants,25,Vigo Urzaiz > Pontevedra > Vilagarcia de Arousa > Santiago de Compostela > Ourense > Monforte de Lemos > San Clodio-Quiroga > A Rua-Petin > O Barco de Valdeorras > Ponferrada > Bembibre > Astorga > Leon > Palencia > Burgos Rosa Manzano > Miranda De Ebro > Vitoria/Gasteiz > Pamplona/Iruña > Tafalla > Castejón De Ebro > Tudela De Navarra > Zaragoza-Delicias > Lleida-Pirineus > Camp Tarragona > Barcelona-Sants
2026-04-23,00621,LD,Larga Distancia,LD,ALVIA,Impar (↑ Norte/Origen),22100,Ourense,71801,Barcelona-Sants,21,Ourense > Monforte de Lemos > San Clodio-Quiroga > A Rua-Petin > O Barco de Valdeorras > Ponferrada > Bembibre > Astorga > Leon > Palencia > Burgos Rosa Manzano > Miranda De Ebro > Vitoria/Gasteiz > Pamplona/Iruña > Tafalla > Castejón De Ebro > Tudela De Navarra > Zaragoza-Delicias > Lleida-Pirineus > Camp Tarragona > Barcelona-Sants
2026-04-23,00621,LD,Larga Distancia,LD,ALVIA,Impar (↑ Norte/Origen),08223,Vigo Urzaiz,11208,Vitoria/Gasteiz,17,Vigo Urzaiz > Pontevedra > Vilagarcia de Arousa > Santiago de Compostela > Ourense > Monforte de Lemos > San Clodio-Quiroga > A Rua-Petin > O Barco de Valdeorras > Ponferrada > Bembibre > Astorga > Leon > Palencia > Burgos Rosa Manzano > Miranda De Ebro > Vitoria/Gasteiz
2026-04-23,00621,LD,Larga Distancia,LD,ALVIA,Impar (↑ Norte/Origen),15100,Leon,71801,Barcelona-Sants,13,Leon > Palencia > Burgos Rosa Manzano > Miranda De Ebro > Vitoria/Gasteiz > Pamplona/Iruña > Tafalla > Castejón De Ebro > Tudela De Navarra > Zaragoza-Delicias > Lleida-Pirineus > Camp Tarragona > Barcelona-Sants
2026-04-23,00621,LD,Larga Distancia,LD,ALVIA,Impar (↑ Norte/Origen),04040,Zaragoza-Delicias,78400,Lleida-Pirineus,2,Zaragoza-Delicias > Lleida-Pirineus
2026-04-23,00622,LD,Larga Distancia,LD,ALVIA,Par (↓ Sur/Destino),71801,Barcelona-Sants,08223,Vigo Urzaiz,25,Barcelona-Sants > Camp Tarragona > Lleida-Pirineus > Zaragoza-Delicias > Tudela De Navarra > Castejón De Ebro > Tafalla > Pamplona/Iruña > Vitoria/Gasteiz > Miranda De Ebro > Burgos Rosa Manzano > Palencia > Leon > Astorga > Bembibre > Ponferrada > O Barco de Valdeorras > A Rua-Petin > San Clodio-Quiroga > Monforte de Lemos > Ourense > Santiago de Compostela > Vilagarcia de Arousa > Pontevedra > Vigo Urzaiz
2026-04-23,00622,LD,Larga Distancia,LD,ALVIA,Par (↓ Sur/Destino),71801,Barcelona-Sants,22100,Ourense,21,Barcelona-Sants > Camp Tarragona > Lleida-Pirineus > Zaragoza-Delicias > Tudela De Navarra > Castejón De Ebro > Tafalla > Pamplona/Iruña > Vitoria/Gasteiz > Miranda De Ebro > Burgos Rosa Manzano > Palencia > Leon > Astorga > Bembibre > Ponferrada > O Barco de Valdeorras > A Rua-Petin > San Clodio-Quiroga > Monforte de Lemos > Ourense
2026-04-23,00622,LD,Larga Distancia,LD,ALVIA,Par (↓ Sur/Destino),78400,Lleida-Pirineus,08223,Vigo Urzaiz,23,Lleida-Pirineus > Zaragoza-Delicias > Tudela De Navarra > Castejón De Ebro > Tafalla > Pamplona/Iruña > Vitoria/Gasteiz > Miranda De Ebro > Burgos Rosa Manzano > Palencia > Leon > Astorga > Bembibre > Ponferrada > O Barco de Valdeorras > A Rua-Petin > San Clodio-Quiroga > Monforte de Lemos > Ourense > Santiago de Compostela > Vilagarcia de Arousa > Pontevedra > Vigo Urzaiz
2026-04-23,00622,LD,Larga Distancia,LD,ALVIA,Par (↓ Sur/Destino),71801,Barcelona-Sants,15100,Leon,13,Barcelona-Sants > Camp Tarragona > Lleida-Pirineus > Zaragoza-Delicias > Tudela De Navarra > Castejón De Ebro > Tafalla > Pamplona/Iruña > Vitoria/Gasteiz > Miranda De Ebro > Burgos Rosa Manzano > Palencia > Leon
2026-04-23,00622,LD,Larga Distancia,LD,ALVIA,Par (↓ Sur/Destino),71801,Barcelona-Sants,04040,Zaragoza-Delicias,4,Barcelona-Sants > Camp Tarragona > Lleida-Pirineus > Zaragoza-Delicias
2026-04-23,00622,LD,Larga Distancia,LD,ALVIA,Par (↓ Sur/Destino),11208,Vitoria/Gasteiz,15100,Leon,5,Vitoria/Gasteiz > Miranda De Ebro > Burgos Rosa Manzano > Palencia > Leon
2026-04-23,00631,LD,Larga Distancia,LD,Intercity,Impar (↑ Norte/Origen),30100,Salamanca,04040,Zaragoza-Delicias,11,Salamanca > Cantalapiedra > Fresno El Viejo > El Carpio > Medina Del Campo > Valladolid > Burgos Rosa Manzano > Miranda De Ebro > Vitoria/Gasteiz > Pamplona/Iruña > Zaragoza-Delicias
2026-04-23,00631,LD,Larga Distancia,LD,Intercity,Impar (↑ Norte/Origen),30100,Salamanca,10600,Valladolid,6,Salamanca > Cantalapiedra > Fresno El Viejo > El Carpio > Medina Del Campo > Valladolid
2026-04-23,00631,LD,Larga Distancia,LD,Intercity,Impar (↑ Norte/Origen),10600,Valladolid,04040,Zaragoza-Delicias,6,Valladolid > Burgos Rosa Manzano > Miranda De Ebro > Vitoria/Gasteiz > Pamplona/Iruña > Zaragoza-Delicias
2026-04-23,00631,LD,Larga Distancia,LD,Intercity,Impar (↑ Norte/Origen),11200,Miranda De Ebro,04040,Zaragoza-Delicias,4,Miranda De Ebro > Vitoria/Gasteiz > Pamplona/Iruña > Zaragoza-Delicias
2026-04-23,00632,LD,Larga Distancia,LD,Intercity,Par (↓ Sur/Destino),04040,Zaragoza-Delicias,30100,Salamanca,12,Zaragoza-Delicias > Pamplona/Iruña > Vitoria/Gasteiz > Miranda De Ebro > Burgos Rosa Manzano > Valladolid > Viana > Valdestillas > Matapozuelos > Pozaldez > Medina Del Campo > Salamanca
2026-04-23,00632,LD,Larga Distancia,LD,Intercity,Par (↓ Sur/Destino),04040,Zaragoza-Delicias,10600,Valladolid,6,Zaragoza-Delicias > Pamplona/Iruña > Vitoria/Gasteiz > Miranda De Ebro > Burgos Rosa Manzano > Valladolid
2026-04-23,00632,LD,Larga Distancia,LD,Intercity,Par (↓ Sur/Destino),10600,Valladolid,30100,Salamanca,7,Valladolid > Viana > Valdestillas > Matapozuelos > Pozaldez > Medina Del Campo > Salamanca
2026-04-23,00632,LD,Larga Distancia,LD,Intercity,Par (↓ Sur/Destino),04040,Zaragoza-Delicias,11200,Miranda De Ebro,4,Zaragoza-Delicias > Pamplona/Iruña > Vitoria/Gasteiz > Miranda De Ebro
2026-04-23,00672,LD,Larga Distancia,LD,ALVIA,Par (↓ Sur/Destino),80100,Pamplona/Iruña,60000,Madrid Pta.Atocha - Almudena Grandes,6,Pamplona/Iruña > Castejón De Ebro > Tudela De Navarra > Calatayud > Guadalajara - Yebes > Madrid Pta.Atocha - Almudena Grandes
2026-04-23,00694,LD,Larga Distancia,LD,ALVIA,Par (↓ Sur/Destino),50500,Cordoba,71801,Barcelona-Sants,18,Cordoba > Linares-Baeza > Vilches > Valdepeñas > Manzanares > Alcazar de San Juan > Socuellamos > Villarrobledo > Albacete-Los Llanos > Xàtiva > Valencia-Estaciò Del Nord > Castelló > Benicarló-Peñíscola > Vinaròs > L'Aldea-Amposta > Cambrils > Camp Tarragona > Barcelona-Sants
2026-04-23,00697,LD,Larga Distancia,LD,ALVIA,Impar (↑ Norte/Origen),71801,Barcelona-Sants,50500,Cordoba,18,Barcelona-Sants > Camp Tarragona > Cambrils > L'Aldea-Amposta > Vinaròs > Benicarló-Peñíscola > Castelló > Valencia-Estaciò Del Nord > Xàtiva > Albacete-Los Llanos > Villarrobledo > Socuellamos > Alcazar de San Juan > Manzanares > Valdepeñas > Vilches > Linares-Baeza > Cordoba
2026-04-23,00752,LD,Larga Distancia,LD,ALVIA,Par (↓ Sur/Destino),81100,Logroño,60000,Madrid Pta.Atocha - Almudena Grandes,7,Logroño > Calahorra > Rincón De Soto > Alfaro > Castejón De Ebro > Tudela De Navarra > Madrid Pta.Atocha - Almudena Grandes
2026-04-23,00752,LD,Larga Distancia,LD,ALVIA,Par (↓ Sur/Destino),81110,Alfaro,60000,Madrid Pta.Atocha - Almudena Grandes,4,Alfaro > Castejón De Ebro > Tudela De Navarra > Madrid Pta.Atocha - Almudena Grandes
2026-04-23,00757,LD,Larga Distancia,LD,ALVIA,Impar (↑ Norte/Origen),60000,Madrid Pta.Atocha - Almudena Grandes,81100,Logroño,6,Madrid Pta.Atocha - Almudena Grandes > Tudela De Navarra > Alfaro > Rincón De Soto > Calahorra > Logroño
2026-04-23,00757,LD,Larga Distancia,LD,ALVIA,Impar (↑ Norte/Origen),60000,Madrid Pta.Atocha - Almudena Grandes,81110,Alfaro,3,Madrid Pta.Atocha - Almudena Grandes > Tudela De Navarra > Alfaro
2026-04-23,00764,LD,Larga Distancia,LD,ALVIA,Par (↓ Sur/Destino),81100,Logroño,60000,Madrid Pta.Atocha - Almudena Grandes,9,Logroño > Calahorra > Rincón De Soto > Alfaro > Castejón De Ebro > Tudela De Navarra > Calatayud > Guadalajara - Yebes > Madrid Pta.Atocha - Almudena Grandes
2026-04-23,00764,LD,Larga Distancia,LD,ALVIA,Par (↓ Sur/Destino),81110,Alfaro,60000,Madrid Pta.Atocha - Almudena Grandes,6,Alfaro > Castejón De Ebro > Tudela De Navarra > Calatayud > Guadalajara - Yebes > Madrid Pta.Atocha - Almudena Grandes
2026-04-23,00772,LD,Larga Distancia,LD,ALVIA,Par (↓ Sur/Destino),81100,Logroño,60000,Madrid Pta.Atocha - Almudena Grandes,9,Logroño > Calahorra > Rincón De Soto > Alfaro > Castejón De Ebro > Tudela De Navarra > Calatayud > Guadalajara - Yebes > Madrid Pta.Atocha - Almudena Grandes
2026-04-23,00772,LD,Larga Distancia,LD,ALVIA,Par (↓ Sur/Destino),81110,Alfaro,60000,Madrid Pta.Atocha - Almudena Grandes,6,Alfaro > Castejón De Ebro > Tudela De Navarra > Calatayud > Guadalajara - Yebes > Madrid Pta.Atocha - Almudena Grandes
2026-04-23,00800,LD,Larga Distancia,LD,ALVIA,Par (↓ Sur/Destino),80100,Pamplona/Iruña,60000,Madrid Pta.Atocha - Almudena Grandes,4,Pamplona/Iruña > Tafalla > Tudela De Navarra > Madrid Pta.Atocha - Almudena Grandes
2026-04-23,00801,LD,Larga Distancia,LD,ALVIA,Impar (↑ Norte/Origen),60000,Madrid Pta.Atocha - Almudena Grandes,80100,Pamplona/Iruña,4,Madrid Pta.Atocha - Almudena Grandes > Tudela De Navarra > Tafalla > Pamplona/Iruña
2026-04-23,00802,LD,Larga Distancia,LD,ALVIA,Par (↓ Sur/Destino),80100,Pamplona/Iruña,60000,Madrid Pta.Atocha - Almudena Grandes,5,Pamplona/Iruña > Tafalla > Castejón De Ebro > Tudela De Navarra > Madrid Pta.Atocha - Almudena Grandes
2026-04-23,00805,LD,Larga Distancia,LD,Intercity,Impar (↑ Norte/Origen),60000,Madrid Pta.Atocha - Almudena Grandes,80100,Pamplona/Iruña,4,Madrid Pta.Atocha - Almudena Grandes > Tudela De Navarra > Tafalla > Pamplona/Iruña
2026-04-23,00808,LD,Larga Distancia,LD,Intercity,Par (↓ Sur/Destino),80100,Pamplona/Iruña,60000,Madrid Pta.Atocha - Almudena Grandes,4,Pamplona/Iruña > Tafalla > Tudela De Navarra > Madrid Pta.Atocha - Almudena Grandes
2026-04-23,01071,LD,Larga Distancia,LD,EUROMED,Impar (↑ Norte/Origen),71801,Barcelona-Sants,60911,Alicante/Alacant,5,Barcelona-Sants > Camp Tarragona > Castelló > Valencia-Estaciò Del Nord > Alicante/Alacant
2026-04-23,01072,LD,Larga Distancia,LD,Intercity,Par (↓ Sur/Destino),65000,Valencia-Estaciò Del Nord,71801,Barcelona-Sants,4,Valencia-Estaciò Del Nord > Castelló > Camp Tarragona > Barcelona-Sants
2026-04-23,01081,LD,Larga Distancia,LD,EUROMED,Impar (↑ Norte/Origen),04307,Figueres Vilafant,65000,Valencia-Estaciò Del Nord,6,Figueres Vilafant > Girona > Barcelona-Sants > Camp Tarragona > Castelló > Valencia-Estaciò Del Nord
2026-04-23,01081,LD,Larga Distancia,LD,EUROMED,Impar (↑ Norte/Origen),71801,Barcelona-Sants,65000,Valencia-Estaciò Del Nord,4,Barcelona-Sants > Camp Tarragona > Castelló > Valencia-Estaciò Del Nord
2026-04-23,01092,LD,Larga Distancia,LD,EUROMED,Par (↓ Sur/Destino),60911,Alicante/Alacant,71801,Barcelona-Sants,5,Alicante/Alacant > Valencia-Estaciò Del Nord > Castelló > Camp Tarragona > Barcelona-Sants
2026-04-23,01101,LD,Larga Distancia,LD,EUROMED,Impar (↑ Norte/Origen),04307,Figueres Vilafant,60911,Alicante/Alacant,7,Figueres Vilafant > Girona > Barcelona-Sants > Camp Tarragona > Castelló > Valencia-Estaciò Del Nord > Alicante/Alacant
2026-04-23,01101,LD,Larga Distancia,LD,EUROMED,Impar (↑ Norte/Origen),71801,Barcelona-Sants,60911,Alicante/Alacant,5,Barcelona-Sants > Camp Tarragona > Castelló > Valencia-Estaciò Del Nord > Alicante/Alacant
2026-04-23,01101,LD,Larga Distancia,LD,EUROMED,Impar (↑ Norte/Origen),04307,Figueres Vilafant,65000,Valencia-Estaciò Del Nord,6,Figueres Vilafant > Girona > Barcelona-Sants > Camp Tarragona > Castelló > Valencia-Estaciò Del Nord
2026-04-23,01112,LD,Larga Distancia,LD,EUROMED,Par (↓ Sur/Destino),60911,Alicante/Alacant,71801,Barcelona-Sants,5,Alicante/Alacant > Valencia-Estaciò Del Nord > Castelló > Camp Tarragona > Barcelona-Sants
2026-04-23,01112,LD,Larga Distancia,LD,EUROMED,Par (↓ Sur/Destino),65000,Valencia-Estaciò Del Nord,71801,Barcelona-Sants,4,Valencia-Estaciò Del Nord > Castelló > Camp Tarragona > Barcelona-Sants
2026-04-23,01131,LD,Larga Distancia,LD,Intercity,Impar (↑ Norte/Origen),71801,Barcelona-Sants,65000,Valencia-Estaciò Del Nord,9,Barcelona-Sants > Tarragona > L'Aldea-Amposta > Vinaròs > Benicarló-Peñíscola > Orpesa/Oropesa Del Mar > Castelló > Sagunt/Sagunto > Valencia-Estaciò Del Nord
2026-04-23,01152,LD,Larga Distancia,LD,EUROMED,Par (↓ Sur/Destino),65000,Valencia-Estaciò Del Nord,71801,Barcelona-Sants,4,Valencia-Estaciò Del Nord > Castelló > Camp Tarragona > Barcelona-Sants
2026-04-23,01152,LD,Larga Distancia,LD,EUROMED,Par (↓ Sur/Destino),65000,Valencia-Estaciò Del Nord,04307,Figueres Vilafant,6,Valencia-Estaciò Del Nord > Castelló > Camp Tarragona > Barcelona-Sants > Girona > Figueres Vilafant
2026-04-23,01161,LD,Larga Distancia,LD,EUROMED,Impar (↑ Norte/Origen),71801,Barcelona-Sants,60911,Alicante/Alacant,5,Barcelona-Sants > Camp Tarragona > Castelló > Valencia-Estaciò Del Nord > Alicante/Alacant
2026-04-23,01161,LD,Larga Distancia,LD,EUROMED,Impar (↑ Norte/Origen),71801,Barcelona-Sants,65000,Valencia-Estaciò Del Nord,4,Barcelona-Sants > Camp Tarragona > Castelló > Valencia-Estaciò Del Nord
2026-04-23,01162,LD,Larga Distancia,LD,EUROMED,Par (↓ Sur/Destino),60911,Alicante/Alacant,71801,Barcelona-Sants,5,Alicante/Alacant > Valencia-Estaciò Del Nord > Castelló > Camp Tarragona > Barcelona-Sants
2026-04-23,01181,LD,Larga Distancia,LD,EUROMED,Impar (↑ Norte/Origen),71801,Barcelona-Sants,60911,Alicante/Alacant,5,Barcelona-Sants > Camp Tarragona > Castelló > Valencia-Estaciò Del Nord > Alicante/Alacant
2026-04-23,01182,LD,Larga Distancia,LD,EUROMED,Par (↓ Sur/Destino),65000,Valencia-Estaciò Del Nord,71801,Barcelona-Sants,4,Valencia-Estaciò Del Nord > Castelló > Camp Tarragona > Barcelona-Sants
2026-04-23,01192,LD,Larga Distancia,LD,EUROMED,Par (↓ Sur/Destino),60911,Alicante/Alacant,71801,Barcelona-Sants,5,Alicante/Alacant > Valencia-Estaciò Del Nord > Castelló > Camp Tarragona > Barcelona-Sants
2026-04-23,01201,LD,Larga Distancia,LD,Intercity,Impar (↑ Norte/Origen),71801,Barcelona-Sants,65000,Valencia-Estaciò Del Nord,4,Barcelona-Sants > Camp Tarragona > Castelló > Valencia-Estaciò Del Nord
2026-04-23,01371,LD,Larga Distancia,LD,Intercity,Impar (↑ Norte/Origen),71801,Barcelona-Sants,60911,Alicante/Alacant,15,Barcelona-Sants > Camp Tarragona > Cambrils > L'Aldea-Amposta > Vinaròs > Benicarló-Peñíscola > Orpesa/Oropesa Del Mar > Benicàssim > Castelló > Sagunt/Sagunto > Valencia-Estaciò Del Nord > Xàtiva > Villena > Elda-Petrer > Alicante/Alacant
2026-04-23,01382,LD,Larga Distancia,LD,Intercity,Par (↓ Sur/Destino),65000,Valencia-Estaciò Del Nord,71801,Barcelona-Sants,4,Valencia-Estaciò Del Nord > Castelló > Tarragona > Barcelona-Sants
2026-04-23,01402,LD,Larga Distancia,LD,Intercity,Par (↓ Sur/Destino),60911,Alicante/Alacant,71801,Barcelona-Sants,15,Alicante/Alacant > Elda-Petrer > Villena > Xàtiva > Valencia-Estaciò Del Nord > Sagunt/Sagunto > Castelló > Benicàssim > Orpesa/Oropesa Del Mar > Benicarló-Peñíscola > Vinaròs > L'Aldea-Amposta > Cambrils > Camp Tarragona > Barcelona-Sants
2026-04-23,01460,LD,Larga Distancia,LD,Intercity,Par (↓ Sur/Destino),61307,Cartagena,65000,Valencia-Estaciò Del Nord,11,Cartagena > Torre-Pacheco > Balsicas-Mar Menor > Murcia > Orihuela-Miguel Hernández > Elche Parque/Elx Parc > Alicante/Alacant > Elda-Petrer > Villena > Xàtiva > Valencia-Estaciò Del Nord
2026-04-23,01460,LD,Larga Distancia,LD,Intercity,Par (↓ Sur/Destino),06006,Lorca Sutullena,65000,Valencia-Estaciò Del Nord,11,Lorca Sutullena > Totana > Alhama de Murcia > Murcia > Orihuela-Miguel Hernández > Elche Parque/Elx Parc > Alicante/Alacant > Elda-Petrer > Villena > Xàtiva > Valencia-Estaciò Del Nord
2026-04-23,01460,LD,Larga Distancia,LD,Intercity,Par (↓ Sur/Destino),61200,Murcia,65000,Valencia-Estaciò Del Nord,8,Murcia > Orihuela-Miguel Hernández > Elche Parque/Elx Parc > Alicante/Alacant > Elda-Petrer > Villena > Xàtiva > Valencia-Estaciò Del Nord
2026-04-23,01463,LD,Larga Distancia,LD,Intercity,Impar (↑ Norte/Origen),65000,Valencia-Estaciò Del Nord,61307,Cartagena,11,Valencia-Estaciò Del Nord > Xàtiva > Villena > Elda-Petrer > Alicante/Alacant > Elche Parque/Elx Parc > Orihuela-Miguel Hernández > Murcia > Balsicas-Mar Menor > Torre-Pacheco > Cartagena
2026-04-23,01463,LD,Larga Distancia,LD,Intercity,Impar (↑ Norte/Origen),65000,Valencia-Estaciò Del Nord,06006,Lorca Sutullena,11,Valencia-Estaciò Del Nord > Xàtiva > Villena > Elda-Petrer > Alicante/Alacant > Elche Parque/Elx Parc > Orihuela-Miguel Hernández > Murcia > Alhama de Murcia > Totana > Lorca Sutullena
2026-04-23,01463,LD,Larga Distancia,LD,Intercity,Impar (↑ Norte/Origen),65000,Valencia-Estaciò Del Nord,61200,Murcia,8,Valencia-Estaciò Del Nord > Xàtiva > Villena > Elda-Petrer > Alicante/Alacant > Elche Parque/Elx Parc > Orihuela-Miguel Hernández > Murcia
2026-04-23,02061,AV,AVE / Alta Velocidad LD,LAV Sur,AVE,Impar (↑ Norte/Origen),51003,Sevilla-Santa Justa,60000,Madrid Pta.Atocha - Almudena Grandes,5,Sevilla-Santa Justa > Cordoba > Puertollano > Ciudad Real > Madrid Pta.Atocha - Almudena Grandes
2026-04-23,02063,AV,AVE / Alta Velocidad LD,LAV Sur,AVE,Impar (↑ Norte/Origen),54413,Malaga Maria Zambrano,60000,Madrid Pta.Atocha - Almudena Grandes,8,Malaga Maria Zambrano > Antequera-Santa Ana > Puente Genil-Herrera > Cordoba > Villanueva de Cordoba-Los Pedroches > Puertollano > Ciudad Real > Madrid Pta.Atocha - Almudena Grandes
2026-04-23,02067,AV,AVE / Alta Velocidad LD,LAV Sur,AVE,Impar (↑ Norte/Origen),05000,Granada,60000,Madrid Pta.Atocha - Almudena Grandes,5,Granada > Loja > Antequera AV > Cordoba > Madrid Pta.Atocha - Almudena Grandes
2026-04-23,02070,AV,AVE / Alta Velocidad LD,LAV Sur,AVE,Par (↓ Sur/Destino),60000,Madrid Pta.Atocha - Almudena Grandes,51003,Sevilla-Santa Justa,5,Madrid Pta.Atocha - Almudena Grandes > Ciudad Real > Puertollano > Cordoba > Sevilla-Santa Justa
2026-04-23,02071,AV,AVE / Alta Velocidad LD,LAV Sur,AVE,Impar (↑ Norte/Origen),51003,Sevilla-Santa Justa,60000,Madrid Pta.Atocha - Almudena Grandes,5,Sevilla-Santa Justa > Cordoba > Puertollano > Ciudad Real > Madrid Pta.Atocha - Almudena Grandes
2026-04-23,02072,AV,AVE / Alta Velocidad LD,LAV Sur,AVE,Par (↓ Sur/Destino),60000,Madrid Pta.Atocha - Almudena Grandes,54413,Malaga Maria Zambrano,5,Madrid Pta.Atocha - Almudena Grandes > Cordoba > Puente Genil-Herrera > Antequera-Santa Ana > Malaga Maria Zambrano
2026-04-23,02073,AV,AVE / Alta Velocidad LD,LAV Sur,AVE,Impar (↑ Norte/Origen),54413,Malaga Maria Zambrano,60000,Madrid Pta.Atocha - Almudena Grandes,2,Malaga Maria Zambrano > Madrid Pta.Atocha - Almudena Grandes
2026-04-23,02074,AV,AVE / Alta Velocidad LD,LAV Sur,ALVIA,Par (↓ Sur/Destino),60000,Madrid Pta.Atocha - Almudena Grandes,51405,Cádiz,9,Madrid Pta.Atocha - Almudena Grandes > Ciudad Real > Puertollano > Cordoba > Sevilla-Santa Justa > Jerez De La Frontera > Puerto De Santa María > San Fernando-Bahía Sur > Cádiz
2026-04-23,02075,AV,AVE / Alta Velocidad LD,LAV Sur,ALVIA,Impar (↑ Norte/Origen),51405,Cádiz,60000,Madrid Pta.Atocha - Almudena Grandes,9,Cádiz > San Fernando-Bahía Sur > Puerto De Santa María > Jerez De La Frontera > Sevilla-Santa Justa > Cordoba > Puertollano > Ciudad Real > Madrid Pta.Atocha - Almudena Grandes
2026-04-23,02076,AV,AVE / Alta Velocidad LD,LAV Sur,AVE,Par (↓ Sur/Destino),60000,Madrid Pta.Atocha - Almudena Grandes,05000,Granada,6,Madrid Pta.Atocha - Almudena Grandes > Cordoba > Puente Genil-Herrera > Antequera-Santa Ana > Antequera AV > Granada
2026-04-23,02077,AV,AVE / Alta Velocidad LD,LAV Sur,AVE,Impar (↑ Norte/Origen),05000,Granada,60000,Madrid Pta.Atocha - Almudena Grandes,6,Granada > Loja > Antequera AV > Antequera-Santa Ana > Cordoba > Madrid Pta.Atocha - Almudena Grandes
2026-04-23,02080,AV,AVE / Alta Velocidad LD,LAV Sur,AVE,Par (↓ Sur/Destino),60000,Madrid Pta.Atocha - Almudena Grandes,51003,Sevilla-Santa Justa,3,Madrid Pta.Atocha - Almudena Grandes > Cordoba > Sevilla-Santa Justa
2026-04-23,02081,AV,AVE / Alta Velocidad LD,LAV Sur,AVE,Impar (↑ Norte/Origen),51003,Sevilla-Santa Justa,60000,Madrid Pta.Atocha - Almudena Grandes,3,Sevilla-Santa Justa > Cordoba > Madrid Pta.Atocha - Almudena Grandes
2026-04-23,02082,AV,AVE / Alta Velocidad LD,LAV Sur,AVE,Par (↓ Sur/Destino),60000,Madrid Pta.Atocha - Almudena Grandes,54413,Malaga Maria Zambrano,3,Madrid Pta.Atocha - Almudena Grandes > Cordoba > Malaga Maria Zambrano
2026-04-23,02083,AV,AVE / Alta Velocidad LD,LAV Sur,AVE,Impar (↑ Norte/Origen),54413,Malaga Maria Zambrano,60000,Madrid Pta.Atocha - Almudena Grandes,3,Malaga Maria Zambrano > Cordoba > Madrid Pta.Atocha - Almudena Grandes
2026-04-23,02087,AV,AVE / Alta Velocidad LD,LAV Sur,ALVIA,Impar (↑ Norte/Origen),56312,Almeria,60000,Madrid Pta.Atocha - Almudena Grandes,7,Almeria > Huercal-Viator > Guadix > Granada > Antequera AV > Cordoba > Madrid Pta.Atocha - Almudena Grandes
2026-04-23,02087,AV,AVE / Alta Velocidad LD,LAV Sur,ALVIA,Impar (↑ Norte/Origen),05000,Granada,60000,Madrid Pta.Atocha - Almudena Grandes,4,Granada > Antequera AV > Cordoba > Madrid Pta.Atocha - Almudena Grandes
2026-04-23,02091,AV,AVE / Alta Velocidad LD,LAV Sur,AVE,Impar (↑ Norte/Origen),51003,Sevilla-Santa Justa,60000,Madrid Pta.Atocha - Almudena Grandes,3,Sevilla-Santa Justa > Cordoba > Madrid Pta.Atocha - Almudena Grandes
2026-04-23,02092,AV,AVE / Alta Velocidad LD,LAV Sur,AVE,Par (↓ Sur/Destino),60000,Madrid Pta.Atocha - Almudena Grandes,54413,Malaga Maria Zambrano,4,Madrid Pta.Atocha - Almudena Grandes > Cordoba > Antequera-Santa Ana > Malaga Maria Zambrano
2026-04-23,02093,AV,AVE / Alta Velocidad LD,LAV Sur,AVE,Impar (↑ Norte/Origen),54413,Malaga Maria Zambrano,60000,Madrid Pta.Atocha - Almudena Grandes,7,Malaga Maria Zambrano > Antequera-Santa Ana > Puente Genil-Herrera > Cordoba > Puertollano > Ciudad Real > Madrid Pta.Atocha - Almudena Grandes
2026-04-23,02096,AV,AVE / Alta Velocidad LD,LAV Sur,AVLO,Par (↓ Sur/Destino),60000,Madrid Pta.Atocha - Almudena Grandes,51003,Sevilla-Santa Justa,6,Madrid Pta.Atocha - Almudena Grandes > Ciudad Real > Puertollano > Villanueva de Cordoba-Los Pedroches > Cordoba > Sevilla-Santa Justa
2026-04-23,02100,AV,AVE / Alta Velocidad LD,LAV Sur,AVE,Par (↓ Sur/Destino),60000,Madrid Pta.Atocha - Almudena Grandes,51003,Sevilla-Santa Justa,3,Madrid Pta.Atocha - Almudena Grandes > Cordoba > Sevilla-Santa Justa
2026-04-23,02101,AV,AVE / Alta Velocidad LD,LAV Sur,AVE,Impar (↑ Norte/Origen),51003,Sevilla-Santa Justa,60000,Madrid Pta.Atocha - Almudena Grandes,3,Sevilla-Santa Justa > Cordoba > Madrid Pta.Atocha - Almudena Grandes
2026-04-23,02104,AV,AVE / Alta Velocidad LD,LAV Sur,ALVIA,Par (↓ Sur/Destino),60000,Madrid Pta.Atocha - Almudena Grandes,51405,Cádiz,6,Madrid Pta.Atocha - Almudena Grandes > Sevilla-Santa Justa > Jerez De La Frontera > Puerto De Santa María > San Fernando-Bahía Sur > Cádiz
2026-04-23,02108,AV,AVE / Alta Velocidad LD,LAV Sur,AVLO,Par (↓ Sur/Destino),60000,Madrid Pta.Atocha - Almudena Grandes,54413,Malaga Maria Zambrano,8,Madrid Pta.Atocha - Almudena Grandes > Ciudad Real > Puertollano > Villanueva de Cordoba-Los Pedroches > Cordoba > Puente Genil-Herrera > Antequera-Santa Ana > Malaga Maria Zambrano
2026-04-23,02109,AV,AVE / Alta Velocidad LD,LAV Sur,AVLO,Impar (↑ Norte/Origen),54413,Malaga Maria Zambrano,60000,Madrid Pta.Atocha - Almudena Grandes,8,Malaga Maria Zambrano > Antequera-Santa Ana > Puente Genil-Herrera > Cordoba > Villanueva de Cordoba-Los Pedroches > Puertollano > Ciudad Real > Madrid Pta.Atocha - Almudena Grandes
2026-04-23,02110,AV,AVE / Alta Velocidad LD,LAV Sur,AVE,Par (↓ Sur/Destino),60000,Madrid Pta.Atocha - Almudena Grandes,51003,Sevilla-Santa Justa,3,Madrid Pta.Atocha - Almudena Grandes > Cordoba > Sevilla-Santa Justa
2026-04-23,02111,AV,AVE / Alta Velocidad LD,LAV Sur,AVE,Impar (↑ Norte/Origen),51003,Sevilla-Santa Justa,60000,Madrid Pta.Atocha - Almudena Grandes,3,Sevilla-Santa Justa > Cordoba > Madrid Pta.Atocha - Almudena Grandes
2026-04-23,02112,AV,AVE / Alta Velocidad LD,LAV Sur,AVE,Par (↓ Sur/Destino),60000,Madrid Pta.Atocha - Almudena Grandes,54413,Malaga Maria Zambrano,3,Madrid Pta.Atocha - Almudena Grandes > Cordoba > Malaga Maria Zambrano
2026-04-23,02120,AV,AVE / Alta Velocidad LD,LAV Sur,AVE,Par (↓ Sur/Destino),60000,Madrid Pta.Atocha - Almudena Grandes,51003,Sevilla-Santa Justa,3,Madrid Pta.Atocha - Almudena Grandes > Cordoba > Sevilla-Santa Justa
2026-04-23,02121,AV,AVE / Alta Velocidad LD,LAV Sur,AVE,Impar (↑ Norte/Origen),51003,Sevilla-Santa Justa,60000,Madrid Pta.Atocha - Almudena Grandes,3,Sevilla-Santa Justa > Cordoba > Madrid Pta.Atocha - Almudena Grandes
2026-04-23,02122,AV,AVE / Alta Velocidad LD,LAV Sur,AVE,Par (↓ Sur/Destino),60000,Madrid Pta.Atocha - Almudena Grandes,54413,Malaga Maria Zambrano,3,Madrid Pta.Atocha - Almudena Grandes > Cordoba > Malaga Maria Zambrano
2026-04-23,02123,AV,AVE / Alta Velocidad LD,LAV Sur,AVE,Impar (↑ Norte/Origen),54413,Malaga Maria Zambrano,60000,Madrid Pta.Atocha - Almudena Grandes,3,Malaga Maria Zambrano > Cordoba > Madrid Pta.Atocha - Almudena Grandes
2026-04-23,02124,AV,AVE / Alta Velocidad LD,LAV Sur,ALVIA,Par (↓ Sur/Destino),60000,Madrid Pta.Atocha - Almudena Grandes,51405,Cádiz,9,Madrid Pta.Atocha - Almudena Grandes > Ciudad Real > Puertollano > Cordoba > Sevilla-Santa Justa > Jerez De La Frontera > Puerto De Santa María > San Fernando-Bahía Sur > Cádiz
2026-04-23,02130,AV,AVE / Alta Velocidad LD,LAV Sur,AVE,Par (↓ Sur/Destino),60000,Madrid Pta.Atocha - Almudena Grandes,51003,Sevilla-Santa Justa,3,Madrid Pta.Atocha - Almudena Grandes > Cordoba > Sevilla-Santa Justa
2026-04-23,02133,AV,AVE / Alta Velocidad LD,LAV Sur,AVE,Impar (↑ Norte/Origen),54413,Malaga Maria Zambrano,60000,Madrid Pta.Atocha - Almudena Grandes,3,Malaga Maria Zambrano > Cordoba > Madrid Pta.Atocha - Almudena Grandes
2026-04-23,02135,AV,AVE / Alta Velocidad LD,LAV Sur,ALVIA,Impar (↑ Norte/Origen),51405,Cádiz,60000,Madrid Pta.Atocha - Almudena Grandes,9,Cádiz > San Fernando-Bahía Sur > Puerto De Santa María > Jerez De La Frontera > Sevilla-Santa Justa > Cordoba > Puertollano > Ciudad Real > Madrid Pta.Atocha - Almudena Grandes
2026-04-23,02136,AV,AVE / Alta Velocidad LD,LAV Sur,AVE,Par (↓ Sur/Destino),60000,Madrid Pta.Atocha - Almudena Grandes,05000,Granada,5,Madrid Pta.Atocha - Almudena Grandes > Cordoba > Antequera-Santa Ana > Antequera AV > Granada
2026-04-23,02137,AV,AVE / Alta Velocidad LD,LAV Sur,AVLO,Impar (↑ Norte/Origen),51003,Sevilla-Santa Justa,60000,Madrid Pta.Atocha - Almudena Grandes,6,Sevilla-Santa Justa > Cordoba > Villanueva de Cordoba-Los Pedroches > Puertollano > Ciudad Real > Madrid Pta.Atocha - Almudena Grandes
2026-04-23,02140,AV,AVE / Alta Velocidad LD,LAV Sur,AVE,Par (↓ Sur/Destino),60000,Madrid Pta.Atocha - Almudena Grandes,51003,Sevilla-Santa Justa,3,Madrid Pta.Atocha - Almudena Grandes > Cordoba > Sevilla-Santa Justa
2026-04-23,02141,AV,AVE / Alta Velocidad LD,LAV Sur,AVE,Impar (↑ Norte/Origen),51003,Sevilla-Santa Justa,60000,Madrid Pta.Atocha - Almudena Grandes,3,Sevilla-Santa Justa > Cordoba > Madrid Pta.Atocha - Almudena Grandes
2026-04-23,02142,AV,AVE / Alta Velocidad LD,LAV Sur,AVE,Par (↓ Sur/Destino),60000,Madrid Pta.Atocha - Almudena Grandes,54413,Malaga Maria Zambrano,3,Madrid Pta.Atocha - Almudena Grandes > Cordoba > Malaga Maria Zambrano
2026-04-23,02149,AV,AVE / Alta Velocidad LD,LAV Sur,AVLO,Impar (↑ Norte/Origen),54413,Malaga Maria Zambrano,60000,Madrid Pta.Atocha - Almudena Grandes,8,Malaga Maria Zambrano > Antequera-Santa Ana > Puente Genil-Herrera > Cordoba > Villanueva de Cordoba-Los Pedroches > Puertollano > Ciudad Real > Madrid Pta.Atocha - Almudena Grandes
2026-04-23,02151,AV,AVE / Alta Velocidad LD,LAV Sur,AVE,Impar (↑ Norte/Origen),51003,Sevilla-Santa Justa,60000,Madrid Pta.Atocha - Almudena Grandes,2,Sevilla-Santa Justa > Madrid Pta.Atocha - Almudena Grandes
2026-04-23,02152,AV,AVE / Alta Velocidad LD,LAV Sur,AVE,Par (↓ Sur/Destino),60000,Madrid Pta.Atocha - Almudena Grandes,54413,Malaga Maria Zambrano,2,Madrid Pta.Atocha - Almudena Grandes > Malaga Maria Zambrano
2026-04-23,02153,AV,AVE / Alta Velocidad LD,LAV Sur,AVE,Impar (↑ Norte/Origen),54413,Malaga Maria Zambrano,60000,Madrid Pta.Atocha - Almudena Grandes,3,Malaga Maria Zambrano > Cordoba > Madrid Pta.Atocha - Almudena Grandes
2026-04-23,02156,AV,AVE / Alta Velocidad LD,LAV Sur,AVLO,Par (↓ Sur/Destino),60000,Madrid Pta.Atocha - Almudena Grandes,51003,Sevilla-Santa Justa,6,Madrid Pta.Atocha - Almudena Grandes > Ciudad Real > Puertollano > Villanueva de Cordoba-Los Pedroches > Cordoba > Sevilla-Santa Justa
2026-04-23,02160,AV,AVE / Alta Velocidad LD,LAV Sur,AVE,Par (↓ Sur/Destino),60000,Madrid Pta.Atocha - Almudena Grandes,51003,Sevilla-Santa Justa,3,Madrid Pta.Atocha - Almudena Grandes > Cordoba > Sevilla-Santa Justa
2026-04-23,02161,AV,AVE / Alta Velocidad LD,LAV Sur,AVE,Impar (↑ Norte/Origen),51003,Sevilla-Santa Justa,60000,Madrid Pta.Atocha - Almudena Grandes,3,Sevilla-Santa Justa > Cordoba > Madrid Pta.Atocha - Almudena Grandes
2026-04-23,02162,AV,AVE / Alta Velocidad LD,LAV Sur,AVE,Par (↓ Sur/Destino),60000,Madrid Pta.Atocha - Almudena Grandes,54413,Malaga Maria Zambrano,7,Madrid Pta.Atocha - Almudena Grandes > Ciudad Real > Puertollano > Cordoba > Puente Genil-Herrera > Antequera-Santa Ana > Malaga Maria Zambrano
2026-04-23,02163,AV,AVE / Alta Velocidad LD,LAV Sur,AVE,Impar (↑ Norte/Origen),54413,Malaga Maria Zambrano,60000,Madrid Pta.Atocha - Almudena Grandes,4,Malaga Maria Zambrano > Antequera-Santa Ana > Cordoba > Madrid Pta.Atocha - Almudena Grandes
2026-04-23,02164,AV,AVE / Alta Velocidad LD,LAV Sur,ALVIA,Par (↓ Sur/Destino),60000,Madrid Pta.Atocha - Almudena Grandes,51405,Cádiz,5,Madrid Pta.Atocha - Almudena Grandes > Jerez De La Frontera > Puerto De Santa María > San Fernando-Bahía Sur > Cádiz
2026-04-23,02165,AV,AVE / Alta Velocidad LD,LAV Sur,ALVIA,Impar (↑ Norte/Origen),51405,Cádiz,60000,Madrid Pta.Atocha - Almudena Grandes,6,Cádiz > San Fernando-Bahía Sur > Puerto De Santa María > Jerez De La Frontera > Sevilla-Santa Justa > Madrid Pta.Atocha - Almudena Grandes
2026-04-23,02167,AV,AVE / Alta Velocidad LD,LAV Sur,AVE,Impar (↑ Norte/Origen),05000,Granada,60000,Madrid Pta.Atocha - Almudena Grandes,5,Granada > Antequera AV > Antequera-Santa Ana > Cordoba > Madrid Pta.Atocha - Almudena Grandes
2026-04-23,02171,AV,AVE / Alta Velocidad LD,LAV Sur,AVE,Impar (↑ Norte/Origen),51003,Sevilla-Santa Justa,60000,Madrid Pta.Atocha - Almudena Grandes,3,Sevilla-Santa Justa > Cordoba > Madrid Pta.Atocha - Almudena Grandes
2026-04-23,02172,AV,AVE / Alta Velocidad LD,LAV Sur,AVE,Par (↓ Sur/Destino),60000,Madrid Pta.Atocha - Almudena Grandes,54413,Malaga Maria Zambrano,2,Madrid Pta.Atocha - Almudena Grandes > Malaga Maria Zambrano
2026-04-23,02173,AV,AVE / Alta Velocidad LD,LAV Sur,AVE,Impar (↑ Norte/Origen),54413,Malaga Maria Zambrano,60000,Madrid Pta.Atocha - Almudena Grandes,2,Malaga Maria Zambrano > Madrid Pta.Atocha - Almudena Grandes
2026-04-23,02175,AV,AVE / Alta Velocidad LD,LAV Sur,ALVIA,Impar (↑ Norte/Origen),51405,Cádiz,60000,Madrid Pta.Atocha - Almudena Grandes,5,Cádiz > San Fernando-Bahía Sur > Puerto De Santa María > Jerez De La Frontera > Madrid Pta.Atocha - Almudena Grandes
2026-04-23,02176,AV,AVE / Alta Velocidad LD,LAV Sur,AVLO,Par (↓ Sur/Destino),60000,Madrid Pta.Atocha - Almudena Grandes,51003,Sevilla-Santa Justa,6,Madrid Pta.Atocha - Almudena Grandes > Ciudad Real > Puertollano > Villanueva de Cordoba-Los Pedroches > Cordoba > Sevilla-Santa Justa
2026-04-23,02180,AV,AVE / Alta Velocidad LD,LAV Sur,AVE,Par (↓ Sur/Destino),60000,Madrid Pta.Atocha - Almudena Grandes,51003,Sevilla-Santa Justa,3,Madrid Pta.Atocha - Almudena Grandes > Cordoba > Sevilla-Santa Justa
2026-04-23,02183,AV,AVE / Alta Velocidad LD,LAV Sur,AVE,Impar (↑ Norte/Origen),54413,Malaga Maria Zambrano,60000,Madrid Pta.Atocha - Almudena Grandes,3,Malaga Maria Zambrano > Cordoba > Madrid Pta.Atocha - Almudena Grandes
2026-04-23,02187,AV,AVE / Alta Velocidad LD,LAV Sur,AVLO,Impar (↑ Norte/Origen),51003,Sevilla-Santa Justa,60000,Madrid Pta.Atocha - Almudena Grandes,6,Sevilla-Santa Justa > Cordoba > Villanueva de Cordoba-Los Pedroches > Puertollano > Ciudad Real > Madrid Pta.Atocha - Almudena Grandes
2026-04-23,02188,AV,AVE / Alta Velocidad LD,LAV Sur,AVLO,Par (↓ Sur/Destino),60000,Madrid Pta.Atocha - Almudena Grandes,54413,Malaga Maria Zambrano,8,Madrid Pta.Atocha - Almudena Grandes > Ciudad Real > Puertollano > Villanueva de Cordoba-Los Pedroches > Cordoba > Puente Genil-Herrera > Antequera-Santa Ana > Malaga Maria Zambrano
2026-04-23,02190,AV,AVE / Alta Velocidad LD,LAV Sur,AVE,Par (↓ Sur/Destino),60000,Madrid Pta.Atocha - Almudena Grandes,51003,Sevilla-Santa Justa,3,Madrid Pta.Atocha - Almudena Grandes > Cordoba > Sevilla-Santa Justa
2026-04-23,02191,AV,AVE / Alta Velocidad LD,LAV Sur,AVE,Impar (↑ Norte/Origen),51003,Sevilla-Santa Justa,60000,Madrid Pta.Atocha - Almudena Grandes,3,Sevilla-Santa Justa > Cordoba > Madrid Pta.Atocha - Almudena Grandes
2026-04-23,02192,AV,AVE / Alta Velocidad LD,LAV Sur,AVE,Par (↓ Sur/Destino),60000,Madrid Pta.Atocha - Almudena Grandes,54413,Malaga Maria Zambrano,3,Madrid Pta.Atocha - Almudena Grandes > Cordoba > Malaga Maria Zambrano
2026-04-23,02193,AV,AVE / Alta Velocidad LD,LAV Sur,AVE,Impar (↑ Norte/Origen),54413,Malaga Maria Zambrano,60000,Madrid Pta.Atocha - Almudena Grandes,5,Malaga Maria Zambrano > Antequera-Santa Ana > Puente Genil-Herrera > Cordoba > Madrid Pta.Atocha - Almudena Grandes
2026-04-23,02196,AV,AVE / Alta Velocidad LD,LAV Sur,AVE,Par (↓ Sur/Destino),60000,Madrid Pta.Atocha - Almudena Grandes,05000,Granada,5,Madrid Pta.Atocha - Almudena Grandes > Cordoba > Antequera AV > Loja > Granada
2026-04-23,02197,AV,AVE / Alta Velocidad LD,LAV Sur,AVE,Impar (↑ Norte/Origen),05000,Granada,60000,Madrid Pta.Atocha - Almudena Grandes,6,Granada > Antequera AV > Antequera-Santa Ana > Puente Genil-Herrera > Cordoba > Madrid Pta.Atocha - Almudena Grandes
2026-04-23,02200,AV,AVE / Alta Velocidad LD,LAV Sur,AVE,Par (↓ Sur/Destino),60000,Madrid Pta.Atocha - Almudena Grandes,51003,Sevilla-Santa Justa,3,Madrid Pta.Atocha - Almudena Grandes > Cordoba > Sevilla-Santa Justa
2026-04-23,02202,AV,AVE / Alta Velocidad LD,LAV Sur,AVE,Par (↓ Sur/Destino),60000,Madrid Pta.Atocha - Almudena Grandes,54413,Malaga Maria Zambrano,5,Madrid Pta.Atocha - Almudena Grandes > Cordoba > Puente Genil-Herrera > Antequera-Santa Ana > Malaga Maria Zambrano
2026-04-23,02203,AV,AVE / Alta Velocidad LD,LAV Sur,AVE,Impar (↑ Norte/Origen),54413,Malaga Maria Zambrano,60000,Madrid Pta.Atocha - Almudena Grandes,5,Malaga Maria Zambrano > Cordoba > Puertollano > Ciudad Real > Madrid Pta.Atocha - Almudena Grandes
2026-04-23,02210,AV,AVE / Alta Velocidad LD,LAV Sur,AVE,Par (↓ Sur/Destino),60000,Madrid Pta.Atocha - Almudena Grandes,51003,Sevilla-Santa Justa,5,Madrid Pta.Atocha - Almudena Grandes > Ciudad Real > Puertollano > Cordoba > Sevilla-Santa Justa
2026-04-23,02212,AV,AVE / Alta Velocidad LD,LAV Sur,AVE,Par (↓ Sur/Destino),60000,Madrid Pta.Atocha - Almudena Grandes,54413,Malaga Maria Zambrano,3,Madrid Pta.Atocha - Almudena Grandes > Cordoba > Malaga Maria Zambrano
2026-04-23,02213,AV,AVE / Alta Velocidad LD,LAV Sur,AVE,Impar (↑ Norte/Origen),54413,Malaga Maria Zambrano,60000,Madrid Pta.Atocha - Almudena Grandes,3,Malaga Maria Zambrano > Cordoba > Madrid Pta.Atocha - Almudena Grandes
2026-04-23,02217,AV,AVE / Alta Velocidad LD,LAV Sur,AVLO,Impar (↑ Norte/Origen),51003,Sevilla-Santa Justa,60000,Madrid Pta.Atocha - Almudena Grandes,6,Sevilla-Santa Justa > Cordoba > Villanueva de Cordoba-Los Pedroches > Puertollano > Ciudad Real > Madrid Pta.Atocha - Almudena Grandes
2026-04-23,02261,AV,AVE / Alta Velocidad LD,LAV Sur,AVE,Impar (↑ Norte/Origen),51003,Sevilla-Santa Justa,60000,Madrid Pta.Atocha - Almudena Grandes,3,Sevilla-Santa Justa > Cordoba > Madrid Pta.Atocha - Almudena Grandes
2026-04-23,02270,AV,AVE / Alta Velocidad LD,LAV Sur,AVE,Par (↓ Sur/Destino),60000,Madrid Pta.Atocha - Almudena Grandes,51003,Sevilla-Santa Justa,3,Madrid Pta.Atocha - Almudena Grandes > Cordoba > Sevilla-Santa Justa
2026-04-23,02271,AV,AVE / Alta Velocidad LD,LAV Sur,AVE,Impar (↑ Norte/Origen),51003,Sevilla-Santa Justa,60000,Madrid Pta.Atocha - Almudena Grandes,2,Sevilla-Santa Justa > Madrid Pta.Atocha - Almudena Grandes
2026-04-23,02285,AV,AVE / Alta Velocidad LD,LAV Sur,ALVIA,Impar (↑ Norte/Origen),43019,Huelva,60000,Madrid Pta.Atocha - Almudena Grandes,4,Huelva > La Palma del Condado > Cordoba > Madrid Pta.Atocha - Almudena Grandes
2026-04-23,02360,AV,AVE / Alta Velocidad LD,LAV Sur,AVE,Par (↓ Sur/Destino),60000,Madrid Pta.Atocha - Almudena Grandes,51003,Sevilla-Santa Justa,3,Madrid Pta.Atocha - Almudena Grandes > Cordoba > Sevilla-Santa Justa
2026-04-23,02361,AV,AVE / Alta Velocidad LD,LAV Sur,AVE,Impar (↑ Norte/Origen),51003,Sevilla-Santa Justa,60000,Madrid Pta.Atocha - Almudena Grandes,3,Sevilla-Santa Justa > Cordoba > Madrid Pta.Atocha - Almudena Grandes
2026-04-23,02365,AV,AVE / Alta Velocidad LD,LAV Sur,ALVIA,Impar (↑ Norte/Origen),43019,Huelva,60000,Madrid Pta.Atocha - Almudena Grandes,4,Huelva > La Palma del Condado > Cordoba > Madrid Pta.Atocha - Almudena Grandes
2026-04-23,02366,AV,AVE / Alta Velocidad LD,LAV Sur,ALVIA,Par (↓ Sur/Destino),60000,Madrid Pta.Atocha - Almudena Grandes,56312,Almeria,7,Madrid Pta.Atocha - Almudena Grandes > Cordoba > Antequera AV > Granada > Guadix > Huercal-Viator > Almeria
2026-04-23,02366,AV,AVE / Alta Velocidad LD,LAV Sur,ALVIA,Par (↓ Sur/Destino),60000,Madrid Pta.Atocha - Almudena Grandes,05000,Granada,4,Madrid Pta.Atocha - Almudena Grandes > Cordoba > Antequera AV > Granada
2026-04-23,02371,AV,AVE / Alta Velocidad LD,LAV Sur,AVE,Impar (↑ Norte/Origen),51003,Sevilla-Santa Justa,60000,Madrid Pta.Atocha - Almudena Grandes,3,Sevilla-Santa Justa > Cordoba > Madrid Pta.Atocha - Almudena Grandes
2026-04-23,02375,AV,AVE / Alta Velocidad LD,LAV Sur,Intercity,Impar (↑ Norte/Origen),43019,Huelva,60000,Madrid Pta.Atocha - Almudena Grandes,5,Huelva > La Palma del Condado > Sevilla-Santa Justa > Cordoba > Madrid Pta.Atocha - Almudena Grandes
2026-04-23,02380,AV,AVE / Alta Velocidad LD,LAV Sur,AVE,Par (↓ Sur/Destino),60000,Madrid Pta.Atocha - Almudena Grandes,51003,Sevilla-Santa Justa,2,Madrid Pta.Atocha - Almudena Grandes > Sevilla-Santa Justa
2026-04-23,02384,AV,AVE / Alta Velocidad LD,LAV Sur,ALVIA,Par (↓ Sur/Destino),60000,Madrid Pta.Atocha - Almudena Grandes,43019,Huelva,4,Madrid Pta.Atocha - Almudena Grandes > Cordoba > La Palma del Condado > Huelva
2026-04-23,02390,AV,AVE / Alta Velocidad LD,LAV Sur,AVE,Par (↓ Sur/Destino),60000,Madrid Pta.Atocha - Almudena Grandes,51003,Sevilla-Santa Justa,2,Madrid Pta.Atocha - Almudena Grandes > Sevilla-Santa Justa
2026-04-23,02494,AV,AVE / Alta Velocidad LD,LAV Sur,Intercity,Par (↓ Sur/Destino),60000,Madrid Pta.Atocha - Almudena Grandes,43019,Huelva,5,Madrid Pta.Atocha - Almudena Grandes > Cordoba > Sevilla-Santa Justa > La Palma del Condado > Huelva
2026-04-23,03052,AV,AVE / Alta Velocidad LD,LAV Nordeste,AVE,Par (↓ Sur/Destino),71801,Barcelona-Sants,60000,Madrid Pta.Atocha - Almudena Grandes,3,Barcelona-Sants > Zaragoza-Delicias > Madrid Pta.Atocha - Almudena Grandes
2026-04-23,03052,AV,AVE / Alta Velocidad LD,LAV Nordeste,AVE,Par (↓ Sur/Destino),04040,Zaragoza-Delicias,60000,Madrid Pta.Atocha - Almudena Grandes,2,Zaragoza-Delicias > Madrid Pta.Atocha - Almudena Grandes
2026-04-23,03060,AV,AVE / Alta Velocidad LD,LAV Nordeste,AVE,Par (↓ Sur/Destino),71801,Barcelona-Sants,60000,Madrid Pta.Atocha - Almudena Grandes,2,Barcelona-Sants > Madrid Pta.Atocha - Almudena Grandes
2026-04-23,03062,AV,AVE / Alta Velocidad LD,LAV Nordeste,AVE,Par (↓ Sur/Destino),71801,Barcelona-Sants,60000,Madrid Pta.Atocha - Almudena Grandes,7,Barcelona-Sants > Camp Tarragona > Lleida-Pirineus > Zaragoza-Delicias > Calatayud > Guadalajara - Yebes > Madrid Pta.Atocha - Almudena Grandes
2026-04-23,03062,AV,AVE / Alta Velocidad LD,LAV Nordeste,AVE,Par (↓ Sur/Destino),78400,Lleida-Pirineus,04040,Zaragoza-Delicias,2,Lleida-Pirineus > Zaragoza-Delicias
2026-04-23,03062,AV,AVE / Alta Velocidad LD,LAV Nordeste,AVE,Par (↓ Sur/Destino),70600,Calatayud,60000,Madrid Pta.Atocha - Almudena Grandes,3,Calatayud > Guadalajara - Yebes > Madrid Pta.Atocha - Almudena Grandes
2026-04-23,03062,AV,AVE / Alta Velocidad LD,LAV Nordeste,AVE,Par (↓ Sur/Destino),71801,Barcelona-Sants,04040,Zaragoza-Delicias,4,Barcelona-Sants > Camp Tarragona > Lleida-Pirineus > Zaragoza-Delicias
2026-04-23,03063,AV,AVE / Alta Velocidad LD,LAV Nordeste,AVE,Impar (↑ Norte/Origen),60000,Madrid Pta.Atocha - Almudena Grandes,71801,Barcelona-Sants,4,Madrid Pta.Atocha - Almudena Grandes > Calatayud > Zaragoza-Delicias > Barcelona-Sants
2026-04-23,03063,AV,AVE / Alta Velocidad LD,LAV Nordeste,AVE,Impar (↑ Norte/Origen),60000,Madrid Pta.Atocha - Almudena Grandes,70600,Calatayud,2,Madrid Pta.Atocha - Almudena Grandes > Calatayud
2026-04-23,03063,AV,AVE / Alta Velocidad LD,LAV Nordeste,AVE,Impar (↑ Norte/Origen),04040,Zaragoza-Delicias,71801,Barcelona-Sants,2,Zaragoza-Delicias > Barcelona-Sants
2026-04-23,03070,AV,AVE / Alta Velocidad LD,LAV Nordeste,AVE,Par (↓ Sur/Destino),71801,Barcelona-Sants,60000,Madrid Pta.Atocha - Almudena Grandes,2,Barcelona-Sants > Madrid Pta.Atocha - Almudena Grandes
2026-04-23,03071,AV,AVE / Alta Velocidad LD,LAV Nordeste,AVE,Impar (↑ Norte/Origen),60000,Madrid Pta.Atocha - Almudena Grandes,71801,Barcelona-Sants,2,Madrid Pta.Atocha - Almudena Grandes > Barcelona-Sants
2026-04-23,03073,AV,AVE / Alta Velocidad LD,LAV Nordeste,AVE,Impar (↑ Norte/Origen),60000,Madrid Pta.Atocha - Almudena Grandes,04307,Figueres Vilafant,8,Madrid Pta.Atocha - Almudena Grandes > Guadalajara - Yebes > Zaragoza-Delicias > Lleida-Pirineus > Camp Tarragona > Barcelona-Sants > Girona > Figueres Vilafant
2026-04-23,03073,AV,AVE / Alta Velocidad LD,LAV Nordeste,AVE,Impar (↑ Norte/Origen),60000,Madrid Pta.Atocha - Almudena Grandes,71801,Barcelona-Sants,6,Madrid Pta.Atocha - Almudena Grandes > Guadalajara - Yebes > Zaragoza-Delicias > Lleida-Pirineus > Camp Tarragona > Barcelona-Sants
2026-04-23,03080,AV,AVE / Alta Velocidad LD,LAV Nordeste,AVE,Par (↓ Sur/Destino),71801,Barcelona-Sants,60000,Madrid Pta.Atocha - Almudena Grandes,2,Barcelona-Sants > Madrid Pta.Atocha - Almudena Grandes
2026-04-23,03081,AV,AVE / Alta Velocidad LD,LAV Nordeste,AVE,Impar (↑ Norte/Origen),60000,Madrid Pta.Atocha - Almudena Grandes,71801,Barcelona-Sants,2,Madrid Pta.Atocha - Almudena Grandes > Barcelona-Sants
2026-04-23,03082,AV,AVE / Alta Velocidad LD,LAV Nordeste,AVE,Par (↓ Sur/Destino),71801,Barcelona-Sants,60000,Madrid Pta.Atocha - Almudena Grandes,6,Barcelona-Sants > Camp Tarragona > Lleida-Pirineus > Zaragoza-Delicias > Calatayud > Madrid Pta.Atocha - Almudena Grandes
2026-04-23,03083,AV,AVE / Alta Velocidad LD,LAV Nordeste,AVE,Impar (↑ Norte/Origen),60000,Madrid Pta.Atocha - Almudena Grandes,71801,Barcelona-Sants,3,Madrid Pta.Atocha - Almudena Grandes > Zaragoza-Delicias > Barcelona-Sants
2026-04-23,03091,AV,AVE / Alta Velocidad LD,LAV Nordeste,AVE,Impar (↑ Norte/Origen),60000,Madrid Pta.Atocha - Almudena Grandes,71801,Barcelona-Sants,3,Madrid Pta.Atocha - Almudena Grandes > Camp Tarragona > Barcelona-Sants
2026-04-23,03092,AV,AVE / Alta Velocidad LD,LAV Nordeste,AVE,Par (↓ Sur/Destino),04307,Figueres Vilafant,60000,Madrid Pta.Atocha - Almudena Grandes,5,Figueres Vilafant > Girona > Barcelona-Sants > Zaragoza-Delicias > Madrid Pta.Atocha - Almudena Grandes
2026-04-23,03092,AV,AVE / Alta Velocidad LD,LAV Nordeste,AVE,Par (↓ Sur/Destino),71801,Barcelona-Sants,60000,Madrid Pta.Atocha - Almudena Grandes,3,Barcelona-Sants > Zaragoza-Delicias > Madrid Pta.Atocha - Almudena Grandes
2026-04-23,03093,AV,AVE / Alta Velocidad LD,LAV Nordeste,AVE,Impar (↑ Norte/Origen),60000,Madrid Pta.Atocha - Almudena Grandes,04307,Figueres Vilafant,7,Madrid Pta.Atocha - Almudena Grandes > Zaragoza-Delicias > Lleida-Pirineus > Camp Tarragona > Barcelona-Sants > Girona > Figueres Vilafant
2026-04-23,03093,AV,AVE / Alta Velocidad LD,LAV Nordeste,AVE,Impar (↑ Norte/Origen),60000,Madrid Pta.Atocha - Almudena Grandes,71801,Barcelona-Sants,5,Madrid Pta.Atocha - Almudena Grandes > Zaragoza-Delicias > Lleida-Pirineus > Camp Tarragona > Barcelona-Sants
2026-04-23,03112,AV,AVE / Alta Velocidad LD,LAV Nordeste,AVE,Par (↓ Sur/Destino),71801,Barcelona-Sants,60000,Madrid Pta.Atocha - Almudena Grandes,3,Barcelona-Sants > Zaragoza-Delicias > Madrid Pta.Atocha - Almudena Grandes
2026-04-23,03113,AV,AVE / Alta Velocidad LD,LAV Nordeste,AVE,Impar (↑ Norte/Origen),60000,Madrid Pta.Atocha - Almudena Grandes,71801,Barcelona-Sants,6,Madrid Pta.Atocha - Almudena Grandes > Calatayud > Zaragoza-Delicias > Lleida-Pirineus > Camp Tarragona > Barcelona-Sants
2026-04-23,03113,AV,AVE / Alta Velocidad LD,LAV Nordeste,AVE,Impar (↑ Norte/Origen),60000,Madrid Pta.Atocha - Almudena Grandes,70600,Calatayud,2,Madrid Pta.Atocha - Almudena Grandes > Calatayud
2026-04-23,03113,AV,AVE / Alta Velocidad LD,LAV Nordeste,AVE,Impar (↑ Norte/Origen),04040,Zaragoza-Delicias,71801,Barcelona-Sants,4,Zaragoza-Delicias > Lleida-Pirineus > Camp Tarragona > Barcelona-Sants
2026-04-23,03113,AV,AVE / Alta Velocidad LD,LAV Nordeste,AVE,Impar (↑ Norte/Origen),60000,Madrid Pta.Atocha - Almudena Grandes,78400,Lleida-Pirineus,4,Madrid Pta.Atocha - Almudena Grandes > Calatayud > Zaragoza-Delicias > Lleida-Pirineus
2026-04-23,03113,AV,AVE / Alta Velocidad LD,LAV Nordeste,AVE,Impar (↑ Norte/Origen),04040,Zaragoza-Delicias,78400,Lleida-Pirineus,2,Zaragoza-Delicias > Lleida-Pirineus
2026-04-23,03122,AV,AVE / Alta Velocidad LD,LAV Nordeste,AVE,Par (↓ Sur/Destino),71801,Barcelona-Sants,60000,Madrid Pta.Atocha - Almudena Grandes,6,Barcelona-Sants > Camp Tarragona > Lleida-Pirineus > Zaragoza-Delicias > Guadalajara - Yebes > Madrid Pta.Atocha - Almudena Grandes
2026-04-23,03122,AV,AVE / Alta Velocidad LD,LAV Nordeste,AVE,Par (↓ Sur/Destino),78400,Lleida-Pirineus,60000,Madrid Pta.Atocha - Almudena Grandes,4,Lleida-Pirineus > Zaragoza-Delicias > Guadalajara - Yebes > Madrid Pta.Atocha - Almudena Grandes
2026-04-23,03123,AV,AVE / Alta Velocidad LD,LAV Nordeste,AVE,Impar (↑ Norte/Origen),60000,Madrid Pta.Atocha - Almudena Grandes,04307,Figueres Vilafant,7,Madrid Pta.Atocha - Almudena Grandes > Zaragoza-Delicias > Lleida-Pirineus > Camp Tarragona > Barcelona-Sants > Girona > Figueres Vilafant
2026-04-23,03123,AV,AVE / Alta Velocidad LD,LAV Nordeste,AVE,Impar (↑ Norte/Origen),60000,Madrid Pta.Atocha - Almudena Grandes,71801,Barcelona-Sants,5,Madrid Pta.Atocha - Almudena Grandes > Zaragoza-Delicias > Lleida-Pirineus > Camp Tarragona > Barcelona-Sants
2026-04-23,03123,AV,AVE / Alta Velocidad LD,LAV Nordeste,AVE,Impar (↑ Norte/Origen),60000,Madrid Pta.Atocha - Almudena Grandes,78400,Lleida-Pirineus,3,Madrid Pta.Atocha - Almudena Grandes > Zaragoza-Delicias > Lleida-Pirineus
2026-04-23,03130,AV,AVE / Alta Velocidad LD,LAV Nordeste,AVE,Par (↓ Sur/Destino),71801,Barcelona-Sants,60000,Madrid Pta.Atocha - Almudena Grandes,2,Barcelona-Sants > Madrid Pta.Atocha - Almudena Grandes
2026-04-23,03131,AV,AVE / Alta Velocidad LD,LAV Nordeste,AVE,Impar (↑ Norte/Origen),60000,Madrid Pta.Atocha - Almudena Grandes,71801,Barcelona-Sants,2,Madrid Pta.Atocha - Almudena Grandes > Barcelona-Sants
2026-04-23,03140,AV,AVE / Alta Velocidad LD,LAV Nordeste,AVE,Par (↓ Sur/Destino),71801,Barcelona-Sants,60000,Madrid Pta.Atocha - Almudena Grandes,2,Barcelona-Sants > Madrid Pta.Atocha - Almudena Grandes
2026-04-23,03141,AV,AVE / Alta Velocidad LD,LAV Nordeste,AVE,Impar (↑ Norte/Origen),60000,Madrid Pta.Atocha - Almudena Grandes,71801,Barcelona-Sants,2,Madrid Pta.Atocha - Almudena Grandes > Barcelona-Sants
2026-04-23,03143,AV,AVE / Alta Velocidad LD,LAV Nordeste,AVE,Impar (↑ Norte/Origen),60000,Madrid Pta.Atocha - Almudena Grandes,04307,Figueres Vilafant,6,Madrid Pta.Atocha - Almudena Grandes > Calatayud > Zaragoza-Delicias > Barcelona-Sants > Girona > Figueres Vilafant
2026-04-23,03143,AV,AVE / Alta Velocidad LD,LAV Nordeste,AVE,Impar (↑ Norte/Origen),60000,Madrid Pta.Atocha - Almudena Grandes,71801,Barcelona-Sants,4,Madrid Pta.Atocha - Almudena Grandes > Calatayud > Zaragoza-Delicias > Barcelona-Sants
2026-04-23,03143,AV,AVE / Alta Velocidad LD,LAV Nordeste,AVE,Impar (↑ Norte/Origen),60000,Madrid Pta.Atocha - Almudena Grandes,70600,Calatayud,2,Madrid Pta.Atocha - Almudena Grandes > Calatayud
2026-04-23,03143,AV,AVE / Alta Velocidad LD,LAV Nordeste,AVE,Impar (↑ Norte/Origen),04040,Zaragoza-Delicias,71801,Barcelona-Sants,2,Zaragoza-Delicias > Barcelona-Sants
2026-04-23,03150,AV,AVE / Alta Velocidad LD,LAV Nordeste,AVE,Par (↓ Sur/Destino),71801,Barcelona-Sants,60000,Madrid Pta.Atocha - Almudena Grandes,2,Barcelona-Sants > Madrid Pta.Atocha - Almudena Grandes
2026-04-23,03151,AV,AVE / Alta Velocidad LD,LAV Nordeste,AVE,Impar (↑ Norte/Origen),60000,Madrid Pta.Atocha - Almudena Grandes,71801,Barcelona-Sants,2,Madrid Pta.Atocha - Almudena Grandes > Barcelona-Sants
2026-04-23,03152,AV,AVE / Alta Velocidad LD,LAV Nordeste,AVE,Par (↓ Sur/Destino),71801,Barcelona-Sants,60000,Madrid Pta.Atocha - Almudena Grandes,3,Barcelona-Sants > Zaragoza-Delicias > Madrid Pta.Atocha - Almudena Grandes
2026-04-23,03160,AV,AVE / Alta Velocidad LD,LAV Nordeste,AVE,Par (↓ Sur/Destino),71801,Barcelona-Sants,60000,Madrid Pta.Atocha - Almudena Grandes,2,Barcelona-Sants > Madrid Pta.Atocha - Almudena Grandes
2026-04-23,03161,AV,AVE / Alta Velocidad LD,LAV Nordeste,AVE,Impar (↑ Norte/Origen),60000,Madrid Pta.Atocha - Almudena Grandes,71801,Barcelona-Sants,2,Madrid Pta.Atocha - Almudena Grandes > Barcelona-Sants
2026-04-23,03162,AV,AVE / Alta Velocidad LD,LAV Nordeste,AVE,Par (↓ Sur/Destino),04307,Figueres Vilafant,60000,Madrid Pta.Atocha - Almudena Grandes,8,Figueres Vilafant > Girona > Barcelona-Sants > Camp Tarragona > Lleida-Pirineus > Zaragoza-Delicias > Calatayud > Madrid Pta.Atocha - Almudena Grandes
2026-04-23,03162,AV,AVE / Alta Velocidad LD,LAV Nordeste,AVE,Par (↓ Sur/Destino),71801,Barcelona-Sants,60000,Madrid Pta.Atocha - Almudena Grandes,6,Barcelona-Sants > Camp Tarragona > Lleida-Pirineus > Zaragoza-Delicias > Calatayud > Madrid Pta.Atocha - Almudena Grandes
2026-04-23,03162,AV,AVE / Alta Velocidad LD,LAV Nordeste,AVE,Par (↓ Sur/Destino),70600,Calatayud,60000,Madrid Pta.Atocha - Almudena Grandes,2,Calatayud > Madrid Pta.Atocha - Almudena Grandes
2026-04-23,03162,AV,AVE / Alta Velocidad LD,LAV Nordeste,AVE,Par (↓ Sur/Destino),71801,Barcelona-Sants,04040,Zaragoza-Delicias,4,Barcelona-Sants > Camp Tarragona > Lleida-Pirineus > Zaragoza-Delicias
2026-04-23,03163,AV,AVE / Alta Velocidad LD,LAV Nordeste,AVE,Impar (↑ Norte/Origen),60000,Madrid Pta.Atocha - Almudena Grandes,04307,Figueres Vilafant,5,Madrid Pta.Atocha - Almudena Grandes > Zaragoza-Delicias > Barcelona-Sants > Girona > Figueres Vilafant
2026-04-23,03163,AV,AVE / Alta Velocidad LD,LAV Nordeste,AVE,Impar (↑ Norte/Origen),60000,Madrid Pta.Atocha - Almudena Grandes,71801,Barcelona-Sants,3,Madrid Pta.Atocha - Almudena Grandes > Zaragoza-Delicias > Barcelona-Sants
2026-04-23,03170,AV,AVE / Alta Velocidad LD,LAV Nordeste,AVE,Par (↓ Sur/Destino),71801,Barcelona-Sants,60000,Madrid Pta.Atocha - Almudena Grandes,2,Barcelona-Sants > Madrid Pta.Atocha - Almudena Grandes
2026-04-23,03171,AV,AVE / Alta Velocidad LD,LAV Nordeste,AVE,Impar (↑ Norte/Origen),60000,Madrid Pta.Atocha - Almudena Grandes,71801,Barcelona-Sants,2,Madrid Pta.Atocha - Almudena Grandes > Barcelona-Sants
2026-04-23,03172,AV,AVE / Alta Velocidad LD,LAV Nordeste,AVE,Par (↓ Sur/Destino),71801,Barcelona-Sants,60000,Madrid Pta.Atocha - Almudena Grandes,3,Barcelona-Sants > Zaragoza-Delicias > Madrid Pta.Atocha - Almudena Grandes
2026-04-23,03173,AV,AVE / Alta Velocidad LD,LAV Nordeste,AVE,Impar (↑ Norte/Origen),60000,Madrid Pta.Atocha - Almudena Grandes,71801,Barcelona-Sants,6,Madrid Pta.Atocha - Almudena Grandes > Guadalajara - Yebes > Zaragoza-Delicias > Lleida-Pirineus > Camp Tarragona > Barcelona-Sants
2026-04-23,03180,AV,AVE / Alta Velocidad LD,LAV Nordeste,AVE,Par (↓ Sur/Destino),71801,Barcelona-Sants,60000,Madrid Pta.Atocha - Almudena Grandes,2,Barcelona-Sants > Madrid Pta.Atocha - Almudena Grandes
2026-04-23,03181,AV,AVE / Alta Velocidad LD,LAV Nordeste,AVE,Impar (↑ Norte/Origen),60000,Madrid Pta.Atocha - Almudena Grandes,04307,Figueres Vilafant,4,Madrid Pta.Atocha - Almudena Grandes > Barcelona-Sants > Girona > Figueres Vilafant
2026-04-23,03181,AV,AVE / Alta Velocidad LD,LAV Nordeste,AVE,Impar (↑ Norte/Origen),60000,Madrid Pta.Atocha - Almudena Grandes,71801,Barcelona-Sants,2,Madrid Pta.Atocha - Almudena Grandes > Barcelona-Sants
2026-04-23,03182,AV,AVE / Alta Velocidad LD,LAV Nordeste,AVE,Par (↓ Sur/Destino),71801,Barcelona-Sants,60000,Madrid Pta.Atocha - Almudena Grandes,6,Barcelona-Sants > Camp Tarragona > Lleida-Pirineus > Zaragoza-Delicias > Calatayud > Madrid Pta.Atocha - Almudena Grandes
2026-04-23,03182,AV,AVE / Alta Velocidad LD,LAV Nordeste,AVE,Par (↓ Sur/Destino),70600,Calatayud,60000,Madrid Pta.Atocha - Almudena Grandes,2,Calatayud > Madrid Pta.Atocha - Almudena Grandes
2026-04-23,03182,AV,AVE / Alta Velocidad LD,LAV Nordeste,AVE,Par (↓ Sur/Destino),71801,Barcelona-Sants,04040,Zaragoza-Delicias,4,Barcelona-Sants > Camp Tarragona > Lleida-Pirineus > Zaragoza-Delicias
2026-04-23,03183,AV,AVE / Alta Velocidad LD,LAV Nordeste,AVE,Impar (↑ Norte/Origen),60000,Madrid Pta.Atocha - Almudena Grandes,71801,Barcelona-Sants,4,Madrid Pta.Atocha - Almudena Grandes > Zaragoza-Delicias > Camp Tarragona > Barcelona-Sants
2026-04-23,03190,AV,AVE / Alta Velocidad LD,LAV Nordeste,AVE,Par (↓ Sur/Destino),71801,Barcelona-Sants,60000,Madrid Pta.Atocha - Almudena Grandes,2,Barcelona-Sants > Madrid Pta.Atocha - Almudena Grandes
2026-04-23,03191,AV,AVE / Alta Velocidad LD,LAV Nordeste,AVE,Impar (↑ Norte/Origen),60000,Madrid Pta.Atocha - Almudena Grandes,71801,Barcelona-Sants,2,Madrid Pta.Atocha - Almudena Grandes > Barcelona-Sants
2026-04-23,03192,AV,AVE / Alta Velocidad LD,LAV Nordeste,AVE,Par (↓ Sur/Destino),04307,Figueres Vilafant,60000,Madrid Pta.Atocha - Almudena Grandes,7,Figueres Vilafant > Girona > Barcelona-Sants > Camp Tarragona > Lleida-Pirineus > Zaragoza-Delicias > Madrid Pta.Atocha - Almudena Grandes
2026-04-23,03192,AV,AVE / Alta Velocidad LD,LAV Nordeste,AVE,Par (↓ Sur/Destino),71801,Barcelona-Sants,60000,Madrid Pta.Atocha - Almudena Grandes,5,Barcelona-Sants > Camp Tarragona > Lleida-Pirineus > Zaragoza-Delicias > Madrid Pta.Atocha - Almudena Grandes
2026-04-23,03201,AV,AVE / Alta Velocidad LD,LAV Nordeste,AVE,Impar (↑ Norte/Origen),60000,Madrid Pta.Atocha - Almudena Grandes,71801,Barcelona-Sants,3,Madrid Pta.Atocha - Almudena Grandes > Zaragoza-Delicias > Barcelona-Sants
2026-04-23,03272,AV,AVE / Alta Velocidad LD,LAV Nordeste,AVE,Par (↓ Sur/Destino),74200,Huesca,60000,Madrid Pta.Atocha - Almudena Grandes,6,Huesca > Tardienta > Zaragoza-Delicias > Calatayud > Guadalajara - Yebes > Madrid Pta.Atocha - Almudena Grandes
2026-04-23,03272,AV,AVE / Alta Velocidad LD,LAV Nordeste,AVE,Par (↓ Sur/Destino),74200,Huesca,04040,Zaragoza-Delicias,3,Huesca > Tardienta > Zaragoza-Delicias
2026-04-23,03272,AV,AVE / Alta Velocidad LD,LAV Nordeste,AVE,Par (↓ Sur/Destino),70600,Calatayud,60000,Madrid Pta.Atocha - Almudena Grandes,3,Calatayud > Guadalajara - Yebes > Madrid Pta.Atocha - Almudena Grandes
2026-04-23,03301,AV,AVE / Alta Velocidad LD,LAV Nordeste,AVE,Impar (↑ Norte/Origen),60000,Madrid Pta.Atocha - Almudena Grandes,71801,Barcelona-Sants,3,Madrid Pta.Atocha - Almudena Grandes > Camp Tarragona > Barcelona-Sants
2026-04-23,03301,AV,AVE / Alta Velocidad LD,LAV Nordeste,AVE,Impar (↑ Norte/Origen),60000,Madrid Pta.Atocha - Almudena Grandes,70600,Calatayud,2,Madrid Pta.Atocha - Almudena Grandes > Calatayud
2026-04-23,03301,AV,AVE / Alta Velocidad LD,LAV Nordeste,AVE,Impar (↑ Norte/Origen),04040,Zaragoza-Delicias,71801,Barcelona-Sants,3,Zaragoza-Delicias > Camp Tarragona > Barcelona-Sants
2026-04-23,03302,AV,AVE / Alta Velocidad LD,LAV Nordeste,AVE,Par (↓ Sur/Destino),04307,Figueres Vilafant,60000,Madrid Pta.Atocha - Almudena Grandes,5,Figueres Vilafant > Girona > Barcelona-Sants > Zaragoza-Delicias > Madrid Pta.Atocha - Almudena Grandes
2026-04-23,03302,AV,AVE / Alta Velocidad LD,LAV Nordeste,AVE,Par (↓ Sur/Destino),71801,Barcelona-Sants,60000,Madrid Pta.Atocha - Almudena Grandes,3,Barcelona-Sants > Zaragoza-Delicias > Madrid Pta.Atocha - Almudena Grandes
2026-04-23,03303,AV,AVE / Alta Velocidad LD,LAV Nordeste,AVE,Impar (↑ Norte/Origen),60000,Madrid Pta.Atocha - Almudena Grandes,71801,Barcelona-Sants,3,Madrid Pta.Atocha - Almudena Grandes > Zaragoza-Delicias > Barcelona-Sants
2026-04-23,03304,AV,AVE / Alta Velocidad LD,LAV Nordeste,AVE,Par (↓ Sur/Destino),71801,Barcelona-Sants,60000,Madrid Pta.Atocha - Almudena Grandes,7,Barcelona-Sants > Camp Tarragona > Lleida-Pirineus > Zaragoza-Delicias > Calatayud > Guadalajara - Yebes > Madrid Pta.Atocha - Almudena Grandes
2026-04-23,03305,AV,AVE / Alta Velocidad LD,LAV Nordeste,AVE,Impar (↑ Norte/Origen),60000,Madrid Pta.Atocha - Almudena Grandes,71801,Barcelona-Sants,6,Madrid Pta.Atocha - Almudena Grandes > Calatayud > Zaragoza-Delicias > Lleida-Pirineus > Camp Tarragona > Barcelona-Sants
2026-04-23,03305,AV,AVE / Alta Velocidad LD,LAV Nordeste,AVE,Impar (↑ Norte/Origen),60000,Madrid Pta.Atocha - Almudena Grandes,70600,Calatayud,2,Madrid Pta.Atocha - Almudena Grandes > Calatayud
2026-04-23,03305,AV,AVE / Alta Velocidad LD,LAV Nordeste,AVE,Impar (↑ Norte/Origen),04040,Zaragoza-Delicias,71801,Barcelona-Sants,4,Zaragoza-Delicias > Lleida-Pirineus > Camp Tarragona > Barcelona-Sants
2026-04-23,03308,AV,AVE / Alta Velocidad LD,LAV Nordeste,AVE,Par (↓ Sur/Destino),71801,Barcelona-Sants,60000,Madrid Pta.Atocha - Almudena Grandes,6,Barcelona-Sants > Camp Tarragona > Lleida-Pirineus > Zaragoza-Delicias > Calatayud > Madrid Pta.Atocha - Almudena Grandes
2026-04-23,03308,AV,AVE / Alta Velocidad LD,LAV Nordeste,AVE,Par (↓ Sur/Destino),70600,Calatayud,60000,Madrid Pta.Atocha - Almudena Grandes,2,Calatayud > Madrid Pta.Atocha - Almudena Grandes
2026-04-23,03308,AV,AVE / Alta Velocidad LD,LAV Nordeste,AVE,Par (↓ Sur/Destino),78400,Lleida-Pirineus,04040,Zaragoza-Delicias,2,Lleida-Pirineus > Zaragoza-Delicias
2026-04-23,03309,AV,AVE / Alta Velocidad LD,LAV Nordeste,AVE,Impar (↑ Norte/Origen),60000,Madrid Pta.Atocha - Almudena Grandes,04307,Figueres Vilafant,9,Madrid Pta.Atocha - Almudena Grandes > Guadalajara - Yebes > Calatayud > Zaragoza-Delicias > Lleida-Pirineus > Camp Tarragona > Barcelona-Sants > Girona > Figueres Vilafant
2026-04-23,03309,AV,AVE / Alta Velocidad LD,LAV Nordeste,AVE,Impar (↑ Norte/Origen),60000,Madrid Pta.Atocha - Almudena Grandes,71801,Barcelona-Sants,7,Madrid Pta.Atocha - Almudena Grandes > Guadalajara - Yebes > Calatayud > Zaragoza-Delicias > Lleida-Pirineus > Camp Tarragona > Barcelona-Sants
2026-04-23,03310,AV,AVE / Alta Velocidad LD,LAV Nordeste,AVE,Par (↓ Sur/Destino),71801,Barcelona-Sants,60000,Madrid Pta.Atocha - Almudena Grandes,6,Barcelona-Sants > Camp Tarragona > Lleida-Pirineus > Zaragoza-Delicias > Guadalajara - Yebes > Madrid Pta.Atocha - Almudena Grandes
2026-04-23,03311,AV,AVE / Alta Velocidad LD,LAV Nordeste,AVE,Impar (↑ Norte/Origen),60000,Madrid Pta.Atocha - Almudena Grandes,71801,Barcelona-Sants,5,Madrid Pta.Atocha - Almudena Grandes > Calatayud > Zaragoza-Delicias > Camp Tarragona > Barcelona-Sants
2026-04-23,03311,AV,AVE / Alta Velocidad LD,LAV Nordeste,AVE,Impar (↑ Norte/Origen),60000,Madrid Pta.Atocha - Almudena Grandes,70600,Calatayud,2,Madrid Pta.Atocha - Almudena Grandes > Calatayud
2026-04-23,03311,AV,AVE / Alta Velocidad LD,LAV Nordeste,AVE,Impar (↑ Norte/Origen),04040,Zaragoza-Delicias,71801,Barcelona-Sants,3,Zaragoza-Delicias > Camp Tarragona > Barcelona-Sants
2026-04-23,03322,AV,AVE / Alta Velocidad LD,LAV Nordeste,AVE,Par (↓ Sur/Destino),71801,Barcelona-Sants,60000,Madrid Pta.Atocha - Almudena Grandes,6,Barcelona-Sants > Camp Tarragona > Lleida-Pirineus > Zaragoza-Delicias > Guadalajara - Yebes > Madrid Pta.Atocha - Almudena Grandes
2026-04-23,03322,AV,AVE / Alta Velocidad LD,LAV Nordeste,AVE,Par (↓ Sur/Destino),78400,Lleida-Pirineus,60000,Madrid Pta.Atocha - Almudena Grandes,4,Lleida-Pirineus > Zaragoza-Delicias > Guadalajara - Yebes > Madrid Pta.Atocha - Almudena Grandes
2026-04-23,03373,AV,AVE / Alta Velocidad LD,LAV Nordeste,AVE,Impar (↑ Norte/Origen),60000,Madrid Pta.Atocha - Almudena Grandes,71801,Barcelona-Sants,6,Madrid Pta.Atocha - Almudena Grandes > Guadalajara - Yebes > Zaragoza-Delicias > Lleida-Pirineus > Camp Tarragona > Barcelona-Sants
2026-04-23,03393,AV,AVE / Alta Velocidad LD,LAV Nordeste,AVE,Impar (↑ Norte/Origen),60000,Madrid Pta.Atocha - Almudena Grandes,74200,Huesca,6,Madrid Pta.Atocha - Almudena Grandes > Guadalajara - Yebes > Calatayud > Zaragoza-Delicias > Tardienta > Huesca
2026-04-23,03393,AV,AVE / Alta Velocidad LD,LAV Nordeste,AVE,Impar (↑ Norte/Origen),04040,Zaragoza-Delicias,74200,Huesca,3,Zaragoza-Delicias > Tardienta > Huesca
2026-04-23,03393,AV,AVE / Alta Velocidad LD,LAV Nordeste,AVE,Impar (↑ Norte/Origen),60000,Madrid Pta.Atocha - Almudena Grandes,70600,Calatayud,3,Madrid Pta.Atocha - Almudena Grandes > Guadalajara - Yebes > Calatayud
2026-04-23,03662,AV,AVE / Alta Velocidad LD,LAV Nordeste,AVE,Par (↓ Sur/Destino),04307,Figueres Vilafant,60000,Madrid Pta.Atocha - Almudena Grandes,5,Figueres Vilafant > Girona > Barcelona-Sants > Camp Tarragona > Madrid Pta.Atocha - Almudena Grandes
2026-04-23,03662,AV,AVE / Alta Velocidad LD,LAV Nordeste,AVE,Par (↓ Sur/Destino),71801,Barcelona-Sants,60000,Madrid Pta.Atocha - Almudena Grandes,3,Barcelona-Sants > Camp Tarragona > Madrid Pta.Atocha - Almudena Grandes
2026-04-23,03930,AV,AVE / Alta Velocidad LD,LAV Nordeste,AVE,Par (↓ Sur/Destino),71801,Barcelona-Sants,05000,Granada,7,Barcelona-Sants > Camp Tarragona > Lleida-Pirineus > Zaragoza-Delicias > Cordoba > Antequera AV > Granada
2026-04-23,03931,AV,AVE / Alta Velocidad LD,LAV Nordeste,AVE,Impar (↑ Norte/Origen),05000,Granada,71801,Barcelona-Sants,7,Granada > Antequera AV > Cordoba > Zaragoza-Delicias > Lleida-Pirineus > Camp Tarragona > Barcelona-Sants
2026-04-23,03940,AV,AVE / Alta Velocidad LD,LAV Nordeste,AVE,Par (↓ Sur/Destino),71801,Barcelona-Sants,51003,Sevilla-Santa Justa,8,Barcelona-Sants > Camp Tarragona > Lleida-Pirineus > Zaragoza-Delicias > Ciudad Real > Puertollano > Cordoba > Sevilla-Santa Justa
2026-04-23,03941,AV,AVE / Alta Velocidad LD,LAV Nordeste,AVE,Impar (↑ Norte/Origen),51003,Sevilla-Santa Justa,71801,Barcelona-Sants,8,Sevilla-Santa Justa > Cordoba > Puertollano > Ciudad Real > Zaragoza-Delicias > Lleida-Pirineus > Camp Tarragona > Barcelona-Sants
2026-04-23,03942,AV,AVE / Alta Velocidad LD,LAV Nordeste,AVE,Par (↓ Sur/Destino),71801,Barcelona-Sants,51003,Sevilla-Santa Justa,7,Barcelona-Sants > Camp Tarragona > Lleida-Pirineus > Zaragoza-Delicias > Ciudad Real > Cordoba > Sevilla-Santa Justa
2026-04-23,03943,AV,AVE / Alta Velocidad LD,LAV Nordeste,AVE,Impar (↑ Norte/Origen),51003,Sevilla-Santa Justa,71801,Barcelona-Sants,7,Sevilla-Santa Justa > Cordoba > Ciudad Real > Zaragoza-Delicias > Lleida-Pirineus > Camp Tarragona > Barcelona-Sants
2026-04-23,03981,AV,AVE / Alta Velocidad LD,LAV Nordeste,AVE,Impar (↑ Norte/Origen),51003,Sevilla-Santa Justa,03216,Valencia Joaquin Sorolla,6,Sevilla-Santa Justa > Cordoba > Puertollano > Ciudad Real > Cuenca Fernando Zobel > Valencia Joaquin Sorolla
2026-04-23,03982,AV,AVE / Alta Velocidad LD,LAV Nordeste,AVE,Par (↓ Sur/Destino),03216,Valencia Joaquin Sorolla,51003,Sevilla-Santa Justa,6,Valencia Joaquin Sorolla > Cuenca Fernando Zobel > Ciudad Real > Puertollano > Cordoba > Sevilla-Santa Justa
2026-04-23,03990,AV,AVE / Alta Velocidad LD,LAV Nordeste,AVE,Par (↓ Sur/Destino),71801,Barcelona-Sants,54413,Malaga Maria Zambrano,10,Barcelona-Sants > Camp Tarragona > Lleida-Pirineus > Zaragoza-Delicias > Ciudad Real > Puertollano > Cordoba > Puente Genil-Herrera > Antequera-Santa Ana > Malaga Maria Zambrano
2026-04-23,03991,AV,AVE / Alta Velocidad LD,LAV Nordeste,AVE,Impar (↑ Norte/Origen),54413,Malaga Maria Zambrano,71801,Barcelona-Sants,10,Malaga Maria Zambrano > Antequera-Santa Ana > Puente Genil-Herrera > Cordoba > Puertollano > Ciudad Real > Zaragoza-Delicias > Lleida-Pirineus > Camp Tarragona > Barcelona-Sants
2026-04-23,03992,AV,AVE / Alta Velocidad LD,LAV Nordeste,AVE,Par (↓ Sur/Destino),71801,Barcelona-Sants,54413,Malaga Maria Zambrano,9,Barcelona-Sants > Camp Tarragona > Lleida-Pirineus > Zaragoza-Delicias > Ciudad Real > Cordoba > Puente Genil-Herrera > Antequera-Santa Ana > Malaga Maria Zambrano
2026-04-23,03993,AV,AVE / Alta Velocidad LD,LAV Nordeste,AVE,Impar (↑ Norte/Origen),54413,Malaga Maria Zambrano,71801,Barcelona-Sants,9,Malaga Maria Zambrano > Antequera-Santa Ana > Puente Genil-Herrera > Cordoba > Ciudad Real > Zaragoza-Delicias > Lleida-Pirineus > Camp Tarragona > Barcelona-Sants
2026-04-23,04056,AV,AVE / Alta Velocidad LD,LAV Norte/NW,Intercity,Par (↓ Sur/Destino),11511,San Sebastián/Donostia,17000,Madrid-Chamartín-Clara Campoamor,8,San Sebastián/Donostia > Tolosa > Zumarraga > Vitoria/Gasteiz > Miranda De Ebro > Burgos Rosa Manzano > Valladolid > Madrid-Chamartín-Clara Campoamor
2026-04-23,04060,AV,AVE / Alta Velocidad LD,LAV Norte/NW,AVE,Par (↓ Sur/Destino),15410,Gijón/Xixón,17000,Madrid-Chamartín-Clara Campoamor,5,Gijón/Xixón > Oviedo/Uviéu > Leon > Valladolid > Madrid-Chamartín-Clara Campoamor
2026-04-23,04071,AV,AVE / Alta Velocidad LD,LAV Norte/NW,ALVIA,Impar (↑ Norte/Origen),17000,Madrid-Chamartín-Clara Campoamor,15410,Gijón/Xixón,7,Madrid-Chamartín-Clara Campoamor > Valladolid > Palencia > Leon > Pola De Lena/La Pola > Oviedo/Uviéu > Gijón/Xixón
2026-04-23,04071,AV,AVE / Alta Velocidad LD,LAV Norte/NW,ALVIA,Impar (↑ Norte/Origen),17000,Madrid-Chamartín-Clara Campoamor,10600,Valladolid,2,Madrid-Chamartín-Clara Campoamor > Valladolid
2026-04-23,04072,AV,AVE / Alta Velocidad LD,LAV Norte/NW,ALVIA,Par (↓ Sur/Destino),14223,Santander,60911,Alicante/Alacant,12,Santander > Torrelavega/Tanos > Reinosa > Aguilar de Campoo > Palencia > Valladolid > Segovia Guiomar > Madrid-Chamartín-Clara Campoamor > Cuenca Fernando Zobel > Albacete-Los Llanos > Villena Av > Alicante/Alacant
2026-04-23,04072,AV,AVE / Alta Velocidad LD,LAV Norte/NW,ALVIA,Par (↓ Sur/Destino),10600,Valladolid,60911,Alicante/Alacant,7,Valladolid > Segovia Guiomar > Madrid-Chamartín-Clara Campoamor > Cuenca Fernando Zobel > Albacete-Los Llanos > Villena Av > Alicante/Alacant
2026-04-23,04073,AV,AVE / Alta Velocidad LD,LAV Norte/NW,ALVIA,Impar (↑ Norte/Origen),17000,Madrid-Chamartín-Clara Campoamor,14223,Santander,7,Madrid-Chamartín-Clara Campoamor > Valladolid > Palencia > Aguilar de Campoo > Reinosa > Torrelavega/Tanos > Santander
2026-04-23,04080,AV,AVE / Alta Velocidad LD,LAV Norte/NW,ALVIA,Par (↓ Sur/Destino),15410,Gijón/Xixón,17000,Madrid-Chamartín-Clara Campoamor,7,Gijón/Xixón > Oviedo/Uviéu > Mieres Puente > Leon > Palencia > Valladolid > Madrid-Chamartín-Clara Campoamor
2026-04-23,04086,AV,AVE / Alta Velocidad LD,LAV Norte/NW,ALVIA,Par (↓ Sur/Destino),11600,Irun,17000,Madrid-Chamartín-Clara Campoamor,10,Irun > San Sebastián/Donostia > Tolosa > Zumarraga > Vitoria/Gasteiz > Miranda De Ebro > Burgos Rosa Manzano > Valladolid > Segovia Guiomar > Madrid-Chamartín-Clara Campoamor
2026-04-23,04086,AV,AVE / Alta Velocidad LD,LAV Norte/NW,ALVIA,Par (↓ Sur/Destino),11600,Irun,11200,Miranda De Ebro,6,Irun > San Sebastián/Donostia > Tolosa > Zumarraga > Vitoria/Gasteiz > Miranda De Ebro
2026-04-23,04086,AV,AVE / Alta Velocidad LD,LAV Norte/NW,ALVIA,Par (↓ Sur/Destino),10600,Valladolid,17000,Madrid-Chamartín-Clara Campoamor,3,Valladolid > Segovia Guiomar > Madrid-Chamartín-Clara Campoamor
2026-04-23,04087,AV,AVE / Alta Velocidad LD,LAV Norte/NW,ALVIA,Impar (↑ Norte/Origen),17000,Madrid-Chamartín-Clara Campoamor,11600,Irun,9,Madrid-Chamartín-Clara Campoamor > Segovia Guiomar > Valladolid > Burgos Rosa Manzano > Miranda De Ebro > Vitoria/Gasteiz > Zumarraga > San Sebastián/Donostia > Irun
2026-04-23,04088,AV,AVE / Alta Velocidad LD,LAV Norte/NW,Intercity,Par (↓ Sur/Destino),20200,Ponferrada,17000,Madrid-Chamartín-Clara Campoamor,10,Ponferrada > Bembibre > Brañuelas > Astorga > Veguellina > Leon > Palencia > Valladolid > Segovia Guiomar > Madrid-Chamartín-Clara Campoamor
2026-04-23,04088,AV,AVE / Alta Velocidad LD,LAV Norte/NW,Intercity,Par (↓ Sur/Destino),15100,Leon,17000,Madrid-Chamartín-Clara Campoamor,5,Leon > Palencia > Valladolid > Segovia Guiomar > Madrid-Chamartín-Clara Campoamor
2026-04-23,04091,AV,AVE / Alta Velocidad LD,LAV Norte/NW,ALVIA,Impar (↑ Norte/Origen),17000,Madrid-Chamartín-Clara Campoamor,16403,Avilés,7,Madrid-Chamartín-Clara Campoamor > Valladolid > Palencia > Leon > Mieres Puente > Oviedo/Uviéu > Avilés
2026-04-23,04114,AV,AVE / Alta Velocidad LD,LAV Norte/NW,ALVIA,Par (↓ Sur/Destino),20309,Lugo,17000,Madrid-Chamartín-Clara Campoamor,9,Lugo > Sarria > Monforte de Lemos > Ourense > A Gudiña-Porta de Galicia > Sanabria Alta Velocidad > Zamora > Medina del Campo Alta Velocidad > Madrid-Chamartín-Clara Campoamor
2026-04-23,04114,AV,AVE / Alta Velocidad LD,LAV Norte/NW,ALVIA,Par (↓ Sur/Destino),22100,Ourense,17000,Madrid-Chamartín-Clara Campoamor,6,Ourense > A Gudiña-Porta de Galicia > Sanabria Alta Velocidad > Zamora > Medina del Campo Alta Velocidad > Madrid-Chamartín-Clara Campoamor
2026-04-23,04121,AV,AVE / Alta Velocidad LD,LAV Norte/NW,AVLO,Impar (↑ Norte/Origen),17000,Madrid-Chamartín-Clara Campoamor,15410,Gijón/Xixón,9,Madrid-Chamartín-Clara Campoamor > Segovia Guiomar > Valladolid > Palencia > Leon > Pola De Lena/La Pola > Mieres Puente > Oviedo/Uviéu > Gijón/Xixón
2026-04-23,04121,AV,AVE / Alta Velocidad LD,LAV Norte/NW,AVLO,Impar (↑ Norte/Origen),17000,Madrid-Chamartín-Clara Campoamor,15100,Leon,5,Madrid-Chamartín-Clara Campoamor > Segovia Guiomar > Valladolid > Palencia > Leon
2026-04-23,04121,AV,AVE / Alta Velocidad LD,LAV Norte/NW,AVLO,Impar (↑ Norte/Origen),17000,Madrid-Chamartín-Clara Campoamor,10600,Valladolid,3,Madrid-Chamartín-Clara Campoamor > Segovia Guiomar > Valladolid
2026-04-23,04121,AV,AVE / Alta Velocidad LD,LAV Norte/NW,AVLO,Impar (↑ Norte/Origen),15100,Leon,15410,Gijón/Xixón,5,Leon > Pola De Lena/La Pola > Mieres Puente > Oviedo/Uviéu > Gijón/Xixón
2026-04-23,04140,AV,AVE / Alta Velocidad LD,LAV Norte/NW,ALVIA,Par (↓ Sur/Destino),15410,Gijón/Xixón,60911,Alicante/Alacant,12,Gijón/Xixón > Oviedo/Uviéu > Mieres Puente > Pola De Lena/La Pola > Leon > Palencia > Valladolid > Madrid-Chamartín-Clara Campoamor > Cuenca Fernando Zobel > Albacete-Los Llanos > Villena Av > Alicante/Alacant
2026-04-23,04140,AV,AVE / Alta Velocidad LD,LAV Norte/NW,ALVIA,Par (↓ Sur/Destino),15410,Gijón/Xixón,15100,Leon,5,Gijón/Xixón > Oviedo/Uviéu > Mieres Puente > Pola De Lena/La Pola > Leon
2026-04-23,04140,AV,AVE / Alta Velocidad LD,LAV Norte/NW,ALVIA,Par (↓ Sur/Destino),10600,Valladolid,60911,Alicante/Alacant,6,Valladolid > Madrid-Chamartín-Clara Campoamor > Cuenca Fernando Zobel > Albacete-Los Llanos > Villena Av > Alicante/Alacant
2026-04-23,04140,AV,AVE / Alta Velocidad LD,LAV Norte/NW,ALVIA,Par (↓ Sur/Destino),15410,Gijón/Xixón,17000,Madrid-Chamartín-Clara Campoamor,8,Gijón/Xixón > Oviedo/Uviéu > Mieres Puente > Pola De Lena/La Pola > Leon > Palencia > Valladolid > Madrid-Chamartín-Clara Campoamor
2026-04-23,04142,AV,AVE / Alta Velocidad LD,LAV Norte/NW,ALVIA,Par (↓ Sur/Destino),14223,Santander,17000,Madrid-Chamartín-Clara Campoamor,5,Santander > Torrelavega/Tanos > Palencia > Valladolid > Madrid-Chamartín-Clara Campoamor
2026-04-23,04143,AV,AVE / Alta Velocidad LD,LAV Norte/NW,ALVIA,Impar (↑ Norte/Origen),60911,Alicante/Alacant,14223,Santander,10,Alicante/Alacant > Villena Av > Albacete-Los Llanos > Cuenca Fernando Zobel > Madrid-Chamartín-Clara Campoamor > Segovia Guiomar > Valladolid > Palencia > Torrelavega/Tanos > Santander
2026-04-23,04153,AV,AVE / Alta Velocidad LD,LAV Norte/NW,Intercity,Impar (↑ Norte/Origen),17000,Madrid-Chamartín-Clara Campoamor,14223,Santander,6,Madrid-Chamartín-Clara Campoamor > Valladolid > Palencia > Reinosa > Torrelavega/Tanos > Santander
2026-04-23,04154,AV,AVE / Alta Velocidad LD,LAV Norte/NW,AVLO,Par (↓ Sur/Destino),31412,A Coruña,17000,Madrid-Chamartín-Clara Campoamor,5,A Coruña > Santiago de Compostela > Ourense > Zamora > Madrid-Chamartín-Clara Campoamor
2026-04-23,04154,AV,AVE / Alta Velocidad LD,LAV Norte/NW,AVLO,Par (↓ Sur/Destino),22100,Ourense,17000,Madrid-Chamartín-Clara Campoamor,3,Ourense > Zamora > Madrid-Chamartín-Clara Campoamor
2026-04-23,04161,AV,AVE / Alta Velocidad LD,LAV Norte/NW,AVE,Impar (↑ Norte/Origen),17000,Madrid-Chamartín-Clara Campoamor,15410,Gijón/Xixón,5,Madrid-Chamartín-Clara Campoamor > Valladolid > Leon > Oviedo/Uviéu > Gijón/Xixón
2026-04-23,04162,AV,AVE / Alta Velocidad LD,LAV Norte/NW,Intercity,Par (↓ Sur/Destino),14223,Santander,17000,Madrid-Chamartín-Clara Campoamor,6,Santander > Torrelavega/Tanos > Reinosa > Palencia > Valladolid > Madrid-Chamartín-Clara Campoamor
2026-04-23,04166,AV,AVE / Alta Velocidad LD,LAV Norte/NW,Intercity,Par (↓ Sur/Destino),11600,Irun,17000,Madrid-Chamartín-Clara Campoamor,9,Irun > San Sebastián/Donostia > Zumarraga > Vitoria/Gasteiz > Miranda De Ebro > Burgos Rosa Manzano > Valladolid > Segovia Guiomar > Madrid-Chamartín-Clara Campoamor
2026-04-23,04167,AV,AVE / Alta Velocidad LD,LAV Norte/NW,ALVIA,Impar (↑ Norte/Origen),17000,Madrid-Chamartín-Clara Campoamor,11600,Irun,10,Madrid-Chamartín-Clara Campoamor > Segovia Guiomar > Valladolid > Burgos Rosa Manzano > Miranda De Ebro > Vitoria/Gasteiz > Zumarraga > Tolosa > San Sebastián/Donostia > Irun
2026-04-23,04167,AV,AVE / Alta Velocidad LD,LAV Norte/NW,ALVIA,Impar (↑ Norte/Origen),17000,Madrid-Chamartín-Clara Campoamor,10600,Valladolid,3,Madrid-Chamartín-Clara Campoamor > Segovia Guiomar > Valladolid
2026-04-23,04167,AV,AVE / Alta Velocidad LD,LAV Norte/NW,ALVIA,Impar (↑ Norte/Origen),11200,Miranda De Ebro,11600,Irun,6,Miranda De Ebro > Vitoria/Gasteiz > Zumarraga > Tolosa > San Sebastián/Donostia > Irun
2026-04-23,04170,AV,AVE / Alta Velocidad LD,LAV Norte/NW,ALVIA,Par (↓ Sur/Destino),16403,Avilés,17000,Madrid-Chamartín-Clara Campoamor,7,Avilés > Oviedo/Uviéu > Pola De Lena/La Pola > Leon > Palencia > Valladolid > Madrid-Chamartín-Clara Campoamor
2026-04-23,04176,AV,AVE / Alta Velocidad LD,LAV Norte/NW,ALVIA,Par (↓ Sur/Destino),11600,Irun,17000,Madrid-Chamartín-Clara Campoamor,10,Irun > San Sebastián/Donostia > Tolosa > Zumarraga > Vitoria/Gasteiz > Miranda De Ebro > Burgos Rosa Manzano > Valladolid > Segovia Guiomar > Madrid-Chamartín-Clara Campoamor
2026-04-23,04176,AV,AVE / Alta Velocidad LD,LAV Norte/NW,ALVIA,Par (↓ Sur/Destino),11600,Irun,10600,Valladolid,8,Irun > San Sebastián/Donostia > Tolosa > Zumarraga > Vitoria/Gasteiz > Miranda De Ebro > Burgos Rosa Manzano > Valladolid
2026-04-23,04179,AV,AVE / Alta Velocidad LD,LAV Norte/NW,Intercity,Impar (↑ Norte/Origen),17000,Madrid-Chamartín-Clara Campoamor,20200,Ponferrada,13,Madrid-Chamartín-Clara Campoamor > Segovia Guiomar > Valladolid > Palencia > Leon > Veguellina > Astorga > Vega-Magaz > Brañuelas > Torre del Bierzo > Bembibre > San Miguel de Las Dueñas > Ponferrada
2026-04-23,04179,AV,AVE / Alta Velocidad LD,LAV Norte/NW,Intercity,Impar (↑ Norte/Origen),17000,Madrid-Chamartín-Clara Campoamor,10600,Valladolid,3,Madrid-Chamartín-Clara Campoamor > Segovia Guiomar > Valladolid
2026-04-23,04181,AV,AVE / Alta Velocidad LD,LAV Norte/NW,ALVIA,Impar (↑ Norte/Origen),60911,Alicante/Alacant,15410,Gijón/Xixón,12,Alicante/Alacant > Villena Av > Albacete-Los Llanos > Cuenca Fernando Zobel > Madrid-Chamartín-Clara Campoamor > Valladolid > Palencia > Leon > Pola De Lena/La Pola > Mieres Puente > Oviedo/Uviéu > Gijón/Xixón
2026-04-23,04186,AV,AVE / Alta Velocidad LD,LAV Norte/NW,ALVIA,Par (↓ Sur/Destino),13200,Bilbao-Abando Indalecio Prieto,17000,Madrid-Chamartín-Clara Campoamor,7,Bilbao-Abando Indalecio Prieto > Llodio > Miranda De Ebro > Burgos Rosa Manzano > Valladolid > Segovia Guiomar > Madrid-Chamartín-Clara Campoamor
2026-04-23,04186,AV,AVE / Alta Velocidad LD,LAV Norte/NW,ALVIA,Par (↓ Sur/Destino),13200,Bilbao-Abando Indalecio Prieto,11200,Miranda De Ebro,3,Bilbao-Abando Indalecio Prieto > Llodio > Miranda De Ebro
2026-04-23,04186,AV,AVE / Alta Velocidad LD,LAV Norte/NW,ALVIA,Par (↓ Sur/Destino),10600,Valladolid,17000,Madrid-Chamartín-Clara Campoamor,3,Valladolid > Segovia Guiomar > Madrid-Chamartín-Clara Campoamor
2026-04-23,04186,AV,AVE / Alta Velocidad LD,LAV Norte/NW,ALVIA,Par (↓ Sur/Destino),10600,Valladolid,08004,Segovia Guiomar,2,Valladolid > Segovia Guiomar
2026-04-23,04187,AV,AVE / Alta Velocidad LD,LAV Norte/NW,ALVIA,Impar (↑ Norte/Origen),17000,Madrid-Chamartín-Clara Campoamor,13200,Bilbao-Abando Indalecio Prieto,7,Madrid-Chamartín-Clara Campoamor > Segovia Guiomar > Valladolid > Burgos Rosa Manzano > Miranda De Ebro > Llodio > Bilbao-Abando Indalecio Prieto
2026-04-23,04190,AV,AVE / Alta Velocidad LD,LAV Norte/NW,AVLO,Par (↓ Sur/Destino),15410,Gijón/Xixón,17000,Madrid-Chamartín-Clara Campoamor,9,Gijón/Xixón > Oviedo/Uviéu > Mieres Puente > Pola De Lena/La Pola > Leon > Palencia > Valladolid > Segovia Guiomar > Madrid-Chamartín-Clara Campoamor
2026-04-23,04190,AV,AVE / Alta Velocidad LD,LAV Norte/NW,AVLO,Par (↓ Sur/Destino),15100,Leon,17000,Madrid-Chamartín-Clara Campoamor,5,Leon > Palencia > Valladolid > Segovia Guiomar > Madrid-Chamartín-Clara Campoamor
2026-04-23,04192,AV,AVE / Alta Velocidad LD,LAV Norte/NW,ALVIA,Par (↓ Sur/Destino),14223,Santander,17000,Madrid-Chamartín-Clara Campoamor,7,Santander > Torrelavega/Tanos > Reinosa > Aguilar de Campoo > Palencia > Valladolid > Madrid-Chamartín-Clara Campoamor
2026-04-23,04193,AV,AVE / Alta Velocidad LD,LAV Norte/NW,ALVIA,Impar (↑ Norte/Origen),17000,Madrid-Chamartín-Clara Campoamor,14223,Santander,7,Madrid-Chamartín-Clara Campoamor > Valladolid > Palencia > Aguilar de Campoo > Reinosa > Torrelavega/Tanos > Santander
2026-04-23,04193,AV,AVE / Alta Velocidad LD,LAV Norte/NW,ALVIA,Impar (↑ Norte/Origen),17000,Madrid-Chamartín-Clara Campoamor,10600,Valladolid,2,Madrid-Chamartín-Clara Campoamor > Valladolid
2026-04-23,04254,AV,AVE / Alta Velocidad LD,LAV Norte/NW,AVE,Par (↓ Sur/Destino),08223,Vigo Urzaiz,17000,Madrid-Chamartín-Clara Campoamor,6,Vigo Urzaiz > Pontevedra > Santiago de Compostela > Ourense > Zamora > Madrid-Chamartín-Clara Campoamor
2026-04-23,04257,AV,AVE / Alta Velocidad LD,LAV Norte/NW,Intercity,Impar (↑ Norte/Origen),17000,Madrid-Chamartín-Clara Campoamor,11600,Irun,9,Madrid-Chamartín-Clara Campoamor > Valladolid > Burgos Rosa Manzano > Miranda De Ebro > Vitoria/Gasteiz > Zumarraga > Tolosa > San Sebastián/Donostia > Irun
2026-04-23,04261,AV,AVE / Alta Velocidad LD,LAV Norte/NW,ALVIA,Impar (↑ Norte/Origen),17000,Madrid-Chamartín-Clara Campoamor,15410,Gijón/Xixón,7,Madrid-Chamartín-Clara Campoamor > Valladolid > Palencia > Leon > Pola De Lena/La Pola > Oviedo/Uviéu > Gijón/Xixón
2026-04-23,04267,AV,AVE / Alta Velocidad LD,LAV Norte/NW,ALVIA,Impar (↑ Norte/Origen),17000,Madrid-Chamartín-Clara Campoamor,13200,Bilbao-Abando Indalecio Prieto,7,Madrid-Chamartín-Clara Campoamor > Segovia Guiomar > Valladolid > Burgos Rosa Manzano > Miranda De Ebro > Llodio > Bilbao-Abando Indalecio Prieto
2026-04-23,04267,AV,AVE / Alta Velocidad LD,LAV Norte/NW,ALVIA,Impar (↑ Norte/Origen),11200,Miranda De Ebro,13200,Bilbao-Abando Indalecio Prieto,3,Miranda De Ebro > Llodio > Bilbao-Abando Indalecio Prieto
2026-04-23,04267,AV,AVE / Alta Velocidad LD,LAV Norte/NW,ALVIA,Impar (↑ Norte/Origen),17000,Madrid-Chamartín-Clara Campoamor,10600,Valladolid,3,Madrid-Chamartín-Clara Campoamor > Segovia Guiomar > Valladolid
2026-04-23,04280,AV,AVE / Alta Velocidad LD,LAV Norte/NW,AVE,Par (↓ Sur/Destino),15410,Gijón/Xixón,17000,Madrid-Chamartín-Clara Campoamor,6,Gijón/Xixón > Oviedo/Uviéu > Mieres Puente > Leon > Valladolid > Madrid-Chamartín-Clara Campoamor
2026-04-23,04295,AV,AVE / Alta Velocidad LD,LAV Norte/NW,AVLO,Impar (↑ Norte/Origen),17000,Madrid-Chamartín-Clara Campoamor,31412,A Coruña,9,Madrid-Chamartín-Clara Campoamor > Segovia Guiomar > Medina del Campo Alta Velocidad > Zamora > Sanabria Alta Velocidad > A Gudiña-Porta de Galicia > Ourense > Santiago de Compostela > A Coruña
2026-04-23,04295,AV,AVE / Alta Velocidad LD,LAV Norte/NW,AVLO,Impar (↑ Norte/Origen),17000,Madrid-Chamartín-Clara Campoamor,22100,Ourense,7,Madrid-Chamartín-Clara Campoamor > Segovia Guiomar > Medina del Campo Alta Velocidad > Zamora > Sanabria Alta Velocidad > A Gudiña-Porta de Galicia > Ourense
2026-04-23,04314,AV,AVE / Alta Velocidad LD,LAV Norte/NW,AVE,Par (↓ Sur/Destino),31412,A Coruña,17000,Madrid-Chamartín-Clara Campoamor,5,A Coruña > Santiago de Compostela > Ourense > Zamora > Madrid-Chamartín-Clara Campoamor
2026-04-23,04325,AV,AVE / Alta Velocidad LD,LAV Norte/NW,ALVIA,Impar (↑ Norte/Origen),17000,Madrid-Chamartín-Clara Campoamor,20309,Lugo,9,Madrid-Chamartín-Clara Campoamor > Medina del Campo Alta Velocidad > Zamora > Sanabria Alta Velocidad > A Gudiña-Porta de Galicia > Ourense > Monforte de Lemos > Sarria > Lugo
2026-04-23,04325,AV,AVE / Alta Velocidad LD,LAV Norte/NW,ALVIA,Impar (↑ Norte/Origen),17000,Madrid-Chamartín-Clara Campoamor,22100,Ourense,6,Madrid-Chamartín-Clara Campoamor > Medina del Campo Alta Velocidad > Zamora > Sanabria Alta Velocidad > A Gudiña-Porta de Galicia > Ourense
2026-04-23,04334,AV,AVE / Alta Velocidad LD,LAV Norte/NW,AVLO,Par (↓ Sur/Destino),31412,A Coruña,17000,Madrid-Chamartín-Clara Campoamor,9,A Coruña > Santiago de Compostela > Ourense > A Gudiña-Porta de Galicia > Sanabria Alta Velocidad > Zamora > Medina del Campo Alta Velocidad > Segovia Guiomar > Madrid-Chamartín-Clara Campoamor
2026-04-23,04334,AV,AVE / Alta Velocidad LD,LAV Norte/NW,AVLO,Par (↓ Sur/Destino),22100,Ourense,17000,Madrid-Chamartín-Clara Campoamor,7,Ourense > A Gudiña-Porta de Galicia > Sanabria Alta Velocidad > Zamora > Medina del Campo Alta Velocidad > Segovia Guiomar > Madrid-Chamartín-Clara Campoamor
2026-04-23,04345,AV,AVE / Alta Velocidad LD,LAV Norte/NW,AVE,Impar (↑ Norte/Origen),17000,Madrid-Chamartín-Clara Campoamor,31412,A Coruña,5,Madrid-Chamartín-Clara Campoamor > Zamora > Ourense > Santiago de Compostela > A Coruña
2026-04-23,04345,AV,AVE / Alta Velocidad LD,LAV Norte/NW,AVE,Impar (↑ Norte/Origen),17000,Madrid-Chamartín-Clara Campoamor,22100,Ourense,3,Madrid-Chamartín-Clara Campoamor > Zamora > Ourense
2026-04-23,04364,AV,AVE / Alta Velocidad LD,LAV Norte/NW,AVE,Par (↓ Sur/Destino),31412,A Coruña,17000,Madrid-Chamartín-Clara Campoamor,5,A Coruña > Santiago de Compostela > Ourense > Zamora > Madrid-Chamartín-Clara Campoamor
2026-04-23,04364,AV,AVE / Alta Velocidad LD,LAV Norte/NW,AVE,Par (↓ Sur/Destino),22100,Ourense,17000,Madrid-Chamartín-Clara Campoamor,3,Ourense > Zamora > Madrid-Chamartín-Clara Campoamor
2026-04-23,04366,AV,AVE / Alta Velocidad LD,LAV Norte/NW,ALVIA,Par (↓ Sur/Destino),13200,Bilbao-Abando Indalecio Prieto,17000,Madrid-Chamartín-Clara Campoamor,7,Bilbao-Abando Indalecio Prieto > Llodio > Miranda De Ebro > Burgos Rosa Manzano > Valladolid > Segovia Guiomar > Madrid-Chamartín-Clara Campoamor
2026-04-23,04366,AV,AVE / Alta Velocidad LD,LAV Norte/NW,ALVIA,Par (↓ Sur/Destino),13200,Bilbao-Abando Indalecio Prieto,10600,Valladolid,5,Bilbao-Abando Indalecio Prieto > Llodio > Miranda De Ebro > Burgos Rosa Manzano > Valladolid
2026-04-23,04375,AV,AVE / Alta Velocidad LD,LAV Norte/NW,AVE,Impar (↑ Norte/Origen),17000,Madrid-Chamartín-Clara Campoamor,31412,A Coruña,5,Madrid-Chamartín-Clara Campoamor > Zamora > Ourense > Santiago de Compostela > A Coruña
2026-04-23,04384,AV,AVE / Alta Velocidad LD,LAV Norte/NW,AVE,Par (↓ Sur/Destino),08223,Vigo Urzaiz,17000,Madrid-Chamartín-Clara Campoamor,6,Vigo Urzaiz > Pontevedra > Vilagarcia de Arousa > Ourense > Zamora > Madrid-Chamartín-Clara Campoamor
2026-04-23,04395,AV,AVE / Alta Velocidad LD,LAV Norte/NW,AVE,Impar (↑ Norte/Origen),17000,Madrid-Chamartín-Clara Campoamor,31412,A Coruña,5,Madrid-Chamartín-Clara Campoamor > Zamora > Ourense > Santiago de Compostela > A Coruña
2026-04-23,04395,AV,AVE / Alta Velocidad LD,LAV Norte/NW,AVE,Impar (↑ Norte/Origen),17000,Madrid-Chamartín-Clara Campoamor,22100,Ourense,3,Madrid-Chamartín-Clara Campoamor > Zamora > Ourense
2026-04-23,04404,AV,AVE / Alta Velocidad LD,LAV Norte/NW,AVE,Par (↓ Sur/Destino),31412,A Coruña,17000,Madrid-Chamartín-Clara Campoamor,5,A Coruña > Santiago de Compostela > Ourense > Zamora > Madrid-Chamartín-Clara Campoamor
2026-04-23,04404,AV,AVE / Alta Velocidad LD,LAV Norte/NW,AVE,Par (↓ Sur/Destino),22100,Ourense,17000,Madrid-Chamartín-Clara Campoamor,3,Ourense > Zamora > Madrid-Chamartín-Clara Campoamor
2026-04-23,04405,AV,AVE / Alta Velocidad LD,LAV Norte/NW,AVLO,Impar (↑ Norte/Origen),17000,Madrid-Chamartín-Clara Campoamor,31412,A Coruña,5,Madrid-Chamartín-Clara Campoamor > Zamora > Ourense > Santiago de Compostela > A Coruña
2026-04-23,04405,AV,AVE / Alta Velocidad LD,LAV Norte/NW,AVLO,Impar (↑ Norte/Origen),17000,Madrid-Chamartín-Clara Campoamor,22100,Ourense,3,Madrid-Chamartín-Clara Campoamor > Zamora > Ourense
2026-04-23,04464,AV,AVE / Alta Velocidad LD,LAV Norte/NW,AVE,Par (↓ Sur/Destino),08223,Vigo Urzaiz,17000,Madrid-Chamartín-Clara Campoamor,5,Vigo Urzaiz > Pontevedra > Ourense > Zamora > Madrid-Chamartín-Clara Campoamor
2026-04-23,04475,AV,AVE / Alta Velocidad LD,LAV Norte/NW,AVE,Impar (↑ Norte/Origen),17000,Madrid-Chamartín-Clara Campoamor,08223,Vigo Urzaiz,6,Madrid-Chamartín-Clara Campoamor > Zamora > Ourense > Santiago de Compostela > Pontevedra > Vigo Urzaiz
2026-04-23,04494,AV,AVE / Alta Velocidad LD,LAV Norte/NW,AVLO,Par (↓ Sur/Destino),08223,Vigo Urzaiz,17000,Madrid-Chamartín-Clara Campoamor,10,Vigo Urzaiz > Pontevedra > Vilagarcia de Arousa > Santiago de Compostela > Ourense > A Gudiña-Porta de Galicia > Sanabria Alta Velocidad > Zamora > Medina del Campo Alta Velocidad > Madrid-Chamartín-Clara Campoamor
2026-04-23,04505,AV,AVE / Alta Velocidad LD,LAV Norte/NW,AVE,Impar (↑ Norte/Origen),17000,Madrid-Chamartín-Clara Campoamor,08223,Vigo Urzaiz,7,Madrid-Chamartín-Clara Campoamor > Zamora > Ourense > Santiago de Compostela > Vilagarcia de Arousa > Pontevedra > Vigo Urzaiz
2026-04-23,04515,AV,AVE / Alta Velocidad LD,LAV Norte/NW,AVE,Impar (↑ Norte/Origen),17000,Madrid-Chamartín-Clara Campoamor,08223,Vigo Urzaiz,7,Madrid-Chamartín-Clara Campoamor > Zamora > Ourense > Santiago de Compostela > Vilagarcia de Arousa > Pontevedra > Vigo Urzaiz
2026-04-23,04565,AV,AVE / Alta Velocidad LD,LAV Norte/NW,AVE,Impar (↑ Norte/Origen),17000,Madrid-Chamartín-Clara Campoamor,08223,Vigo Urzaiz,5,Madrid-Chamartín-Clara Campoamor > Zamora > Ourense > Pontevedra > Vigo Urzaiz
2026-04-23,04687,AV,AVE / Alta Velocidad LD,LAV Norte/NW,Intercity,Impar (↑ Norte/Origen),17000,Madrid-Chamartín-Clara Campoamor,81100,Logroño,7,Madrid-Chamartín-Clara Campoamor > Segovia Guiomar > Valladolid > Burgos Rosa Manzano > Miranda De Ebro > Haro > Logroño
2026-04-23,04786,AV,AVE / Alta Velocidad LD,LAV Norte/NW,Intercity,Par (↓ Sur/Destino),81100,Logroño,17000,Madrid-Chamartín-Clara Campoamor,7,Logroño > Haro > Miranda De Ebro > Burgos Rosa Manzano > Valladolid > Segovia Guiomar > Madrid-Chamartín-Clara Campoamor
2026-04-23,04809,AV,AVE / Alta Velocidad LD,LAV Norte/NW,ALVIA,Impar (↑ Norte/Origen),17000,Madrid-Chamartín-Clara Campoamor,30100,Salamanca,4,Madrid-Chamartín-Clara Campoamor > Segovia Guiomar > Medina del Campo Alta Velocidad > Salamanca
2026-04-23,04809,AV,AVE / Alta Velocidad LD,LAV Norte/NW,ALVIA,Impar (↑ Norte/Origen),08004,Segovia Guiomar,30100,Salamanca,3,Segovia Guiomar > Medina del Campo Alta Velocidad > Salamanca
2026-04-23,04868,AV,AVE / Alta Velocidad LD,LAV Norte/NW,ALVIA,Par (↓ Sur/Destino),30100,Salamanca,17000,Madrid-Chamartín-Clara Campoamor,4,Salamanca > Medina del Campo Alta Velocidad > Segovia Guiomar > Madrid-Chamartín-Clara Campoamor
2026-04-23,04868,AV,AVE / Alta Velocidad LD,LAV Norte/NW,ALVIA,Par (↓ Sur/Destino),30100,Salamanca,08004,Segovia Guiomar,3,Salamanca > Medina del Campo Alta Velocidad > Segovia Guiomar
2026-04-23,04898,AV,AVE / Alta Velocidad LD,LAV Norte/NW,ALVIA,Par (↓ Sur/Destino),30100,Salamanca,17000,Madrid-Chamartín-Clara Campoamor,4,Salamanca > Medina del Campo Alta Velocidad > Segovia Guiomar > Madrid-Chamartín-Clara Campoamor
2026-04-23,04898,AV,AVE / Alta Velocidad LD,LAV Norte/NW,ALVIA,Par (↓ Sur/Destino),30100,Salamanca,08004,Segovia Guiomar,3,Salamanca > Medina del Campo Alta Velocidad > Segovia Guiomar
2026-04-23,04899,AV,AVE / Alta Velocidad LD,LAV Norte/NW,ALVIA,Impar (↑ Norte/Origen),17000,Madrid-Chamartín-Clara Campoamor,30100,Salamanca,4,Madrid-Chamartín-Clara Campoamor > Segovia Guiomar > Medina del Campo Alta Velocidad > Salamanca
2026-04-23,04899,AV,AVE / Alta Velocidad LD,LAV Norte/NW,ALVIA,Impar (↑ Norte/Origen),08004,Segovia Guiomar,30100,Salamanca,3,Segovia Guiomar > Medina del Campo Alta Velocidad > Salamanca
2026-04-23,04909,AV,AVE / Alta Velocidad LD,LAV Norte/NW,ALVIA,Impar (↑ Norte/Origen),17000,Madrid-Chamartín-Clara Campoamor,30100,Salamanca,4,Madrid-Chamartín-Clara Campoamor > Segovia Guiomar > Medina del Campo Alta Velocidad > Salamanca
2026-04-23,04909,AV,AVE / Alta Velocidad LD,LAV Norte/NW,ALVIA,Impar (↑ Norte/Origen),08004,Segovia Guiomar,30100,Salamanca,3,Segovia Guiomar > Medina del Campo Alta Velocidad > Salamanca
2026-04-23,04918,AV,AVE / Alta Velocidad LD,LAV Norte/NW,ALVIA,Par (↓ Sur/Destino),30100,Salamanca,17000,Madrid-Chamartín-Clara Campoamor,4,Salamanca > Medina del Campo Alta Velocidad > Segovia Guiomar > Madrid-Chamartín-Clara Campoamor
2026-04-23,04929,AV,AVE / Alta Velocidad LD,LAV Norte/NW,ALVIA,Impar (↑ Norte/Origen),17000,Madrid-Chamartín-Clara Campoamor,30100,Salamanca,4,Madrid-Chamartín-Clara Campoamor > Segovia Guiomar > Medina del Campo Alta Velocidad > Salamanca
2026-04-23,04929,AV,AVE / Alta Velocidad LD,LAV Norte/NW,ALVIA,Impar (↑ Norte/Origen),08004,Segovia Guiomar,30100,Salamanca,3,Segovia Guiomar > Medina del Campo Alta Velocidad > Salamanca
2026-04-23,04958,AV,AVE / Alta Velocidad LD,LAV Norte/NW,ALVIA,Par (↓ Sur/Destino),30100,Salamanca,17000,Madrid-Chamartín-Clara Campoamor,4,Salamanca > Medina del Campo Alta Velocidad > Segovia Guiomar > Madrid-Chamartín-Clara Campoamor
2026-04-23,04958,AV,AVE / Alta Velocidad LD,LAV Norte/NW,ALVIA,Par (↓ Sur/Destino),30100,Salamanca,08004,Segovia Guiomar,3,Salamanca > Medina del Campo Alta Velocidad > Segovia Guiomar
2026-04-23,04969,AV,AVE / Alta Velocidad LD,LAV Norte/NW,ALVIA,Impar (↑ Norte/Origen),17000,Madrid-Chamartín-Clara Campoamor,30100,Salamanca,4,Madrid-Chamartín-Clara Campoamor > Segovia Guiomar > Medina del Campo Alta Velocidad > Salamanca
2026-04-23,04969,AV,AVE / Alta Velocidad LD,LAV Norte/NW,ALVIA,Impar (↑ Norte/Origen),08004,Segovia Guiomar,30100,Salamanca,3,Segovia Guiomar > Medina del Campo Alta Velocidad > Salamanca
2026-04-23,04975,AV,AVE / Alta Velocidad LD,LAV Norte/NW,AVLO,Impar (↑ Norte/Origen),17000,Madrid-Chamartín-Clara Campoamor,08223,Vigo Urzaiz,10,Madrid-Chamartín-Clara Campoamor > Medina del Campo Alta Velocidad > Zamora > Sanabria Alta Velocidad > A Gudiña-Porta de Galicia > Ourense > Santiago de Compostela > Vilagarcia de Arousa > Pontevedra > Vigo Urzaiz
2026-04-23,04988,AV,AVE / Alta Velocidad LD,LAV Norte/NW,ALVIA,Par (↓ Sur/Destino),30100,Salamanca,17000,Madrid-Chamartín-Clara Campoamor,4,Salamanca > Medina del Campo Alta Velocidad > Segovia Guiomar > Madrid-Chamartín-Clara Campoamor
2026-04-23,04988,AV,AVE / Alta Velocidad LD,LAV Norte/NW,ALVIA,Par (↓ Sur/Destino),30100,Salamanca,08004,Segovia Guiomar,3,Salamanca > Medina del Campo Alta Velocidad > Segovia Guiomar
2026-04-23,05063,AV,AVE / Alta Velocidad LD,LAV Levante,AVE,Impar (↑ Norte/Origen),60911,Alicante/Alacant,17000,Madrid-Chamartín-Clara Campoamor,5,Alicante/Alacant > Villena Av > Albacete-Los Llanos > Cuenca Fernando Zobel > Madrid-Chamartín-Clara Campoamor
2026-04-23,05064,AV,AVE / Alta Velocidad LD,LAV Levante,AVLO,Par (↓ Sur/Destino),17000,Madrid-Chamartín-Clara Campoamor,03216,Valencia Joaquin Sorolla,4,Madrid-Chamartín-Clara Campoamor > Cuenca Fernando Zobel > Requena Utiel > Valencia Joaquin Sorolla
2026-04-23,05064,AV,AVE / Alta Velocidad LD,LAV Levante,AVLO,Par (↓ Sur/Destino),17000,Madrid-Chamartín-Clara Campoamor,03213,Requena Utiel,3,Madrid-Chamartín-Clara Campoamor > Cuenca Fernando Zobel > Requena Utiel
2026-04-23,05065,AV,AVE / Alta Velocidad LD,LAV Levante,AVLO,Impar (↑ Norte/Origen),03216,Valencia Joaquin Sorolla,17000,Madrid-Chamartín-Clara Campoamor,4,Valencia Joaquin Sorolla > Requena Utiel > Cuenca Fernando Zobel > Madrid-Chamartín-Clara Campoamor
2026-04-23,05065,AV,AVE / Alta Velocidad LD,LAV Levante,AVLO,Impar (↑ Norte/Origen),03213,Requena Utiel,17000,Madrid-Chamartín-Clara Campoamor,3,Requena Utiel > Cuenca Fernando Zobel > Madrid-Chamartín-Clara Campoamor
2026-04-23,05070,AV,AVE / Alta Velocidad LD,LAV Levante,AVE,Par (↓ Sur/Destino),17000,Madrid-Chamartín-Clara Campoamor,03216,Valencia Joaquin Sorolla,3,Madrid-Chamartín-Clara Campoamor > Cuenca Fernando Zobel > Valencia Joaquin Sorolla
2026-04-23,05071,AV,AVE / Alta Velocidad LD,LAV Levante,AVE,Impar (↑ Norte/Origen),03216,Valencia Joaquin Sorolla,15100,Leon,5,Valencia Joaquin Sorolla > Madrid-Chamartín-Clara Campoamor > Valladolid > Palencia > Leon
2026-04-23,05071,AV,AVE / Alta Velocidad LD,LAV Levante,AVE,Impar (↑ Norte/Origen),03216,Valencia Joaquin Sorolla,17000,Madrid-Chamartín-Clara Campoamor,2,Valencia Joaquin Sorolla > Madrid-Chamartín-Clara Campoamor
2026-04-23,05071,AV,AVE / Alta Velocidad LD,LAV Levante,AVE,Impar (↑ Norte/Origen),17000,Madrid-Chamartín-Clara Campoamor,15100,Leon,4,Madrid-Chamartín-Clara Campoamor > Valladolid > Palencia > Leon
2026-04-23,05071,AV,AVE / Alta Velocidad LD,LAV Levante,AVE,Impar (↑ Norte/Origen),17000,Madrid-Chamartín-Clara Campoamor,10600,Valladolid,2,Madrid-Chamartín-Clara Campoamor > Valladolid
2026-04-23,05072,AV,AVE / Alta Velocidad LD,LAV Levante,AVE,Par (↓ Sur/Destino),17000,Madrid-Chamartín-Clara Campoamor,60911,Alicante/Alacant,5,Madrid-Chamartín-Clara Campoamor > Cuenca Fernando Zobel > Albacete-Los Llanos > Villena Av > Alicante/Alacant
2026-04-23,05075,AV,AVE / Alta Velocidad LD,LAV Levante,AVLO,Impar (↑ Norte/Origen),03216,Valencia Joaquin Sorolla,17000,Madrid-Chamartín-Clara Campoamor,4,Valencia Joaquin Sorolla > Requena Utiel > Cuenca Fernando Zobel > Madrid-Chamartín-Clara Campoamor
2026-04-23,05080,AV,AVE / Alta Velocidad LD,LAV Levante,AVE,Par (↓ Sur/Destino),11014,Burgos Rosa Manzano,03216,Valencia Joaquin Sorolla,4,Burgos Rosa Manzano > Valladolid > Madrid-Chamartín-Clara Campoamor > Valencia Joaquin Sorolla
2026-04-23,05080,AV,AVE / Alta Velocidad LD,LAV Levante,AVE,Par (↓ Sur/Destino),11014,Burgos Rosa Manzano,10600,Valladolid,2,Burgos Rosa Manzano > Valladolid
2026-04-23,05080,AV,AVE / Alta Velocidad LD,LAV Levante,AVE,Par (↓ Sur/Destino),17000,Madrid-Chamartín-Clara Campoamor,03216,Valencia Joaquin Sorolla,2,Madrid-Chamartín-Clara Campoamor > Valencia Joaquin Sorolla
2026-04-23,05081,AV,AVE / Alta Velocidad LD,LAV Levante,AVE,Impar (↑ Norte/Origen),03216,Valencia Joaquin Sorolla,17000,Madrid-Chamartín-Clara Campoamor,2,Valencia Joaquin Sorolla > Madrid-Chamartín-Clara Campoamor
2026-04-23,05083,AV,AVE / Alta Velocidad LD,LAV Levante,AVE,Impar (↑ Norte/Origen),60911,Alicante/Alacant,17000,Madrid-Chamartín-Clara Campoamor,5,Alicante/Alacant > Villena Av > Albacete-Los Llanos > Cuenca Fernando Zobel > Madrid-Chamartín-Clara Campoamor
2026-04-23,05092,AV,AVE / Alta Velocidad LD,LAV Levante,AVE,Par (↓ Sur/Destino),15100,Leon,60911,Alicante/Alacant,7,Leon > Palencia > Valladolid > Madrid-Chamartín-Clara Campoamor > Cuenca Fernando Zobel > Albacete-Los Llanos > Alicante/Alacant
2026-04-23,05092,AV,AVE / Alta Velocidad LD,LAV Levante,AVE,Par (↓ Sur/Destino),17000,Madrid-Chamartín-Clara Campoamor,60911,Alicante/Alacant,4,Madrid-Chamartín-Clara Campoamor > Cuenca Fernando Zobel > Albacete-Los Llanos > Alicante/Alacant
2026-04-23,05093,AV,AVE / Alta Velocidad LD,LAV Levante,AVE,Impar (↑ Norte/Origen),60911,Alicante/Alacant,17000,Madrid-Chamartín-Clara Campoamor,4,Alicante/Alacant > Villena Av > Albacete-Los Llanos > Madrid-Chamartín-Clara Campoamor
2026-04-23,05095,AV,AVE / Alta Velocidad LD,LAV Levante,AVLO,Impar (↑ Norte/Origen),03216,Valencia Joaquin Sorolla,17000,Madrid-Chamartín-Clara Campoamor,4,Valencia Joaquin Sorolla > Requena Utiel > Cuenca Fernando Zobel > Madrid-Chamartín-Clara Campoamor
2026-04-23,05100,AV,AVE / Alta Velocidad LD,LAV Levante,AVE,Par (↓ Sur/Destino),17000,Madrid-Chamartín-Clara Campoamor,03216,Valencia Joaquin Sorolla,4,Madrid-Chamartín-Clara Campoamor > Cuenca Fernando Zobel > Requena Utiel > Valencia Joaquin Sorolla
2026-04-23,05101,AV,AVE / Alta Velocidad LD,LAV Levante,AVE,Impar (↑ Norte/Origen),03216,Valencia Joaquin Sorolla,15100,Leon,8,Valencia Joaquin Sorolla > Requena Utiel > Cuenca Fernando Zobel > Madrid-Chamartín-Clara Campoamor > Segovia Guiomar > Valladolid > Palencia > Leon
2026-04-23,05101,AV,AVE / Alta Velocidad LD,LAV Levante,AVE,Impar (↑ Norte/Origen),03216,Valencia Joaquin Sorolla,17000,Madrid-Chamartín-Clara Campoamor,4,Valencia Joaquin Sorolla > Requena Utiel > Cuenca Fernando Zobel > Madrid-Chamartín-Clara Campoamor
2026-04-23,05101,AV,AVE / Alta Velocidad LD,LAV Levante,AVE,Impar (↑ Norte/Origen),03213,Requena Utiel,17000,Madrid-Chamartín-Clara Campoamor,3,Requena Utiel > Cuenca Fernando Zobel > Madrid-Chamartín-Clara Campoamor
2026-04-23,05101,AV,AVE / Alta Velocidad LD,LAV Levante,AVE,Impar (↑ Norte/Origen),10600,Valladolid,15100,Leon,3,Valladolid > Palencia > Leon
2026-04-23,05102,AV,AVE / Alta Velocidad LD,LAV Levante,AVE,Par (↓ Sur/Destino),17000,Madrid-Chamartín-Clara Campoamor,60911,Alicante/Alacant,2,Madrid-Chamartín-Clara Campoamor > Alicante/Alacant
2026-04-23,05110,AV,AVE / Alta Velocidad LD,LAV Levante,AVE,Par (↓ Sur/Destino),17000,Madrid-Chamartín-Clara Campoamor,03216,Valencia Joaquin Sorolla,2,Madrid-Chamartín-Clara Campoamor > Valencia Joaquin Sorolla
2026-04-23,05113,AV,AVE / Alta Velocidad LD,LAV Levante,AVE,Impar (↑ Norte/Origen),60911,Alicante/Alacant,17000,Madrid-Chamartín-Clara Campoamor,3,Alicante/Alacant > Albacete-Los Llanos > Madrid-Chamartín-Clara Campoamor
2026-04-23,05120,AV,AVE / Alta Velocidad LD,LAV Levante,AVE,Par (↓ Sur/Destino),17000,Madrid-Chamartín-Clara Campoamor,03216,Valencia Joaquin Sorolla,4,Madrid-Chamartín-Clara Campoamor > Cuenca Fernando Zobel > Requena Utiel > Valencia Joaquin Sorolla
2026-04-23,05120,AV,AVE / Alta Velocidad LD,LAV Levante,AVE,Par (↓ Sur/Destino),17000,Madrid-Chamartín-Clara Campoamor,03213,Requena Utiel,3,Madrid-Chamartín-Clara Campoamor > Cuenca Fernando Zobel > Requena Utiel
2026-04-23,05124,AV,AVE / Alta Velocidad LD,LAV Levante,AVLO,Par (↓ Sur/Destino),17000,Madrid-Chamartín-Clara Campoamor,03216,Valencia Joaquin Sorolla,4,Madrid-Chamartín-Clara Campoamor > Cuenca Fernando Zobel > Requena Utiel > Valencia Joaquin Sorolla
2026-04-23,05124,AV,AVE / Alta Velocidad LD,LAV Levante,AVLO,Par (↓ Sur/Destino),17000,Madrid-Chamartín-Clara Campoamor,03213,Requena Utiel,3,Madrid-Chamartín-Clara Campoamor > Cuenca Fernando Zobel > Requena Utiel
2026-04-23,05131,AV,AVE / Alta Velocidad LD,LAV Levante,AVE,Impar (↑ Norte/Origen),03216,Valencia Joaquin Sorolla,17000,Madrid-Chamartín-Clara Campoamor,4,Valencia Joaquin Sorolla > Requena Utiel > Cuenca Fernando Zobel > Madrid-Chamartín-Clara Campoamor
2026-04-23,05140,AV,AVE / Alta Velocidad LD,LAV Levante,AVE,Par (↓ Sur/Destino),17000,Madrid-Chamartín-Clara Campoamor,03216,Valencia Joaquin Sorolla,4,Madrid-Chamartín-Clara Campoamor > Cuenca Fernando Zobel > Requena Utiel > Valencia Joaquin Sorolla
2026-04-23,05140,AV,AVE / Alta Velocidad LD,LAV Levante,AVE,Par (↓ Sur/Destino),17000,Madrid-Chamartín-Clara Campoamor,03213,Requena Utiel,3,Madrid-Chamartín-Clara Campoamor > Cuenca Fernando Zobel > Requena Utiel
2026-04-23,05142,AV,AVE / Alta Velocidad LD,LAV Levante,AVE,Par (↓ Sur/Destino),17000,Madrid-Chamartín-Clara Campoamor,60911,Alicante/Alacant,4,Madrid-Chamartín-Clara Campoamor > Albacete-Los Llanos > Villena Av > Alicante/Alacant
2026-04-23,05143,AV,AVE / Alta Velocidad LD,LAV Levante,AVE,Impar (↑ Norte/Origen),60911,Alicante/Alacant,17000,Madrid-Chamartín-Clara Campoamor,5,Alicante/Alacant > Villena Av > Albacete-Los Llanos > Cuenca Fernando Zobel > Madrid-Chamartín-Clara Campoamor
2026-04-23,05152,AV,AVE / Alta Velocidad LD,LAV Levante,AVE,Par (↓ Sur/Destino),17000,Madrid-Chamartín-Clara Campoamor,60911,Alicante/Alacant,2,Madrid-Chamartín-Clara Campoamor > Alicante/Alacant
2026-04-23,05153,AV,AVE / Alta Velocidad LD,LAV Levante,AVE,Impar (↑ Norte/Origen),60911,Alicante/Alacant,17000,Madrid-Chamartín-Clara Campoamor,2,Alicante/Alacant > Madrid-Chamartín-Clara Campoamor
2026-04-23,05155,AV,AVE / Alta Velocidad LD,LAV Levante,AVLO,Impar (↑ Norte/Origen),03216,Valencia Joaquin Sorolla,17000,Madrid-Chamartín-Clara Campoamor,4,Valencia Joaquin Sorolla > Requena Utiel > Cuenca Fernando Zobel > Madrid-Chamartín-Clara Campoamor
2026-04-23,05160,AV,AVE / Alta Velocidad LD,LAV Levante,AVE,Par (↓ Sur/Destino),17000,Madrid-Chamartín-Clara Campoamor,03216,Valencia Joaquin Sorolla,2,Madrid-Chamartín-Clara Campoamor > Valencia Joaquin Sorolla
2026-04-23,05161,AV,AVE / Alta Velocidad LD,LAV Levante,AVE,Impar (↑ Norte/Origen),03216,Valencia Joaquin Sorolla,17000,Madrid-Chamartín-Clara Campoamor,3,Valencia Joaquin Sorolla > Cuenca Fernando Zobel > Madrid-Chamartín-Clara Campoamor
2026-04-23,05162,AV,AVE / Alta Velocidad LD,LAV Levante,AVE,Par (↓ Sur/Destino),17000,Madrid-Chamartín-Clara Campoamor,60911,Alicante/Alacant,5,Madrid-Chamartín-Clara Campoamor > Cuenca Fernando Zobel > Albacete-Los Llanos > Villena Av > Alicante/Alacant
2026-04-23,05170,AV,AVE / Alta Velocidad LD,LAV Levante,AVE,Par (↓ Sur/Destino),15100,Leon,03216,Valencia Joaquin Sorolla,7,Leon > Palencia > Valladolid > Madrid-Chamartín-Clara Campoamor > Cuenca Fernando Zobel > Requena Utiel > Valencia Joaquin Sorolla
2026-04-23,05170,AV,AVE / Alta Velocidad LD,LAV Levante,AVE,Par (↓ Sur/Destino),17000,Madrid-Chamartín-Clara Campoamor,03216,Valencia Joaquin Sorolla,4,Madrid-Chamartín-Clara Campoamor > Cuenca Fernando Zobel > Requena Utiel > Valencia Joaquin Sorolla
2026-04-23,05171,AV,AVE / Alta Velocidad LD,LAV Levante,AVE,Impar (↑ Norte/Origen),03216,Valencia Joaquin Sorolla,11014,Burgos Rosa Manzano,4,Valencia Joaquin Sorolla > Madrid-Chamartín-Clara Campoamor > Valladolid > Burgos Rosa Manzano
2026-04-23,05171,AV,AVE / Alta Velocidad LD,LAV Levante,AVE,Impar (↑ Norte/Origen),03216,Valencia Joaquin Sorolla,17000,Madrid-Chamartín-Clara Campoamor,2,Valencia Joaquin Sorolla > Madrid-Chamartín-Clara Campoamor
2026-04-23,05171,AV,AVE / Alta Velocidad LD,LAV Levante,AVE,Impar (↑ Norte/Origen),10600,Valladolid,11014,Burgos Rosa Manzano,2,Valladolid > Burgos Rosa Manzano
2026-04-23,05178,AV,AVE / Alta Velocidad LD,LAV Levante,AVLO,Par (↓ Sur/Destino),10600,Valladolid,60911,Alicante/Alacant,6,Valladolid > Madrid-Chamartín-Clara Campoamor > Cuenca Fernando Zobel > Albacete-Los Llanos > Villena Av > Alicante/Alacant
2026-04-23,05181,AV,AVE / Alta Velocidad LD,LAV Levante,AVE,Impar (↑ Norte/Origen),03216,Valencia Joaquin Sorolla,17000,Madrid-Chamartín-Clara Campoamor,4,Valencia Joaquin Sorolla > Requena Utiel > Cuenca Fernando Zobel > Madrid-Chamartín-Clara Campoamor
2026-04-23,05181,AV,AVE / Alta Velocidad LD,LAV Levante,AVE,Impar (↑ Norte/Origen),03213,Requena Utiel,17000,Madrid-Chamartín-Clara Campoamor,3,Requena Utiel > Cuenca Fernando Zobel > Madrid-Chamartín-Clara Campoamor
2026-04-23,05182,AV,AVE / Alta Velocidad LD,LAV Levante,AVE,Par (↓ Sur/Destino),17000,Madrid-Chamartín-Clara Campoamor,60911,Alicante/Alacant,3,Madrid-Chamartín-Clara Campoamor > Albacete-Los Llanos > Alicante/Alacant
2026-04-23,05183,AV,AVE / Alta Velocidad LD,LAV Levante,AVE,Impar (↑ Norte/Origen),60911,Alicante/Alacant,15100,Leon,7,Alicante/Alacant > Albacete-Los Llanos > Cuenca Fernando Zobel > Madrid-Chamartín-Clara Campoamor > Valladolid > Palencia > Leon
2026-04-23,05183,AV,AVE / Alta Velocidad LD,LAV Levante,AVE,Impar (↑ Norte/Origen),60911,Alicante/Alacant,17000,Madrid-Chamartín-Clara Campoamor,4,Alicante/Alacant > Albacete-Los Llanos > Cuenca Fernando Zobel > Madrid-Chamartín-Clara Campoamor
2026-04-23,05183,AV,AVE / Alta Velocidad LD,LAV Levante,AVE,Impar (↑ Norte/Origen),10600,Valladolid,15100,Leon,3,Valladolid > Palencia > Leon
2026-04-23,05184,AV,AVE / Alta Velocidad LD,LAV Levante,AVLO,Par (↓ Sur/Destino),17000,Madrid-Chamartín-Clara Campoamor,03216,Valencia Joaquin Sorolla,4,Madrid-Chamartín-Clara Campoamor > Cuenca Fernando Zobel > Requena Utiel > Valencia Joaquin Sorolla
2026-04-23,05184,AV,AVE / Alta Velocidad LD,LAV Levante,AVLO,Par (↓ Sur/Destino),17000,Madrid-Chamartín-Clara Campoamor,03213,Requena Utiel,3,Madrid-Chamartín-Clara Campoamor > Cuenca Fernando Zobel > Requena Utiel
2026-04-23,05191,AV,AVE / Alta Velocidad LD,LAV Levante,AVE,Impar (↑ Norte/Origen),03216,Valencia Joaquin Sorolla,17000,Madrid-Chamartín-Clara Campoamor,2,Valencia Joaquin Sorolla > Madrid-Chamartín-Clara Campoamor
2026-04-23,05192,AV,AVE / Alta Velocidad LD,LAV Levante,AVE,Par (↓ Sur/Destino),17000,Madrid-Chamartín-Clara Campoamor,60911,Alicante/Alacant,5,Madrid-Chamartín-Clara Campoamor > Cuenca Fernando Zobel > Albacete-Los Llanos > Villena Av > Alicante/Alacant
2026-04-23,05193,AV,AVE / Alta Velocidad LD,LAV Levante,AVE,Impar (↑ Norte/Origen),60911,Alicante/Alacant,17000,Madrid-Chamartín-Clara Campoamor,3,Alicante/Alacant > Albacete-Los Llanos > Madrid-Chamartín-Clara Campoamor
2026-04-23,05200,AV,AVE / Alta Velocidad LD,LAV Levante,AVE,Par (↓ Sur/Destino),15100,Leon,03216,Valencia Joaquin Sorolla,6,Leon > Palencia > Valladolid > Segovia Guiomar > Madrid-Chamartín-Clara Campoamor > Valencia Joaquin Sorolla
2026-04-23,05200,AV,AVE / Alta Velocidad LD,LAV Levante,AVE,Par (↓ Sur/Destino),15100,Leon,17000,Madrid-Chamartín-Clara Campoamor,5,Leon > Palencia > Valladolid > Segovia Guiomar > Madrid-Chamartín-Clara Campoamor
2026-04-23,05200,AV,AVE / Alta Velocidad LD,LAV Levante,AVE,Par (↓ Sur/Destino),17000,Madrid-Chamartín-Clara Campoamor,03216,Valencia Joaquin Sorolla,2,Madrid-Chamartín-Clara Campoamor > Valencia Joaquin Sorolla
2026-04-23,05200,AV,AVE / Alta Velocidad LD,LAV Levante,AVE,Par (↓ Sur/Destino),15100,Leon,10600,Valladolid,3,Leon > Palencia > Valladolid
2026-04-23,05203,AV,AVE / Alta Velocidad LD,LAV Levante,AVE,Impar (↑ Norte/Origen),60911,Alicante/Alacant,17000,Madrid-Chamartín-Clara Campoamor,2,Alicante/Alacant > Madrid-Chamartín-Clara Campoamor
2026-04-23,05214,AV,AVE / Alta Velocidad LD,LAV Levante,AVLO,Par (↓ Sur/Destino),17000,Madrid-Chamartín-Clara Campoamor,03216,Valencia Joaquin Sorolla,4,Madrid-Chamartín-Clara Campoamor > Cuenca Fernando Zobel > Requena Utiel > Valencia Joaquin Sorolla
2026-04-23,05214,AV,AVE / Alta Velocidad LD,LAV Levante,AVLO,Par (↓ Sur/Destino),17000,Madrid-Chamartín-Clara Campoamor,03213,Requena Utiel,3,Madrid-Chamartín-Clara Campoamor > Cuenca Fernando Zobel > Requena Utiel
2026-04-23,05215,AV,AVE / Alta Velocidad LD,LAV Levante,AVLO,Impar (↑ Norte/Origen),03216,Valencia Joaquin Sorolla,17000,Madrid-Chamartín-Clara Campoamor,4,Valencia Joaquin Sorolla > Requena Utiel > Cuenca Fernando Zobel > Madrid-Chamartín-Clara Campoamor
2026-04-23,05215,AV,AVE / Alta Velocidad LD,LAV Levante,AVLO,Impar (↑ Norte/Origen),03213,Requena Utiel,17000,Madrid-Chamartín-Clara Campoamor,3,Requena Utiel > Cuenca Fernando Zobel > Madrid-Chamartín-Clara Campoamor
2026-04-23,05217,AV,AVE / Alta Velocidad LD,LAV Levante,AVLO,Impar (↑ Norte/Origen),60911,Alicante/Alacant,17000,Madrid-Chamartín-Clara Campoamor,5,Alicante/Alacant > Villena Av > Albacete-Los Llanos > Cuenca Fernando Zobel > Madrid-Chamartín-Clara Campoamor
2026-04-23,05273,AV,AVE / Alta Velocidad LD,LAV Levante,AVE,Impar (↑ Norte/Origen),60911,Alicante/Alacant,22100,Ourense,6,Alicante/Alacant > Albacete-Los Llanos > Cuenca Fernando Zobel > Madrid-Chamartín-Clara Campoamor > Zamora > Ourense
2026-04-23,05273,AV,AVE / Alta Velocidad LD,LAV Levante,AVE,Impar (↑ Norte/Origen),60911,Alicante/Alacant,17000,Madrid-Chamartín-Clara Campoamor,4,Alicante/Alacant > Albacete-Los Llanos > Cuenca Fernando Zobel > Madrid-Chamartín-Clara Campoamor
2026-04-23,05312,AV,AVE / Alta Velocidad LD,LAV Levante,AVE,Par (↓ Sur/Destino),15100,Leon,60911,Alicante/Alacant,7,Leon > Palencia > Valladolid > Madrid-Chamartín-Clara Campoamor > Cuenca Fernando Zobel > Albacete-Los Llanos > Alicante/Alacant
2026-04-23,05312,AV,AVE / Alta Velocidad LD,LAV Levante,AVE,Par (↓ Sur/Destino),10600,Valladolid,60911,Alicante/Alacant,5,Valladolid > Madrid-Chamartín-Clara Campoamor > Cuenca Fernando Zobel > Albacete-Los Llanos > Alicante/Alacant
2026-04-23,05382,AV,AVE / Alta Velocidad LD,LAV Levante,AVE,Par (↓ Sur/Destino),22100,Ourense,60911,Alicante/Alacant,6,Ourense > Zamora > Madrid-Chamartín-Clara Campoamor > Cuenca Fernando Zobel > Albacete-Los Llanos > Alicante/Alacant
2026-04-23,05382,AV,AVE / Alta Velocidad LD,LAV Levante,AVE,Par (↓ Sur/Destino),17000,Madrid-Chamartín-Clara Campoamor,60911,Alicante/Alacant,4,Madrid-Chamartín-Clara Campoamor > Cuenca Fernando Zobel > Albacete-Los Llanos > Alicante/Alacant
2026-04-23,05668,AV,AVE / Alta Velocidad LD,LAV Levante,AVLO,Par (↓ Sur/Destino),17000,Madrid-Chamartín-Clara Campoamor,61200,Murcia,8,Madrid-Chamartín-Clara Campoamor > Cuenca Fernando Zobel > Albacete-Los Llanos > Villena Av > Alicante/Alacant > ELX AV > Orihuela-Miguel Hernández > Murcia
2026-04-23,05721,AV,AVE / Alta Velocidad LD,LAV Levante,AVE,Impar (↑ Norte/Origen),65300,Castelló,15410,Gijón/Xixón,11,Castelló > Sagunt/Sagunto > Valencia Joaquin Sorolla > Cuenca Fernando Zobel > Madrid-Chamartín-Clara Campoamor > Segovia Guiomar > Valladolid > Palencia > Leon > Oviedo/Uviéu > Gijón/Xixón
2026-04-23,05742,AV,AVE / Alta Velocidad LD,LAV Levante,AVE,Par (↓ Sur/Destino),60000,Madrid Pta.Atocha - Almudena Grandes,61200,Murcia,8,Madrid Pta.Atocha - Almudena Grandes > Cuenca Fernando Zobel > Albacete-Los Llanos > Villena Av > Alicante/Alacant > ELX AV > Orihuela-Miguel Hernández > Murcia
2026-04-23,05742,AV,AVE / Alta Velocidad LD,LAV Levante,AVE,Par (↓ Sur/Destino),60000,Madrid Pta.Atocha - Almudena Grandes,60911,Alicante/Alacant,5,Madrid Pta.Atocha - Almudena Grandes > Cuenca Fernando Zobel > Albacete-Los Llanos > Villena Av > Alicante/Alacant
2026-04-23,05750,AV,AVE / Alta Velocidad LD,LAV Levante,AVE,Par (↓ Sur/Destino),15410,Gijón/Xixón,65300,Castelló,11,Gijón/Xixón > Oviedo/Uviéu > Leon > Palencia > Valladolid > Segovia Guiomar > Madrid-Chamartín-Clara Campoamor > Cuenca Fernando Zobel > Valencia Joaquin Sorolla > Sagunt/Sagunto > Castelló
2026-04-23,05763,AV,AVE / Alta Velocidad LD,LAV Levante,AVE,Impar (↑ Norte/Origen),61200,Murcia,11014,Burgos Rosa Manzano,7,Murcia > Orihuela-Miguel Hernández > ELX AV > Madrid-Chamartín-Clara Campoamor > Segovia Guiomar > Valladolid > Burgos Rosa Manzano
2026-04-23,05763,AV,AVE / Alta Velocidad LD,LAV Levante,AVE,Impar (↑ Norte/Origen),61200,Murcia,17000,Madrid-Chamartín-Clara Campoamor,4,Murcia > Orihuela-Miguel Hernández > ELX AV > Madrid-Chamartín-Clara Campoamor
2026-04-23,05763,AV,AVE / Alta Velocidad LD,LAV Levante,AVE,Impar (↑ Norte/Origen),08004,Segovia Guiomar,11014,Burgos Rosa Manzano,3,Segovia Guiomar > Valladolid > Burgos Rosa Manzano
2026-04-23,05792,AV,AVE / Alta Velocidad LD,LAV Levante,AVE,Par (↓ Sur/Destino),11014,Burgos Rosa Manzano,61200,Murcia,7,Burgos Rosa Manzano > Valladolid > Segovia Guiomar > Madrid-Chamartín-Clara Campoamor > ELX AV > Orihuela-Miguel Hernández > Murcia
2026-04-23,05792,AV,AVE / Alta Velocidad LD,LAV Levante,AVE,Par (↓ Sur/Destino),11014,Burgos Rosa Manzano,08004,Segovia Guiomar,3,Burgos Rosa Manzano > Valladolid > Segovia Guiomar
2026-04-23,05792,AV,AVE / Alta Velocidad LD,LAV Levante,AVE,Par (↓ Sur/Destino),17000,Madrid-Chamartín-Clara Campoamor,61200,Murcia,4,Madrid-Chamartín-Clara Campoamor > ELX AV > Orihuela-Miguel Hernández > Murcia
2026-04-23,05817,AV,AVE / Alta Velocidad LD,LAV Levante,AVLO,Impar (↑ Norte/Origen),61200,Murcia,10600,Valladolid,9,Murcia > Orihuela-Miguel Hernández > ELX AV > Alicante/Alacant > Villena Av > Albacete-Los Llanos > Cuenca Fernando Zobel > Madrid-Chamartín-Clara Campoamor > Valladolid
2026-04-23,05843,AV,AVE / Alta Velocidad LD,LAV Levante,AVE,Impar (↑ Norte/Origen),61200,Murcia,17000,Madrid-Chamartín-Clara Campoamor,4,Murcia > Orihuela-Miguel Hernández > ELX AV > Madrid-Chamartín-Clara Campoamor
2026-04-23,05863,AV,AVE / Alta Velocidad LD,LAV Levante,AVE,Impar (↑ Norte/Origen),61200,Murcia,60000,Madrid Pta.Atocha - Almudena Grandes,8,Murcia > Orihuela-Miguel Hernández > ELX AV > Alicante/Alacant > Villena Av > Albacete-Los Llanos > Cuenca Fernando Zobel > Madrid Pta.Atocha - Almudena Grandes
2026-04-23,05863,AV,AVE / Alta Velocidad LD,LAV Levante,AVE,Impar (↑ Norte/Origen),60911,Alicante/Alacant,60000,Madrid Pta.Atocha - Almudena Grandes,5,Alicante/Alacant > Villena Av > Albacete-Los Llanos > Cuenca Fernando Zobel > Madrid Pta.Atocha - Almudena Grandes
2026-04-23,05871,AV,AVE / Alta Velocidad LD,LAV Levante,AVE,Impar (↑ Norte/Origen),65300,Castelló,60000,Madrid Pta.Atocha - Almudena Grandes,5,Castelló > Valencia Joaquin Sorolla > Requena Utiel > Cuenca Fernando Zobel > Madrid Pta.Atocha - Almudena Grandes
2026-04-23,05890,AV,AVE / Alta Velocidad LD,LAV Levante,AVE,Par (↓ Sur/Destino),60000,Madrid Pta.Atocha - Almudena Grandes,65300,Castelló,5,Madrid Pta.Atocha - Almudena Grandes > Cuenca Fernando Zobel > Requena Utiel > Valencia Joaquin Sorolla > Castelló
2026-04-23,05890,AV,AVE / Alta Velocidad LD,LAV Levante,AVE,Par (↓ Sur/Destino),60000,Madrid Pta.Atocha - Almudena Grandes,03213,Requena Utiel,3,Madrid Pta.Atocha - Almudena Grandes > Cuenca Fernando Zobel > Requena Utiel
2026-04-23,05890,AV,AVE / Alta Velocidad LD,LAV Levante,AVE,Par (↓ Sur/Destino),03216,Valencia Joaquin Sorolla,65300,Castelló,2,Valencia Joaquin Sorolla > Castelló
2026-04-23,05903,AV,AVE / Alta Velocidad LD,LAV Levante,AVE,Impar (↑ Norte/Origen),61200,Murcia,60000,Madrid Pta.Atocha - Almudena Grandes,8,Murcia > Orihuela-Miguel Hernández > ELX AV > Alicante/Alacant > Villena Av > Albacete-Los Llanos > Cuenca Fernando Zobel > Madrid Pta.Atocha - Almudena Grandes
2026-04-23,05903,AV,AVE / Alta Velocidad LD,LAV Levante,AVE,Impar (↑ Norte/Origen),60911,Alicante/Alacant,60000,Madrid Pta.Atocha - Almudena Grandes,5,Alicante/Alacant > Villena Av > Albacete-Los Llanos > Cuenca Fernando Zobel > Madrid Pta.Atocha - Almudena Grandes
2026-04-23,05912,AV,AVE / Alta Velocidad LD,LAV Levante,AVE,Par (↓ Sur/Destino),60000,Madrid Pta.Atocha - Almudena Grandes,61200,Murcia,8,Madrid Pta.Atocha - Almudena Grandes > Cuenca Fernando Zobel > Albacete-Los Llanos > Villena Av > Alicante/Alacant > ELX AV > Orihuela-Miguel Hernández > Murcia
2026-04-23,05912,AV,AVE / Alta Velocidad LD,LAV Levante,AVE,Par (↓ Sur/Destino),60000,Madrid Pta.Atocha - Almudena Grandes,60911,Alicante/Alacant,5,Madrid Pta.Atocha - Almudena Grandes > Cuenca Fernando Zobel > Albacete-Los Llanos > Villena Av > Alicante/Alacant
2026-04-23,05951,AV,AVE / Alta Velocidad LD,LAV Levante,AVE,Impar (↑ Norte/Origen),65300,Castelló,60000,Madrid Pta.Atocha - Almudena Grandes,5,Castelló > Valencia Joaquin Sorolla > Requena Utiel > Cuenca Fernando Zobel > Madrid Pta.Atocha - Almudena Grandes
2026-04-23,05951,AV,AVE / Alta Velocidad LD,LAV Levante,AVE,Impar (↑ Norte/Origen),03213,Requena Utiel,60000,Madrid Pta.Atocha - Almudena Grandes,3,Requena Utiel > Cuenca Fernando Zobel > Madrid Pta.Atocha - Almudena Grandes
2026-04-23,05951,AV,AVE / Alta Velocidad LD,LAV Levante,AVE,Impar (↑ Norte/Origen),65300,Castelló,03216,Valencia Joaquin Sorolla,2,Castelló > Valencia Joaquin Sorolla
2026-04-23,05962,AV,AVE / Alta Velocidad LD,LAV Levante,AVE,Par (↓ Sur/Destino),17000,Madrid-Chamartín-Clara Campoamor,61200,Murcia,4,Madrid-Chamartín-Clara Campoamor > ELX AV > Orihuela-Miguel Hernández > Murcia
2026-04-23,05990,AV,AVE / Alta Velocidad LD,LAV Levante,AVE,Par (↓ Sur/Destino),60000,Madrid Pta.Atocha - Almudena Grandes,65300,Castelló,5,Madrid Pta.Atocha - Almudena Grandes > Cuenca Fernando Zobel > Requena Utiel > Valencia Joaquin Sorolla > Castelló
2026-04-23,08058,AV,Avant (AV Media Distancia),Avant,AVANT,Par (↓ Sur/Destino),10600,Valladolid,17000,Madrid-Chamartín-Clara Campoamor,2,Valladolid > Madrid-Chamartín-Clara Campoamor
2026-04-23,08062,AV,Avant (AV Media Distancia),Avant,AVANT,Par (↓ Sur/Destino),60000,Madrid Pta.Atocha - Almudena Grandes,92102,Toledo,2,Madrid Pta.Atocha - Almudena Grandes > Toledo
2026-04-23,08063,AV,Avant (AV Media Distancia),Avant,AVANT,Impar (↑ Norte/Origen),92102,Toledo,60000,Madrid Pta.Atocha - Almudena Grandes,2,Toledo > Madrid Pta.Atocha - Almudena Grandes
2026-04-23,08068,AV,Avant (AV Media Distancia),Avant,AVANT,Par (↓ Sur/Destino),10600,Valladolid,17000,Madrid-Chamartín-Clara Campoamor,3,Valladolid > Segovia Guiomar > Madrid-Chamartín-Clara Campoamor
2026-04-23,08069,AV,Avant (AV Media Distancia),Avant,AVANT,Impar (↑ Norte/Origen),17000,Madrid-Chamartín-Clara Campoamor,10600,Valladolid,3,Madrid-Chamartín-Clara Campoamor > Segovia Guiomar > Valladolid
2026-04-23,08071,AV,Avant (AV Media Distancia),Avant,AVANT,Impar (↑ Norte/Origen),37300,Puertollano,60000,Madrid Pta.Atocha - Almudena Grandes,3,Puertollano > Ciudad Real > Madrid Pta.Atocha - Almudena Grandes
2026-04-23,08072,AV,Avant (AV Media Distancia),Avant,AVANT,Par (↓ Sur/Destino),60600,Albacete-Los Llanos,92102,Toledo,4,Albacete-Los Llanos > Cuenca Fernando Zobel > Madrid Pta.Atocha - Almudena Grandes > Toledo
2026-04-23,08073,AV,Avant (AV Media Distancia),Avant,AVANT,Impar (↑ Norte/Origen),92102,Toledo,60000,Madrid Pta.Atocha - Almudena Grandes,2,Toledo > Madrid Pta.Atocha - Almudena Grandes
2026-04-23,08075,AV,Avant (AV Media Distancia),Avant,AVANT,Impar (↑ Norte/Origen),51003,Sevilla-Santa Justa,54413,Malaga Maria Zambrano,5,Sevilla-Santa Justa > Cordoba > Puente Genil-Herrera > Antequera-Santa Ana > Malaga Maria Zambrano
2026-04-23,08077,AV,Avant (AV Media Distancia),Avant,AVANT,Impar (↑ Norte/Origen),78400,Lleida-Pirineus,71801,Barcelona-Sants,3,Lleida-Pirineus > Camp Tarragona > Barcelona-Sants
2026-04-23,08078,AV,Avant (AV Media Distancia),Avant,AVANT,Par (↓ Sur/Destino),10600,Valladolid,17000,Madrid-Chamartín-Clara Campoamor,3,Valladolid > Segovia Guiomar > Madrid-Chamartín-Clara Campoamor
2026-04-23,08079,AV,Avant (AV Media Distancia),Avant,AVANT,Impar (↑ Norte/Origen),17000,Madrid-Chamartín-Clara Campoamor,10600,Valladolid,3,Madrid-Chamartín-Clara Campoamor > Segovia Guiomar > Valladolid
2026-04-23,08080,AV,Avant (AV Media Distancia),Avant,AVANT,Par (↓ Sur/Destino),60000,Madrid Pta.Atocha - Almudena Grandes,37300,Puertollano,3,Madrid Pta.Atocha - Almudena Grandes > Ciudad Real > Puertollano
2026-04-23,08081,AV,Avant (AV Media Distancia),Avant,AVANT,Impar (↑ Norte/Origen),37300,Puertollano,60000,Madrid Pta.Atocha - Almudena Grandes,3,Puertollano > Ciudad Real > Madrid Pta.Atocha - Almudena Grandes
2026-04-23,08082,AV,Avant (AV Media Distancia),Avant,AVANT,Par (↓ Sur/Destino),60000,Madrid Pta.Atocha - Almudena Grandes,92102,Toledo,2,Madrid Pta.Atocha - Almudena Grandes > Toledo
2026-04-23,08085,AV,Avant (AV Media Distancia),Avant,AVANT,Impar (↑ Norte/Origen),51003,Sevilla-Santa Justa,54413,Malaga Maria Zambrano,5,Sevilla-Santa Justa > Cordoba > Puente Genil-Herrera > Antequera-Santa Ana > Malaga Maria Zambrano
2026-04-23,08087,AV,Avant (AV Media Distancia),Avant,AVANT,Impar (↑ Norte/Origen),78400,Lleida-Pirineus,71801,Barcelona-Sants,3,Lleida-Pirineus > Camp Tarragona > Barcelona-Sants
2026-04-23,08088,AV,Avant (AV Media Distancia),Avant,AVANT,Par (↓ Sur/Destino),10600,Valladolid,17000,Madrid-Chamartín-Clara Campoamor,3,Valladolid > Segovia Guiomar > Madrid-Chamartín-Clara Campoamor
2026-04-23,08093,AV,Avant (AV Media Distancia),Avant,AVANT,Impar (↑ Norte/Origen),92102,Toledo,60000,Madrid Pta.Atocha - Almudena Grandes,2,Toledo > Madrid Pta.Atocha - Almudena Grandes
2026-04-23,08098,AV,Avant (AV Media Distancia),Avant,AVANT,Par (↓ Sur/Destino),10600,Valladolid,17000,Madrid-Chamartín-Clara Campoamor,3,Valladolid > Segovia Guiomar > Madrid-Chamartín-Clara Campoamor
2026-04-23,08100,AV,Avant (AV Media Distancia),Avant,AVANT,Par (↓ Sur/Destino),60000,Madrid Pta.Atocha - Almudena Grandes,37300,Puertollano,3,Madrid Pta.Atocha - Almudena Grandes > Ciudad Real > Puertollano
2026-04-23,08101,AV,Avant (AV Media Distancia),Avant,AVANT,Impar (↑ Norte/Origen),37300,Puertollano,60000,Madrid Pta.Atocha - Almudena Grandes,3,Puertollano > Ciudad Real > Madrid Pta.Atocha - Almudena Grandes
2026-04-23,08102,AV,Avant (AV Media Distancia),Avant,AVANT,Par (↓ Sur/Destino),60000,Madrid Pta.Atocha - Almudena Grandes,92102,Toledo,2,Madrid Pta.Atocha - Almudena Grandes > Toledo
2026-04-23,08103,AV,Avant (AV Media Distancia),Avant,AVANT,Impar (↑ Norte/Origen),92102,Toledo,60000,Madrid Pta.Atocha - Almudena Grandes,2,Toledo > Madrid Pta.Atocha - Almudena Grandes
2026-04-23,08109,AV,Avant (AV Media Distancia),Avant,AVANT,Impar (↑ Norte/Origen),17000,Madrid-Chamartín-Clara Campoamor,10600,Valladolid,3,Madrid-Chamartín-Clara Campoamor > Segovia Guiomar > Valladolid
2026-04-23,08111,AV,Avant (AV Media Distancia),Avant,AVANT,Impar (↑ Norte/Origen),37300,Puertollano,60000,Madrid Pta.Atocha - Almudena Grandes,3,Puertollano > Ciudad Real > Madrid Pta.Atocha - Almudena Grandes
2026-04-23,08118,AV,Avant (AV Media Distancia),Avant,AVANT,Par (↓ Sur/Destino),10600,Valladolid,17000,Madrid-Chamartín-Clara Campoamor,3,Valladolid > Segovia Guiomar > Madrid-Chamartín-Clara Campoamor
2026-04-23,08123,AV,Avant (AV Media Distancia),Avant,AVANT,Impar (↑ Norte/Origen),92102,Toledo,60000,Madrid Pta.Atocha - Almudena Grandes,2,Toledo > Madrid Pta.Atocha - Almudena Grandes
2026-04-23,08125,AV,Avant (AV Media Distancia),Avant,AVANT,Impar (↑ Norte/Origen),51003,Sevilla-Santa Justa,54413,Malaga Maria Zambrano,5,Sevilla-Santa Justa > Cordoba > Puente Genil-Herrera > Antequera-Santa Ana > Malaga Maria Zambrano
2026-04-23,08129,AV,Avant (AV Media Distancia),Avant,AVANT,Impar (↑ Norte/Origen),17000,Madrid-Chamartín-Clara Campoamor,10600,Valladolid,3,Madrid-Chamartín-Clara Campoamor > Segovia Guiomar > Valladolid
2026-04-23,08130,AV,Avant (AV Media Distancia),Avant,AVANT,Par (↓ Sur/Destino),60000,Madrid Pta.Atocha - Almudena Grandes,37300,Puertollano,3,Madrid Pta.Atocha - Almudena Grandes > Ciudad Real > Puertollano
2026-04-23,08132,AV,Avant (AV Media Distancia),Avant,AVANT,Par (↓ Sur/Destino),60000,Madrid Pta.Atocha - Almudena Grandes,92102,Toledo,2,Madrid Pta.Atocha - Almudena Grandes > Toledo
2026-04-23,08133,AV,Avant (AV Media Distancia),Avant,AVANT,Impar (↑ Norte/Origen),92102,Toledo,60000,Madrid Pta.Atocha - Almudena Grandes,2,Toledo > Madrid Pta.Atocha - Almudena Grandes
2026-04-23,08139,AV,Avant (AV Media Distancia),Avant,AVANT,Impar (↑ Norte/Origen),17000,Madrid-Chamartín-Clara Campoamor,10600,Valladolid,3,Madrid-Chamartín-Clara Campoamor > Segovia Guiomar > Valladolid
2026-04-23,08140,AV,Avant (AV Media Distancia),Avant,AVANT,Par (↓ Sur/Destino),60000,Madrid Pta.Atocha - Almudena Grandes,37300,Puertollano,3,Madrid Pta.Atocha - Almudena Grandes > Ciudad Real > Puertollano
2026-04-23,08142,AV,Avant (AV Media Distancia),Avant,AVANT,Par (↓ Sur/Destino),60000,Madrid Pta.Atocha - Almudena Grandes,92102,Toledo,2,Madrid Pta.Atocha - Almudena Grandes > Toledo
2026-04-23,08148,AV,Avant (AV Media Distancia),Avant,AVANT,Par (↓ Sur/Destino),10600,Valladolid,17000,Madrid-Chamartín-Clara Campoamor,3,Valladolid > Segovia Guiomar > Madrid-Chamartín-Clara Campoamor
2026-04-23,08150,AV,Avant (AV Media Distancia),Avant,AVANT,Par (↓ Sur/Destino),60000,Madrid Pta.Atocha - Almudena Grandes,37300,Puertollano,3,Madrid Pta.Atocha - Almudena Grandes > Ciudad Real > Puertollano
2026-04-23,08151,AV,Avant (AV Media Distancia),Avant,AVANT,Impar (↑ Norte/Origen),37300,Puertollano,60000,Madrid Pta.Atocha - Almudena Grandes,3,Puertollano > Ciudad Real > Madrid Pta.Atocha - Almudena Grandes
2026-04-23,08152,AV,Avant (AV Media Distancia),Avant,AVANT,Par (↓ Sur/Destino),60000,Madrid Pta.Atocha - Almudena Grandes,92102,Toledo,2,Madrid Pta.Atocha - Almudena Grandes > Toledo
2026-04-23,08153,AV,Avant (AV Media Distancia),Avant,AVANT,Impar (↑ Norte/Origen),92102,Toledo,60000,Madrid Pta.Atocha - Almudena Grandes,2,Toledo > Madrid Pta.Atocha - Almudena Grandes
2026-04-23,08155,AV,Avant (AV Media Distancia),Avant,AVANT,Impar (↑ Norte/Origen),51003,Sevilla-Santa Justa,54413,Malaga Maria Zambrano,5,Sevilla-Santa Justa > Cordoba > Puente Genil-Herrera > Antequera-Santa Ana > Malaga Maria Zambrano
2026-04-23,08158,AV,Avant (AV Media Distancia),Avant,AVANT,Par (↓ Sur/Destino),10600,Valladolid,17000,Madrid-Chamartín-Clara Campoamor,3,Valladolid > Segovia Guiomar > Madrid-Chamartín-Clara Campoamor
2026-04-23,08159,AV,Avant (AV Media Distancia),Avant,AVANT,Impar (↑ Norte/Origen),17000,Madrid-Chamartín-Clara Campoamor,10600,Valladolid,3,Madrid-Chamartín-Clara Campoamor > Segovia Guiomar > Valladolid
2026-04-23,08161,AV,Avant (AV Media Distancia),Avant,AVANT,Impar (↑ Norte/Origen),37300,Puertollano,60000,Madrid Pta.Atocha - Almudena Grandes,3,Puertollano > Ciudad Real > Madrid Pta.Atocha - Almudena Grandes
2026-04-23,08162,AV,Avant (AV Media Distancia),Avant,AVANT,Par (↓ Sur/Destino),60000,Madrid Pta.Atocha - Almudena Grandes,92102,Toledo,2,Madrid Pta.Atocha - Almudena Grandes > Toledo
2026-04-23,08163,AV,Avant (AV Media Distancia),Avant,AVANT,Impar (↑ Norte/Origen),92102,Toledo,60600,Albacete-Los Llanos,4,Toledo > Madrid Pta.Atocha - Almudena Grandes > Cuenca Fernando Zobel > Albacete-Los Llanos
2026-04-23,08166,AV,Avant (AV Media Distancia),Avant,AVANT,Par (↓ Sur/Destino),71801,Barcelona-Sants,78400,Lleida-Pirineus,3,Barcelona-Sants > Camp Tarragona > Lleida-Pirineus
2026-04-23,08168,AV,Avant (AV Media Distancia),Avant,AVANT,Par (↓ Sur/Destino),10600,Valladolid,17000,Madrid-Chamartín-Clara Campoamor,3,Valladolid > Segovia Guiomar > Madrid-Chamartín-Clara Campoamor
2026-04-23,08169,AV,Avant (AV Media Distancia),Avant,AVANT,Impar (↑ Norte/Origen),17000,Madrid-Chamartín-Clara Campoamor,10600,Valladolid,3,Madrid-Chamartín-Clara Campoamor > Segovia Guiomar > Valladolid
2026-04-23,08170,AV,Avant (AV Media Distancia),Avant,AVANT,Par (↓ Sur/Destino),60000,Madrid Pta.Atocha - Almudena Grandes,37300,Puertollano,3,Madrid Pta.Atocha - Almudena Grandes > Ciudad Real > Puertollano
2026-04-23,08171,AV,Avant (AV Media Distancia),Avant,AVANT,Impar (↑ Norte/Origen),37300,Puertollano,60000,Madrid Pta.Atocha - Almudena Grandes,3,Puertollano > Ciudad Real > Madrid Pta.Atocha - Almudena Grandes
2026-04-23,08172,AV,Avant (AV Media Distancia),Avant,AVANT,Par (↓ Sur/Destino),60000,Madrid Pta.Atocha - Almudena Grandes,92102,Toledo,2,Madrid Pta.Atocha - Almudena Grandes > Toledo
2026-04-23,08173,AV,Avant (AV Media Distancia),Avant,AVANT,Impar (↑ Norte/Origen),92102,Toledo,60000,Madrid Pta.Atocha - Almudena Grandes,2,Toledo > Madrid Pta.Atocha - Almudena Grandes
2026-04-23,08175,AV,Avant (AV Media Distancia),Avant,AVANT,Impar (↑ Norte/Origen),51003,Sevilla-Santa Justa,54413,Malaga Maria Zambrano,5,Sevilla-Santa Justa > Cordoba > Puente Genil-Herrera > Antequera-Santa Ana > Malaga Maria Zambrano
2026-04-23,08178,AV,Avant (AV Media Distancia),Avant,AVANT,Par (↓ Sur/Destino),10600,Valladolid,17000,Madrid-Chamartín-Clara Campoamor,3,Valladolid > Segovia Guiomar > Madrid-Chamartín-Clara Campoamor
2026-04-23,08179,AV,Avant (AV Media Distancia),Avant,AVANT,Impar (↑ Norte/Origen),17000,Madrid-Chamartín-Clara Campoamor,10600,Valladolid,3,Madrid-Chamartín-Clara Campoamor > Segovia Guiomar > Valladolid
2026-04-23,08180,AV,Avant (AV Media Distancia),Avant,AVANT,Par (↓ Sur/Destino),60000,Madrid Pta.Atocha - Almudena Grandes,37300,Puertollano,3,Madrid Pta.Atocha - Almudena Grandes > Ciudad Real > Puertollano
2026-04-23,08181,AV,Avant (AV Media Distancia),Avant,AVANT,Impar (↑ Norte/Origen),37300,Puertollano,60000,Madrid Pta.Atocha - Almudena Grandes,3,Puertollano > Ciudad Real > Madrid Pta.Atocha - Almudena Grandes
2026-04-23,08182,AV,Avant (AV Media Distancia),Avant,AVANT,Par (↓ Sur/Destino),60000,Madrid Pta.Atocha - Almudena Grandes,92102,Toledo,2,Madrid Pta.Atocha - Almudena Grandes > Toledo
2026-04-23,08183,AV,Avant (AV Media Distancia),Avant,AVANT,Impar (↑ Norte/Origen),92102,Toledo,60000,Madrid Pta.Atocha - Almudena Grandes,2,Toledo > Madrid Pta.Atocha - Almudena Grandes
2026-04-23,08186,AV,Avant (AV Media Distancia),Avant,AVANT,Par (↓ Sur/Destino),71801,Barcelona-Sants,78400,Lleida-Pirineus,3,Barcelona-Sants > Camp Tarragona > Lleida-Pirineus
2026-04-23,08187,AV,Avant (AV Media Distancia),Avant,AVANT,Impar (↑ Norte/Origen),78400,Lleida-Pirineus,71801,Barcelona-Sants,3,Lleida-Pirineus > Camp Tarragona > Barcelona-Sants
2026-04-23,08189,AV,Avant (AV Media Distancia),Avant,AVANT,Impar (↑ Norte/Origen),17000,Madrid-Chamartín-Clara Campoamor,10600,Valladolid,3,Madrid-Chamartín-Clara Campoamor > Segovia Guiomar > Valladolid
2026-04-23,08190,AV,Avant (AV Media Distancia),Avant,AVANT,Par (↓ Sur/Destino),60000,Madrid Pta.Atocha - Almudena Grandes,37300,Puertollano,3,Madrid Pta.Atocha - Almudena Grandes > Ciudad Real > Puertollano
2026-04-23,08191,AV,Avant (AV Media Distancia),Avant,AVANT,Impar (↑ Norte/Origen),37300,Puertollano,60000,Madrid Pta.Atocha - Almudena Grandes,3,Puertollano > Ciudad Real > Madrid Pta.Atocha - Almudena Grandes
2026-04-23,08192,AV,Avant (AV Media Distancia),Avant,AVANT,Par (↓ Sur/Destino),60000,Madrid Pta.Atocha - Almudena Grandes,92102,Toledo,2,Madrid Pta.Atocha - Almudena Grandes > Toledo
2026-04-23,08193,AV,Avant (AV Media Distancia),Avant,AVANT,Impar (↑ Norte/Origen),92102,Toledo,60000,Madrid Pta.Atocha - Almudena Grandes,2,Toledo > Madrid Pta.Atocha - Almudena Grandes
2026-04-23,08195,AV,Avant (AV Media Distancia),Avant,AVANT,Impar (↑ Norte/Origen),51003,Sevilla-Santa Justa,54413,Malaga Maria Zambrano,5,Sevilla-Santa Justa > Cordoba > Puente Genil-Herrera > Antequera-Santa Ana > Malaga Maria Zambrano
2026-04-23,08198,AV,Avant (AV Media Distancia),Avant,AVANT,Par (↓ Sur/Destino),10600,Valladolid,17000,Madrid-Chamartín-Clara Campoamor,3,Valladolid > Segovia Guiomar > Madrid-Chamartín-Clara Campoamor
2026-04-23,08199,AV,Avant (AV Media Distancia),Avant,AVANT,Impar (↑ Norte/Origen),17000,Madrid-Chamartín-Clara Campoamor,10600,Valladolid,3,Madrid-Chamartín-Clara Campoamor > Segovia Guiomar > Valladolid
2026-04-23,08200,AV,Avant (AV Media Distancia),Avant,AVANT,Par (↓ Sur/Destino),60000,Madrid Pta.Atocha - Almudena Grandes,37300,Puertollano,3,Madrid Pta.Atocha - Almudena Grandes > Ciudad Real > Puertollano
2026-04-23,08203,AV,Avant (AV Media Distancia),Avant,AVANT,Impar (↑ Norte/Origen),92102,Toledo,60000,Madrid Pta.Atocha - Almudena Grandes,2,Toledo > Madrid Pta.Atocha - Almudena Grandes
2026-04-23,08206,AV,Avant (AV Media Distancia),Avant,AVANT,Par (↓ Sur/Destino),71801,Barcelona-Sants,78400,Lleida-Pirineus,3,Barcelona-Sants > Camp Tarragona > Lleida-Pirineus
2026-04-23,08207,AV,Avant (AV Media Distancia),Avant,AVANT,Impar (↑ Norte/Origen),78400,Lleida-Pirineus,71801,Barcelona-Sants,3,Lleida-Pirineus > Camp Tarragona > Barcelona-Sants
2026-04-23,08208,AV,Avant (AV Media Distancia),Avant,AVANT,Par (↓ Sur/Destino),10600,Valladolid,17000,Madrid-Chamartín-Clara Campoamor,3,Valladolid > Segovia Guiomar > Madrid-Chamartín-Clara Campoamor
2026-04-23,08209,AV,Avant (AV Media Distancia),Avant,AVANT,Impar (↑ Norte/Origen),17000,Madrid-Chamartín-Clara Campoamor,10600,Valladolid,3,Madrid-Chamartín-Clara Campoamor > Segovia Guiomar > Valladolid
2026-04-23,08211,AV,Avant (AV Media Distancia),Avant,AVANT,Impar (↑ Norte/Origen),37300,Puertollano,60000,Madrid Pta.Atocha - Almudena Grandes,3,Puertollano > Ciudad Real > Madrid Pta.Atocha - Almudena Grandes
2026-04-23,08212,AV,Avant (AV Media Distancia),Avant,AVANT,Par (↓ Sur/Destino),60000,Madrid Pta.Atocha - Almudena Grandes,92102,Toledo,2,Madrid Pta.Atocha - Almudena Grandes > Toledo
2026-04-23,08213,AV,Avant (AV Media Distancia),Avant,AVANT,Impar (↑ Norte/Origen),92102,Toledo,60000,Madrid Pta.Atocha - Almudena Grandes,2,Toledo > Madrid Pta.Atocha - Almudena Grandes
2026-04-23,08215,AV,Avant (AV Media Distancia),Avant,AVANT,Impar (↑ Norte/Origen),51003,Sevilla-Santa Justa,50500,Cordoba,2,Sevilla-Santa Justa > Cordoba
2026-04-23,08216,AV,Avant (AV Media Distancia),Avant,AVANT,Par (↓ Sur/Destino),71801,Barcelona-Sants,78400,Lleida-Pirineus,3,Barcelona-Sants > Camp Tarragona > Lleida-Pirineus
2026-04-23,08219,AV,Avant (AV Media Distancia),Avant,AVANT,Impar (↑ Norte/Origen),17000,Madrid-Chamartín-Clara Campoamor,10600,Valladolid,3,Madrid-Chamartín-Clara Campoamor > Segovia Guiomar > Valladolid
2026-04-23,08220,AV,Avant (AV Media Distancia),Avant,AVANT,Par (↓ Sur/Destino),60000,Madrid Pta.Atocha - Almudena Grandes,37300,Puertollano,3,Madrid Pta.Atocha - Almudena Grandes > Ciudad Real > Puertollano
2026-04-23,08260,AV,Avant (AV Media Distancia),Avant,AVANT,Par (↓ Sur/Destino),60000,Madrid Pta.Atocha - Almudena Grandes,37300,Puertollano,3,Madrid Pta.Atocha - Almudena Grandes > Ciudad Real > Puertollano
2026-04-23,08261,AV,Avant (AV Media Distancia),Avant,AVANT,Impar (↑ Norte/Origen),37300,Puertollano,60000,Madrid Pta.Atocha - Almudena Grandes,3,Puertollano > Ciudad Real > Madrid Pta.Atocha - Almudena Grandes
2026-04-23,08271,AV,Avant (AV Media Distancia),Avant,AVANT,Impar (↑ Norte/Origen),37300,Puertollano,60000,Madrid Pta.Atocha - Almudena Grandes,3,Puertollano > Ciudad Real > Madrid Pta.Atocha - Almudena Grandes
2026-04-23,08273,AV,Avant (AV Media Distancia),Avant,AVANT,Impar (↑ Norte/Origen),92102,Toledo,60000,Madrid Pta.Atocha - Almudena Grandes,2,Toledo > Madrid Pta.Atocha - Almudena Grandes
2026-04-23,08275,AV,Avant (AV Media Distancia),Avant,AVANT,Impar (↑ Norte/Origen),51003,Sevilla-Santa Justa,05000,Granada,7,Sevilla-Santa Justa > Cordoba > Puente Genil-Herrera > Antequera-Santa Ana > Antequera AV > Loja > Granada
2026-04-23,08278,AV,Avant (AV Media Distancia),Avant,AVANT,Par (↓ Sur/Destino),10600,Valladolid,17000,Madrid-Chamartín-Clara Campoamor,3,Valladolid > Segovia Guiomar > Madrid-Chamartín-Clara Campoamor
2026-04-23,08283,AV,Avant (AV Media Distancia),Avant,AVANT,Impar (↑ Norte/Origen),92102,Toledo,60000,Madrid Pta.Atocha - Almudena Grandes,2,Toledo > Madrid Pta.Atocha - Almudena Grandes
2026-04-23,08287,AV,Avant (AV Media Distancia),Avant,AVANT,Impar (↑ Norte/Origen),71801,Barcelona-Sants,04307,Figueres Vilafant,3,Barcelona-Sants > Girona > Figueres Vilafant
2026-04-23,08292,AV,Avant (AV Media Distancia),Avant,AVANT,Par (↓ Sur/Destino),60000,Madrid Pta.Atocha - Almudena Grandes,92102,Toledo,2,Madrid Pta.Atocha - Almudena Grandes > Toledo
2026-04-23,08295,AV,Avant (AV Media Distancia),Avant,AVANT,Impar (↑ Norte/Origen),51003,Sevilla-Santa Justa,05000,Granada,7,Sevilla-Santa Justa > Cordoba > Puente Genil-Herrera > Antequera-Santa Ana > Antequera AV > Loja > Granada
2026-04-23,08297,AV,Avant (AV Media Distancia),Avant,AVANT,Impar (↑ Norte/Origen),71801,Barcelona-Sants,04307,Figueres Vilafant,3,Barcelona-Sants > Girona > Figueres Vilafant
2026-04-23,08312,AV,Avant (AV Media Distancia),Avant,AVANT,Par (↓ Sur/Destino),60600,Albacete-Los Llanos,92102,Toledo,4,Albacete-Los Llanos > Cuenca Fernando Zobel > Madrid Pta.Atocha - Almudena Grandes > Toledo
2026-04-23,08312,AV,Avant (AV Media Distancia),Avant,AVANT,Par (↓ Sur/Destino),60000,Madrid Pta.Atocha - Almudena Grandes,92102,Toledo,2,Madrid Pta.Atocha - Almudena Grandes > Toledo
2026-04-23,08316,AV,Avant (AV Media Distancia),Avant,AVANT,Par (↓ Sur/Destino),04307,Figueres Vilafant,71801,Barcelona-Sants,3,Figueres Vilafant > Girona > Barcelona-Sants
2026-04-23,08322,AV,Avant (AV Media Distancia),Avant,AVANT,Par (↓ Sur/Destino),60000,Madrid Pta.Atocha - Almudena Grandes,92102,Toledo,2,Madrid Pta.Atocha - Almudena Grandes > Toledo
2026-04-23,08335,AV,Avant (AV Media Distancia),Avant,AVANT,Impar (↑ Norte/Origen),51003,Sevilla-Santa Justa,05000,Granada,7,Sevilla-Santa Justa > Cordoba > Puente Genil-Herrera > Antequera-Santa Ana > Antequera AV > Loja > Granada
2026-04-23,08336,AV,Avant (AV Media Distancia),Avant,AVANT,Par (↓ Sur/Destino),04307,Figueres Vilafant,71801,Barcelona-Sants,3,Figueres Vilafant > Girona > Barcelona-Sants
2026-04-23,08359,AV,Avant (AV Media Distancia),Avant,AVANT,Impar (↑ Norte/Origen),17000,Madrid-Chamartín-Clara Campoamor,10600,Valladolid,3,Madrid-Chamartín-Clara Campoamor > Segovia Guiomar > Valladolid
2026-04-23,08377,AV,Avant (AV Media Distancia),Avant,AVANT,Impar (↑ Norte/Origen),71801,Barcelona-Sants,04307,Figueres Vilafant,3,Barcelona-Sants > Girona > Figueres Vilafant
2026-04-23,08389,AV,Avant (AV Media Distancia),Avant,AVANT,Impar (↑ Norte/Origen),17000,Madrid-Chamartín-Clara Campoamor,10600,Valladolid,3,Madrid-Chamartín-Clara Campoamor > Segovia Guiomar > Valladolid
2026-04-23,08395,AV,Avant (AV Media Distancia),Avant,AVANT,Impar (↑ Norte/Origen),51003,Sevilla-Santa Justa,05000,Granada,7,Sevilla-Santa Justa > Cordoba > Puente Genil-Herrera > Antequera-Santa Ana > Antequera AV > Loja > Granada
2026-04-23,08396,AV,Avant (AV Media Distancia),Avant,AVANT,Par (↓ Sur/Destino),04307,Figueres Vilafant,71801,Barcelona-Sants,3,Figueres Vilafant > Girona > Barcelona-Sants
2026-04-23,08475,AV,Avant (AV Media Distancia),Avant,AVANT,Impar (↑ Norte/Origen),05000,Granada,51003,Sevilla-Santa Justa,7,Granada > Loja > Antequera AV > Antequera-Santa Ana > Puente Genil-Herrera > Cordoba > Sevilla-Santa Justa
2026-04-23,08505,AV,Avant (AV Media Distancia),Avant,AVANT,Impar (↑ Norte/Origen),05000,Granada,51003,Sevilla-Santa Justa,7,Granada > Loja > Antequera AV > Antequera-Santa Ana > Puente Genil-Herrera > Cordoba > Sevilla-Santa Justa
2026-04-23,08525,AV,Avant (AV Media Distancia),Avant,AVANT,Impar (↑ Norte/Origen),05000,Granada,51003,Sevilla-Santa Justa,7,Granada > Loja > Antequera AV > Antequera-Santa Ana > Puente Genil-Herrera > Cordoba > Sevilla-Santa Justa
2026-04-23,08575,AV,Avant (AV Media Distancia),Avant,AVANT,Impar (↑ Norte/Origen),05000,Granada,51003,Sevilla-Santa Justa,7,Granada > Loja > Antequera AV > Antequera-Santa Ana > Puente Genil-Herrera > Cordoba > Sevilla-Santa Justa
2026-04-23,08654,AV,Avant (AV Media Distancia),Avant,AVANT,Par (↓ Sur/Destino),50500,Cordoba,51003,Sevilla-Santa Justa,2,Cordoba > Sevilla-Santa Justa
2026-04-23,08664,AV,Avant (AV Media Distancia),Avant,AVANT,Par (↓ Sur/Destino),54413,Malaga Maria Zambrano,51003,Sevilla-Santa Justa,5,Malaga Maria Zambrano > Antequera-Santa Ana > Puente Genil-Herrera > Cordoba > Sevilla-Santa Justa
2026-04-23,08694,AV,Avant (AV Media Distancia),Avant,AVANT,Par (↓ Sur/Destino),54413,Malaga Maria Zambrano,51003,Sevilla-Santa Justa,5,Malaga Maria Zambrano > Antequera-Santa Ana > Puente Genil-Herrera > Cordoba > Sevilla-Santa Justa
2026-04-23,08704,AV,Avant (AV Media Distancia),Avant,AVANT,Par (↓ Sur/Destino),54413,Malaga Maria Zambrano,51003,Sevilla-Santa Justa,5,Malaga Maria Zambrano > Antequera-Santa Ana > Puente Genil-Herrera > Cordoba > Sevilla-Santa Justa
2026-04-23,08744,AV,Avant (AV Media Distancia),Avant,AVANT,Par (↓ Sur/Destino),54413,Malaga Maria Zambrano,51003,Sevilla-Santa Justa,5,Malaga Maria Zambrano > Antequera-Santa Ana > Puente Genil-Herrera > Cordoba > Sevilla-Santa Justa
2026-04-23,08764,AV,Avant (AV Media Distancia),Avant,AVANT,Par (↓ Sur/Destino),54413,Malaga Maria Zambrano,51003,Sevilla-Santa Justa,5,Malaga Maria Zambrano > Antequera-Santa Ana > Puente Genil-Herrera > Cordoba > Sevilla-Santa Justa
2026-04-23,08784,AV,Avant (AV Media Distancia),Avant,AVANT,Par (↓ Sur/Destino),54413,Malaga Maria Zambrano,51003,Sevilla-Santa Justa,5,Malaga Maria Zambrano > Antequera-Santa Ana > Puente Genil-Herrera > Cordoba > Sevilla-Santa Justa
2026-04-23,08815,AV,Avant (AV Media Distancia),Avant,AVANT,Impar (↑ Norte/Origen),54413,Malaga Maria Zambrano,05000,Granada,4,Malaga Maria Zambrano > Antequera AV > Loja > Granada
2026-04-23,08835,AV,Avant (AV Media Distancia),Avant,AVANT,Impar (↑ Norte/Origen),54413,Malaga Maria Zambrano,05000,Granada,4,Malaga Maria Zambrano > Antequera AV > Loja > Granada
2026-04-23,08855,AV,Avant (AV Media Distancia),Avant,AVANT,Impar (↑ Norte/Origen),54413,Malaga Maria Zambrano,05000,Granada,4,Malaga Maria Zambrano > Antequera AV > Loja > Granada
2026-04-23,08915,AV,Avant (AV Media Distancia),Avant,AVANT,Impar (↑ Norte/Origen),05000,Granada,54413,Malaga Maria Zambrano,4,Granada > Loja > Antequera AV > Malaga Maria Zambrano
2026-04-23,08935,AV,Avant (AV Media Distancia),Avant,AVANT,Impar (↑ Norte/Origen),05000,Granada,54413,Malaga Maria Zambrano,4,Granada > Loja > Antequera AV > Malaga Maria Zambrano
2026-04-23,08955,AV,Avant (AV Media Distancia),Avant,AVANT,Impar (↑ Norte/Origen),05000,Granada,54413,Malaga Maria Zambrano,4,Granada > Loja > Antequera AV > Malaga Maria Zambrano
2026-04-23,09061,AV,Avant (AV Media Distancia),Avant,AVANT,Impar (↑ Norte/Origen),31412,A Coruña,22100,Ourense,3,A Coruña > Santiago de Compostela > Ourense
2026-04-23,09067,AV,Avant (AV Media Distancia),Avant,AVANT,Impar (↑ Norte/Origen),61200,Murcia,60911,Alicante/Alacant,6,Murcia > Beniel > Orihuela-Miguel Hernández > CALLOSA DE SEGURA - COX > ELX AV > Alicante/Alacant
2026-04-23,09071,AV,Avant (AV Media Distancia),Avant,AVANT,Impar (↑ Norte/Origen),31412,A Coruña,22100,Ourense,4,A Coruña > Santiago de Compostela > Santiago-Turistico > Ourense
2026-04-23,09072,AV,Avant (AV Media Distancia),Avant,MD,Par (↓ Sur/Destino),08223,Vigo Urzaiz,31412,A Coruña,8,Vigo Urzaiz > Redondela Av > Pontevedra > Vilagarcia de Arousa > Padron-Barbanza > Santiago de Compostela > Cerceda-Meirama > A Coruña
2026-04-23,09073,AV,Avant (AV Media Distancia),Avant,MD,Impar (↑ Norte/Origen),31412,A Coruña,08223,Vigo Urzaiz,8,A Coruña > Santiago de Compostela > Padron-Barbanza > Vilagarcia de Arousa > Pontevedra > Arcade > Redondela Av > Vigo Urzaiz
2026-04-23,09075,AV,Avant (AV Media Distancia),Avant,AVANT,Impar (↑ Norte/Origen),60911,Alicante/Alacant,61200,Murcia,6,Alicante/Alacant > ELX AV > CALLOSA DE SEGURA - COX > Orihuela-Miguel Hernández > Beniel > Murcia
2026-04-23,09082,AV,Avant (AV Media Distancia),Avant,MD,Par (↓ Sur/Destino),08223,Vigo Urzaiz,31412,A Coruña,5,Vigo Urzaiz > Pontevedra > Vilagarcia de Arousa > Santiago de Compostela > A Coruña
2026-04-23,09083,AV,Avant (AV Media Distancia),Avant,MD,Impar (↑ Norte/Origen),31412,A Coruña,08223,Vigo Urzaiz,6,A Coruña > Santiago de Compostela > Santiago-Turistico > Vilagarcia de Arousa > Pontevedra > Vigo Urzaiz
2026-04-23,09085,AV,Avant (AV Media Distancia),Avant,AVANT,Impar (↑ Norte/Origen),60911,Alicante/Alacant,61200,Murcia,6,Alicante/Alacant > ELX AV > CALLOSA DE SEGURA - COX > Orihuela-Miguel Hernández > Beniel > Murcia
2026-04-23,09087,AV,Avant (AV Media Distancia),Avant,AVANT,Impar (↑ Norte/Origen),61200,Murcia,60911,Alicante/Alacant,6,Murcia > Beniel > Orihuela-Miguel Hernández > CALLOSA DE SEGURA - COX > ELX AV > Alicante/Alacant
2026-04-23,09090,AV,Avant (AV Media Distancia),Avant,AVANT,Par (↓ Sur/Destino),22100,Ourense,31412,A Coruña,3,Ourense > Santiago de Compostela > A Coruña
2026-04-23,09093,AV,Avant (AV Media Distancia),Avant,MD,Impar (↑ Norte/Origen),31412,A Coruña,08223,Vigo Urzaiz,5,A Coruña > Santiago de Compostela > Vilagarcia de Arousa > Pontevedra > Vigo Urzaiz
2026-04-23,09105,AV,Avant (AV Media Distancia),Avant,AVANT,Impar (↑ Norte/Origen),60911,Alicante/Alacant,61200,Murcia,6,Alicante/Alacant > ELX AV > CALLOSA DE SEGURA - COX > Orihuela-Miguel Hernández > Beniel > Murcia
2026-04-23,09107,AV,Avant (AV Media Distancia),Avant,AVANT,Impar (↑ Norte/Origen),61200,Murcia,60911,Alicante/Alacant,6,Murcia > Beniel > Orihuela-Miguel Hernández > CALLOSA DE SEGURA - COX > ELX AV > Alicante/Alacant
2026-04-23,09111,AV,Avant (AV Media Distancia),Avant,AVANT,Impar (↑ Norte/Origen),31412,A Coruña,22100,Ourense,3,A Coruña > Santiago de Compostela > Ourense
2026-04-23,09112,AV,Avant (AV Media Distancia),Avant,MD,Par (↓ Sur/Destino),08223,Vigo Urzaiz,31412,A Coruña,5,Vigo Urzaiz > Pontevedra > Vilagarcia de Arousa > Santiago de Compostela > A Coruña
2026-04-23,09113,AV,Avant (AV Media Distancia),Avant,MD,Impar (↑ Norte/Origen),31412,A Coruña,08223,Vigo Urzaiz,5,A Coruña > Santiago de Compostela > Vilagarcia de Arousa > Pontevedra > Vigo Urzaiz
2026-04-23,09120,AV,Avant (AV Media Distancia),Avant,AVANT,Par (↓ Sur/Destino),22100,Ourense,31412,A Coruña,3,Ourense > Santiago de Compostela > A Coruña
2026-04-23,09123,AV,Avant (AV Media Distancia),Avant,MD,Impar (↑ Norte/Origen),31412,A Coruña,08223,Vigo Urzaiz,5,A Coruña > Santiago de Compostela > Vilagarcia de Arousa > Pontevedra > Vigo Urzaiz
2026-04-23,09125,AV,Avant (AV Media Distancia),Avant,AVANT,Impar (↑ Norte/Origen),60911,Alicante/Alacant,61200,Murcia,6,Alicante/Alacant > ELX AV > CALLOSA DE SEGURA - COX > Orihuela-Miguel Hernández > Beniel > Murcia
2026-04-23,09127,AV,Avant (AV Media Distancia),Avant,AVANT,Impar (↑ Norte/Origen),61200,Murcia,60911,Alicante/Alacant,6,Murcia > Beniel > Orihuela-Miguel Hernández > CALLOSA DE SEGURA - COX > ELX AV > Alicante/Alacant
2026-04-23,09131,AV,Avant (AV Media Distancia),Avant,AVANT,Impar (↑ Norte/Origen),31412,A Coruña,22100,Ourense,3,A Coruña > Santiago de Compostela > Ourense
2026-04-23,09132,AV,Avant (AV Media Distancia),Avant,MD,Par (↓ Sur/Destino),08223,Vigo Urzaiz,31412,A Coruña,8,Vigo Urzaiz > Redondela Av > Arcade > Pontevedra > Vilagarcia de Arousa > Padron-Barbanza > Santiago de Compostela > A Coruña
2026-04-23,09140,AV,Avant (AV Media Distancia),Avant,AVANT,Par (↓ Sur/Destino),22100,Ourense,31412,A Coruña,3,Ourense > Santiago de Compostela > A Coruña
2026-04-23,09142,AV,Avant (AV Media Distancia),Avant,MD,Par (↓ Sur/Destino),08223,Vigo Urzaiz,31412,A Coruña,6,Vigo Urzaiz > Pontevedra > Pontevedra-Turistico > Vilagarcia de Arousa > Santiago de Compostela > A Coruña
2026-04-23,09143,AV,Avant (AV Media Distancia),Avant,MD,Impar (↑ Norte/Origen),31412,A Coruña,08223,Vigo Urzaiz,7,A Coruña > Santiago de Compostela > Padron-Barbanza > Vilagarcia de Arousa > Pontevedra > Redondela Av > Vigo Urzaiz
2026-04-23,09153,AV,Avant (AV Media Distancia),Avant,MD,Impar (↑ Norte/Origen),31412,A Coruña,08223,Vigo Urzaiz,5,A Coruña > Santiago de Compostela > Vilagarcia de Arousa > Pontevedra > Vigo Urzaiz
2026-04-23,09155,AV,Avant (AV Media Distancia),Avant,AVANT,Impar (↑ Norte/Origen),60911,Alicante/Alacant,61200,Murcia,6,Alicante/Alacant > ELX AV > CALLOSA DE SEGURA - COX > Orihuela-Miguel Hernández > Beniel > Murcia
2026-04-23,09157,AV,Avant (AV Media Distancia),Avant,AVANT,Impar (↑ Norte/Origen),61200,Murcia,60911,Alicante/Alacant,6,Murcia > Beniel > Orihuela-Miguel Hernández > CALLOSA DE SEGURA - COX > ELX AV > Alicante/Alacant
2026-04-23,09160,AV,Avant (AV Media Distancia),Avant,AVANT,Par (↓ Sur/Destino),22100,Ourense,31412,A Coruña,3,Ourense > Santiago de Compostela > A Coruña
2026-04-23,09162,AV,Avant (AV Media Distancia),Avant,MD,Par (↓ Sur/Destino),08223,Vigo Urzaiz,31412,A Coruña,5,Vigo Urzaiz > Pontevedra > Vilagarcia de Arousa > Santiago de Compostela > A Coruña
2026-04-23,09167,AV,Avant (AV Media Distancia),Avant,AVANT,Impar (↑ Norte/Origen),61200,Murcia,60911,Alicante/Alacant,6,Murcia > Beniel > Orihuela-Miguel Hernández > CALLOSA DE SEGURA - COX > ELX AV > Alicante/Alacant
2026-04-23,09171,AV,Avant (AV Media Distancia),Avant,AVANT,Impar (↑ Norte/Origen),31412,A Coruña,22100,Ourense,3,A Coruña > Santiago de Compostela > Ourense
2026-04-23,09172,AV,Avant (AV Media Distancia),Avant,MD,Par (↓ Sur/Destino),08223,Vigo Urzaiz,31412,A Coruña,5,Vigo Urzaiz > Pontevedra > Vilagarcia de Arousa > Santiago de Compostela > A Coruña
2026-04-23,09173,AV,Avant (AV Media Distancia),Avant,MD,Impar (↑ Norte/Origen),31412,A Coruña,08223,Vigo Urzaiz,5,A Coruña > Santiago de Compostela > Vilagarcia de Arousa > Pontevedra > Vigo Urzaiz
2026-04-23,09175,AV,Avant (AV Media Distancia),Avant,AVANT,Impar (↑ Norte/Origen),60911,Alicante/Alacant,61200,Murcia,6,Alicante/Alacant > ELX AV > CALLOSA DE SEGURA - COX > Orihuela-Miguel Hernández > Beniel > Murcia
2026-04-23,09182,AV,Avant (AV Media Distancia),Avant,MD,Par (↓ Sur/Destino),08223,Vigo Urzaiz,31412,A Coruña,5,Vigo Urzaiz > Pontevedra > Vilagarcia de Arousa > Santiago de Compostela > A Coruña
2026-04-23,09183,AV,Avant (AV Media Distancia),Avant,MD,Impar (↑ Norte/Origen),31412,A Coruña,08223,Vigo Urzaiz,5,A Coruña > Santiago de Compostela > Vilagarcia de Arousa > Pontevedra > Vigo Urzaiz
2026-04-23,09192,AV,Avant (AV Media Distancia),Avant,MD,Par (↓ Sur/Destino),08223,Vigo Urzaiz,31412,A Coruña,6,Vigo Urzaiz > Pontevedra > Pontevedra-Turistico > Vilagarcia de Arousa > Santiago de Compostela > A Coruña
2026-04-23,09195,AV,Avant (AV Media Distancia),Avant,AVANT,Impar (↑ Norte/Origen),60911,Alicante/Alacant,61200,Murcia,6,Alicante/Alacant > ELX AV > CALLOSA DE SEGURA - COX > Orihuela-Miguel Hernández > Beniel > Murcia
2026-04-23,09197,AV,Avant (AV Media Distancia),Avant,AVANT,Impar (↑ Norte/Origen),61200,Murcia,60911,Alicante/Alacant,6,Murcia > Beniel > Orihuela-Miguel Hernández > CALLOSA DE SEGURA - COX > ELX AV > Alicante/Alacant
2026-04-23,09201,AV,Avant (AV Media Distancia),Avant,AVANT,Impar (↑ Norte/Origen),31412,A Coruña,22100,Ourense,4,A Coruña > Santiago de Compostela > Santiago-Turistico > Ourense
2026-04-23,09212,AV,Avant (AV Media Distancia),Avant,MD,Par (↓ Sur/Destino),08223,Vigo Urzaiz,31412,A Coruña,9,Vigo Urzaiz > Redondela Av > Arcade > Pontevedra > Pontevedra-Turistico > Vilagarcia de Arousa > Padron-Barbanza > Santiago de Compostela > A Coruña
2026-04-23,09213,AV,Avant (AV Media Distancia),Avant,MD,Impar (↑ Norte/Origen),31412,A Coruña,08223,Vigo Urzaiz,12,A Coruña > A Coruna-Turistico > Cerceda-Meirama > Santiago de Compostela > Santiago-Turistico > Padron-Barbanza > Vilagarcia de Arousa > Pontevedra > Pontevedra-Turistico > Arcade > Redondela Av > Vigo Urzaiz
2026-04-23,09215,AV,Avant (AV Media Distancia),Avant,AVANT,Impar (↑ Norte/Origen),60911,Alicante/Alacant,61200,Murcia,6,Alicante/Alacant > ELX AV > CALLOSA DE SEGURA - COX > Orihuela-Miguel Hernández > Beniel > Murcia
2026-04-23,09217,AV,Avant (AV Media Distancia),Avant,AVANT,Impar (↑ Norte/Origen),61200,Murcia,60911,Alicante/Alacant,6,Murcia > Beniel > Orihuela-Miguel Hernández > CALLOSA DE SEGURA - COX > ELX AV > Alicante/Alacant
2026-04-23,09331,AV,Avant (AV Media Distancia),Avant,ALVIA,Impar (↑ Norte/Origen),55020,Algeciras,60000,Madrid Pta.Atocha - Almudena Grandes,9,Algeciras > San Roque-La Linea > Ronda > Antequera-Santa Ana > Puente Genil-Herrera > Cordoba > Puertollano > Ciudad Real > Madrid Pta.Atocha - Almudena Grandes
2026-04-23,09351,AV,Avant (AV Media Distancia),Avant,AVANT,Impar (↑ Norte/Origen),31412,A Coruña,22100,Ourense,3,A Coruña > Santiago de Compostela > Ourense
2026-04-23,09366,AV,Avant (AV Media Distancia),Avant,ALVIA,Par (↓ Sur/Destino),60000,Madrid Pta.Atocha - Almudena Grandes,55020,Algeciras,8,Madrid Pta.Atocha - Almudena Grandes > Ciudad Real > Puertollano > Cordoba > Antequera-Santa Ana > Ronda > San Roque-La Linea > Algeciras
2026-04-23,09400,AV,Avant (AV Media Distancia),Avant,AVANT,Par (↓ Sur/Destino),22100,Ourense,31412,A Coruña,4,Ourense > Santiago de Compostela > Santiago-Turistico > A Coruña
2026-04-23,09470,AV,Avant (AV Media Distancia),Avant,AVANT,Par (↓ Sur/Destino),22100,Ourense,31412,A Coruña,3,Ourense > Santiago de Compostela > A Coruña
2026-04-23,09480,AV,Avant (AV Media Distancia),Avant,AVANT,Par (↓ Sur/Destino),22100,Ourense,31412,A Coruña,3,Ourense > Santiago de Compostela > A Coruña
2026-04-23,09550,AV,Avant (AV Media Distancia),Avant,AVANT,Par (↓ Sur/Destino),22100,Ourense,31412,A Coruña,3,Ourense > Santiago de Compostela > A Coruña
2026-04-23,09590,AV,Avant (AV Media Distancia),Avant,AVANT,Par (↓ Sur/Destino),22100,Ourense,31412,A Coruña,4,Ourense > Ourense Turistico > Santiago de Compostela > A Coruña
2026-04-23,09725,AV,Avant (AV Media Distancia),Avant,AVE INT,Impar (↑ Norte/Origen),60000,Madrid Pta.Atocha - Almudena Grandes,87089,Marseille St Charles,14,Madrid Pta.Atocha - Almudena Grandes > Guadalajara - Yebes > Zaragoza-Delicias > Camp Tarragona > Barcelona-Sants > Girona > Figueres Vilafant > Perpignan > Narbonne > Montpellier > NIMES > Avignon > Aix en Provence > Marseille St Charles
2026-04-23,09725,AV,Avant (AV Media Distancia),Avant,AVE INT,Impar (↑ Norte/Origen),60000,Madrid Pta.Atocha - Almudena Grandes,71801,Barcelona-Sants,5,Madrid Pta.Atocha - Almudena Grandes > Guadalajara - Yebes > Zaragoza-Delicias > Camp Tarragona > Barcelona-Sants
2026-04-23,09725,AV,Avant (AV Media Distancia),Avant,AVE INT,Impar (↑ Norte/Origen),04307,Figueres Vilafant,87089,Marseille St Charles,8,Figueres Vilafant > Perpignan > Narbonne > Montpellier > NIMES > Avignon > Aix en Provence > Marseille St Charles
2026-04-23,09730,AV,Avant (AV Media Distancia),Avant,AVE INT,Par (↓ Sur/Destino),87089,Marseille St Charles,60000,Madrid Pta.Atocha - Almudena Grandes,13,Marseille St Charles > Aix en Provence > Avignon > NIMES > Montpellier > Narbonne > Perpignan > Figueres Vilafant > Girona > Barcelona-Sants > Camp Tarragona > Zaragoza-Delicias > Madrid Pta.Atocha - Almudena Grandes
2026-04-23,09730,AV,Avant (AV Media Distancia),Avant,AVE INT,Par (↓ Sur/Destino),87089,Marseille St Charles,04307,Figueres Vilafant,8,Marseille St Charles > Aix en Provence > Avignon > NIMES > Montpellier > Narbonne > Perpignan > Figueres Vilafant
2026-04-23,09730,AV,Avant (AV Media Distancia),Avant,AVE INT,Par (↓ Sur/Destino),71801,Barcelona-Sants,60000,Madrid Pta.Atocha - Almudena Grandes,4,Barcelona-Sants > Camp Tarragona > Zaragoza-Delicias > Madrid Pta.Atocha - Almudena Grandes
2026-04-23,09737,AV,Avant (AV Media Distancia),Avant,AVE INT,Impar (↑ Norte/Origen),71801,Barcelona-Sants,87303,Lyon Part Dieu,9,Barcelona-Sants > Girona > Figueres Vilafant > Perpignan > Narbonne > Montpellier > NIMES > Valence > Lyon Part Dieu
2026-04-23,09737,AV,Avant (AV Media Distancia),Avant,AVE INT,Impar (↑ Norte/Origen),04307,Figueres Vilafant,87303,Lyon Part Dieu,7,Figueres Vilafant > Perpignan > Narbonne > Montpellier > NIMES > Valence > Lyon Part Dieu
2026-04-23,09742,AV,Avant (AV Media Distancia),Avant,AVE INT,Par (↓ Sur/Destino),87303,Lyon Part Dieu,71801,Barcelona-Sants,9,Lyon Part Dieu > Valence > NIMES > Montpellier > Narbonne > Perpignan > Figueres Vilafant > Girona > Barcelona-Sants
2026-04-23,09742,AV,Avant (AV Media Distancia),Avant,AVE INT,Par (↓ Sur/Destino),87303,Lyon Part Dieu,04307,Figueres Vilafant,7,Lyon Part Dieu > Valence > NIMES > Montpellier > Narbonne > Perpignan > Figueres Vilafant
2026-04-23,10022,LD,Ocasional LD/AV,Ocas.,AVE,Par (↓ Sur/Destino),60000,Madrid Pta.Atocha - Almudena Grandes,54413,Malaga Maria Zambrano,4,Madrid Pta.Atocha - Almudena Grandes > Cordoba > Antequera-Santa Ana > Malaga Maria Zambrano
2026-04-23,10072,LD,Ocasional LD/AV,Ocas.,AVE,Par (↓ Sur/Destino),60000,Madrid Pta.Atocha - Almudena Grandes,54413,Malaga Maria Zambrano,5,Madrid Pta.Atocha - Almudena Grandes > Cordoba > Puente Genil-Herrera > Antequera-Santa Ana > Malaga Maria Zambrano
2026-04-23,10073,LD,Ocasional LD/AV,Ocas.,AVE,Impar (↑ Norte/Origen),54413,Malaga Maria Zambrano,60000,Madrid Pta.Atocha - Almudena Grandes,4,Malaga Maria Zambrano > Antequera-Santa Ana > Cordoba > Madrid Pta.Atocha - Almudena Grandes
2026-04-23,10082,LD,Ocasional LD/AV,Ocas.,AVE,Par (↓ Sur/Destino),60000,Madrid Pta.Atocha - Almudena Grandes,54413,Malaga Maria Zambrano,4,Madrid Pta.Atocha - Almudena Grandes > Cordoba > Antequera-Santa Ana > Malaga Maria Zambrano
2026-04-23,10093,LD,Ocasional LD/AV,Ocas.,AVE,Impar (↑ Norte/Origen),54413,Malaga Maria Zambrano,60000,Madrid Pta.Atocha - Almudena Grandes,4,Malaga Maria Zambrano > Antequera-Santa Ana > Cordoba > Madrid Pta.Atocha - Almudena Grandes
2026-04-23,10133,LD,Ocasional LD/AV,Ocas.,AVE,Impar (↑ Norte/Origen),54413,Malaga Maria Zambrano,60000,Madrid Pta.Atocha - Almudena Grandes,4,Malaga Maria Zambrano > Antequera-Santa Ana > Cordoba > Madrid Pta.Atocha - Almudena Grandes
2026-04-23,10152,LD,Ocasional LD/AV,Ocas.,AVE,Par (↓ Sur/Destino),60000,Madrid Pta.Atocha - Almudena Grandes,54413,Malaga Maria Zambrano,4,Madrid Pta.Atocha - Almudena Grandes > Cordoba > Antequera-Santa Ana > Malaga Maria Zambrano
2026-04-23,10172,LD,Ocasional LD/AV,Ocas.,AVE,Par (↓ Sur/Destino),60000,Madrid Pta.Atocha - Almudena Grandes,54413,Malaga Maria Zambrano,4,Madrid Pta.Atocha - Almudena Grandes > Cordoba > Antequera-Santa Ana > Malaga Maria Zambrano
2026-04-23,10203,LD,Ocasional LD/AV,Ocas.,AVE,Impar (↑ Norte/Origen),54413,Malaga Maria Zambrano,60000,Madrid Pta.Atocha - Almudena Grandes,4,Malaga Maria Zambrano > Antequera-Santa Ana > Cordoba > Madrid Pta.Atocha - Almudena Grandes
2026-04-23,10213,LD,Ocasional LD/AV,Ocas.,AVE,Impar (↑ Norte/Origen),54413,Malaga Maria Zambrano,60000,Madrid Pta.Atocha - Almudena Grandes,4,Malaga Maria Zambrano > Antequera-Santa Ana > Cordoba > Madrid Pta.Atocha - Almudena Grandes
2026-04-23,10232,LD,Ocasional LD/AV,Ocas.,AVE,Par (↓ Sur/Destino),60000,Madrid Pta.Atocha - Almudena Grandes,54413,Malaga Maria Zambrano,4,Madrid Pta.Atocha - Almudena Grandes > Cordoba > Antequera-Santa Ana > Malaga Maria Zambrano
2026-04-23,10250,LD,Ocasional LD/AV,Ocas.,AVE,Par (↓ Sur/Destino),71801,Barcelona-Sants,60000,Madrid Pta.Atocha - Almudena Grandes,2,Barcelona-Sants > Madrid Pta.Atocha - Almudena Grandes
2026-04-23,10251,LD,Ocasional LD/AV,Ocas.,CHARTER,Impar (↑ Norte/Origen),60000,Madrid Pta.Atocha - Almudena Grandes,04040,Zaragoza-Delicias,2,Madrid Pta.Atocha - Almudena Grandes > Zaragoza-Delicias
2026-04-23,10252,LD,Ocasional LD/AV,Ocas.,AVE,Par (↓ Sur/Destino),04040,Zaragoza-Delicias,60000,Madrid Pta.Atocha - Almudena Grandes,2,Zaragoza-Delicias > Madrid Pta.Atocha - Almudena Grandes
2026-04-23,10272,LD,Ocasional LD/AV,Ocas.,AVE,Par (↓ Sur/Destino),74200,Huesca,60000,Madrid Pta.Atocha - Almudena Grandes,6,Huesca > Tardienta > Zaragoza-Delicias > Calatayud > Guadalajara - Yebes > Madrid Pta.Atocha - Almudena Grandes
2026-04-23,10292,LD,Ocasional LD/AV,Ocas.,AVE,Par (↓ Sur/Destino),60000,Madrid Pta.Atocha - Almudena Grandes,54413,Malaga Maria Zambrano,4,Madrid Pta.Atocha - Almudena Grandes > Cordoba > Antequera-Santa Ana > Malaga Maria Zambrano
2026-04-23,10293,LD,Ocasional LD/AV,Ocas.,AVE,Impar (↑ Norte/Origen),54413,Malaga Maria Zambrano,60000,Madrid Pta.Atocha - Almudena Grandes,5,Malaga Maria Zambrano > Antequera-Santa Ana > Puente Genil-Herrera > Cordoba > Madrid Pta.Atocha - Almudena Grandes
2026-04-23,10302,LD,Ocasional LD/AV,Ocas.,AVLO,Par (↓ Sur/Destino),22100,Ourense,17000,Madrid-Chamartín-Clara Campoamor,3,Ourense > Zamora > Madrid-Chamartín-Clara Campoamor
2026-04-23,10370,LD,Ocasional LD/AV,Ocas.,AVE,Par (↓ Sur/Destino),15410,Gijón/Xixón,17000,Madrid-Chamartín-Clara Campoamor,7,Gijón/Xixón > Oviedo/Uviéu > Pola De Lena/La Pola > Leon > Palencia > Valladolid > Madrid-Chamartín-Clara Campoamor
2026-04-23,10393,LD,Ocasional LD/AV,Ocas.,AVE,Impar (↑ Norte/Origen),60000,Madrid Pta.Atocha - Almudena Grandes,74200,Huesca,6,Madrid Pta.Atocha - Almudena Grandes > Guadalajara - Yebes > Calatayud > Zaragoza-Delicias > Tardienta > Huesca
2026-04-23,10402,LD,Ocasional LD/AV,Ocas.,Intercity,Par (↓ Sur/Destino),31412,A Coruña,22100,Ourense,3,A Coruña > Santiago de Compostela > Ourense
2026-04-23,10410,LD,Ocasional LD/AV,Ocas.,ALVIA,Par (↓ Sur/Destino),15410,Gijón/Xixón,17000,Madrid-Chamartín-Clara Campoamor,6,Gijón/Xixón > Oviedo/Uviéu > Leon > Palencia > Valladolid > Madrid-Chamartín-Clara Campoamor
2026-04-23,10491,LD,Ocasional LD/AV,Ocas.,AVE,Impar (↑ Norte/Origen),17000,Madrid-Chamartín-Clara Campoamor,15410,Gijón/Xixón,7,Madrid-Chamartín-Clara Campoamor > Valladolid > Palencia > Leon > Mieres Puente > Oviedo/Uviéu > Gijón/Xixón
2026-04-23,10503,LD,Ocasional LD/AV,Ocas.,AVE,Impar (↑ Norte/Origen),54413,Malaga Maria Zambrano,60000,Madrid Pta.Atocha - Almudena Grandes,4,Malaga Maria Zambrano > Antequera-Santa Ana > Cordoba > Madrid Pta.Atocha - Almudena Grandes
2026-04-23,11092,LD,Ocasional LD/AV,Ocas.,Intercity,Par (↓ Sur/Destino),60600,Albacete-Los Llanos,61307,Cartagena,8,Albacete-Los Llanos > Hellin > Cieza > Archena-Fortuna > Murcia > Balsicas-Mar Menor > Torre-Pacheco > Cartagena
2026-04-23,11093,LD,Ocasional LD/AV,Ocas.,Intercity,Impar (↑ Norte/Origen),61307,Cartagena,60600,Albacete-Los Llanos,8,Cartagena > Torre-Pacheco > Balsicas-Mar Menor > Murcia > Archena-Fortuna > Cieza > Hellin > Albacete-Los Llanos
2026-04-23,11182,LD,Ocasional LD/AV,Ocas.,Intercity,Par (↓ Sur/Destino),60600,Albacete-Los Llanos,61307,Cartagena,8,Albacete-Los Llanos > Hellin > Cieza > Archena-Fortuna > Murcia > Balsicas-Mar Menor > Torre-Pacheco > Cartagena
2026-04-23,11183,LD,Ocasional LD/AV,Ocas.,Intercity,Impar (↑ Norte/Origen),61307,Cartagena,60600,Albacete-Los Llanos,8,Cartagena > Torre-Pacheco > Balsicas-Mar Menor > Murcia > Archena-Fortuna > Cieza > Hellin > Albacete-Los Llanos
2026-04-23,11203,LD,Ocasional LD/AV,Ocas.,AVE,Impar (↑ Norte/Origen),54413,Malaga Maria Zambrano,60000,Madrid Pta.Atocha - Almudena Grandes,4,Malaga Maria Zambrano > Antequera-Santa Ana > Cordoba > Madrid Pta.Atocha - Almudena Grandes
2026-04-23,11212,LD,Ocasional LD/AV,Ocas.,AVE,Par (↓ Sur/Destino),60000,Madrid Pta.Atocha - Almudena Grandes,54413,Malaga Maria Zambrano,4,Madrid Pta.Atocha - Almudena Grandes > Cordoba > Antequera-Santa Ana > Malaga Maria Zambrano
2026-04-23,12100,MD,Media Distancia,Área Norte,REGIONAL,Par (↓ Sur/Destino),15410,Gijón/Xixón,10600,Valladolid,32,Gijón/Xixón > La Calzada > Oviedo/Uviéu > Llamaquique > Mieres Puente > Uxo > Pola De Lena/La Pola > Campumanes > Fierros > Linares-Congostinas > Busdongo > Villamanin > Santa Lucia > La Pola de Gordon > La Robla > Leon > Palanquinos > El Burgo Ranero > Sahagun > Grajal > Villada > Paredes de Nava > Becerril > Grijota > Palencia > Venta De Baños > Dueñas > Cubillas de Santa Marta > Corcos-Aguilarejo > Cabezon del Pisuerga > Valladolid-Universidad > Valladolid
2026-04-23,12101,MD,Media Distancia,Área Norte,REGIONAL,Impar (↑ Norte/Origen),10600,Valladolid,15410,Gijón/Xixón,28,Valladolid > Valladolid-Universidad > Cabezon del Pisuerga > Dueñas > Venta De Baños > Palencia > Paredes de Nava > Villada > Grajal > Sahagun > El Burgo Ranero > Palanquinos > Leon > La Robla > La Pola de Gordon > Santa Lucia > Villamanin > Busdongo > Linares-Congostinas > Fierros > Campumanes > Pola De Lena/La Pola > Uxo > Mieres Puente > Llamaquique > Oviedo/Uviéu > La Calzada > Gijón/Xixón
2026-04-23,12102,MD,Media Distancia,Área Norte,REGIONAL,Par (↓ Sur/Destino),15410,Gijón/Xixón,15100,Leon,16,Gijón/Xixón > La Calzada > Oviedo/Uviéu > Llamaquique > Mieres Puente > Uxo > Pola De Lena/La Pola > Campumanes > Fierros > Linares-Congostinas > Busdongo > Villamanin > Santa Lucia > La Pola de Gordon > La Robla > Leon
2026-04-23,12411,MD,Media Distancia,Área Norte,REGIONAL,Impar (↑ Norte/Origen),31412,A Coruña,08223,Vigo Urzaiz,11,A Coruña > Cerceda-Meirama > Santiago de Compostela > Padron > Pontecesures > Catoira > Vilagarcia de Arousa > Pontevedra > Arcade > Redondela Av > Vigo Urzaiz
2026-04-23,12411,MD,Media Distancia,Área Norte,REGIONAL,Impar (↑ Norte/Origen),31412,A Coruña,22308,Vigo Guixar,12,A Coruña > Cerceda-Meirama > Santiago de Compostela > Padron > Pontecesures > Catoira > Vilagarcia de Arousa > Pontevedra > Arcade > Redondela-Picota > Redondela > Vigo Guixar
2026-04-23,12421,MD,Media Distancia,Área Norte,REGIONAL,Impar (↑ Norte/Origen),31412,A Coruña,08223,Vigo Urzaiz,13,A Coruña > Uxes > Cerceda-Meirama > Ordes > Santiago de Compostela > Padron > Pontecesures > Catoira > Vilagarcia de Arousa > Pontevedra > Arcade > Redondela Av > Vigo Urzaiz
2026-04-23,12421,MD,Media Distancia,Área Norte,REGIONAL,Impar (↑ Norte/Origen),31412,A Coruña,22308,Vigo Guixar,14,A Coruña > Uxes > Cerceda-Meirama > Ordes > Santiago de Compostela > Padron > Pontecesures > Catoira > Vilagarcia de Arousa > Pontevedra > Arcade > Redondela-Picota > Redondela > Vigo Guixar
2026-04-23,12431,MD,Media Distancia,Área Norte,REGIONAL,Impar (↑ Norte/Origen),31412,A Coruña,08223,Vigo Urzaiz,13,A Coruña > Uxes > Cerceda-Meirama > Ordes > Santiago de Compostela > Padron > Pontecesures > Catoira > Vilagarcia de Arousa > Pontevedra > Arcade > Redondela Av > Vigo Urzaiz
2026-04-23,12431,MD,Media Distancia,Área Norte,REGIONAL,Impar (↑ Norte/Origen),31412,A Coruña,22308,Vigo Guixar,14,A Coruña > Uxes > Cerceda-Meirama > Ordes > Santiago de Compostela > Padron > Pontecesures > Catoira > Vilagarcia de Arousa > Pontevedra > Arcade > Redondela-Picota > Redondela > Vigo Guixar
2026-04-23,12441,MD,Media Distancia,Área Norte,REGIONAL,Impar (↑ Norte/Origen),31412,A Coruña,08223,Vigo Urzaiz,15,A Coruña > Uxes > Cerceda-Meirama > Ordes > Santiago de Compostela > Osebe > Padron > Pontecesures > Catoira > Vilagarcia de Arousa > Portela > Pontevedra > Arcade > Redondela Av > Vigo Urzaiz
2026-04-23,12441,MD,Media Distancia,Área Norte,REGIONAL,Impar (↑ Norte/Origen),31412,A Coruña,22308,Vigo Guixar,16,A Coruña > Uxes > Cerceda-Meirama > Ordes > Santiago de Compostela > Osebe > Padron > Pontecesures > Catoira > Vilagarcia de Arousa > Portela > Pontevedra > Arcade > Redondela-Picota > Redondela > Vigo Guixar
2026-04-23,12451,MD,Media Distancia,Área Norte,REGIONAL,Impar (↑ Norte/Origen),31400,Santiago de Compostela,23008,Vilagarcia de Arousa,4,Santiago de Compostela > Padron > Pontecesures > Vilagarcia de Arousa
2026-04-23,12453,MD,Media Distancia,Área Norte,REGIONAL,Impar (↑ Norte/Origen),31412,A Coruña,08223,Vigo Urzaiz,14,A Coruña > Uxes > Cerceda-Meirama > Ordes > Santiago de Compostela > Padron > Pontecesures > Catoira > Vilagarcia de Arousa > Pontevedra-Universidad > Pontevedra > Arcade > Redondela Av > Vigo Urzaiz
2026-04-23,12453,MD,Media Distancia,Área Norte,REGIONAL,Impar (↑ Norte/Origen),31412,A Coruña,22308,Vigo Guixar,15,A Coruña > Uxes > Cerceda-Meirama > Ordes > Santiago de Compostela > Padron > Pontecesures > Catoira > Vilagarcia de Arousa > Pontevedra-Universidad > Pontevedra > Arcade > Redondela-Picota > Redondela > Vigo Guixar
2026-04-23,12455,MD,Media Distancia,Área Norte,REGIONAL,Impar (↑ Norte/Origen),31400,Santiago de Compostela,08223,Vigo Urzaiz,9,Santiago de Compostela > Padron > Pontecesures > Catoira > Vilagarcia de Arousa > Pontevedra > Arcade > Redondela Av > Vigo Urzaiz
2026-04-23,12455,MD,Media Distancia,Área Norte,REGIONAL,Impar (↑ Norte/Origen),31400,Santiago de Compostela,22308,Vigo Guixar,11,Santiago de Compostela > Padron > Pontecesures > Catoira > Vilagarcia de Arousa > Pontevedra > Arcade > Cesantes > Redondela-Picota > Redondela > Vigo Guixar
2026-04-23,12457,MD,Media Distancia,Área Norte,REGIONAL,Impar (↑ Norte/Origen),31400,Santiago de Compostela,23008,Vilagarcia de Arousa,4,Santiago de Compostela > Padron > Pontecesures > Vilagarcia de Arousa
2026-04-23,12459,MD,Media Distancia,Área Norte,REGIONAL,Impar (↑ Norte/Origen),31400,Santiago de Compostela,08223,Vigo Urzaiz,9,Santiago de Compostela > Padron > Pontecesures > Catoira > Vilagarcia de Arousa > Pontevedra > Arcade > Redondela Av > Vigo Urzaiz
2026-04-23,12459,MD,Media Distancia,Área Norte,REGIONAL,Impar (↑ Norte/Origen),31400,Santiago de Compostela,22308,Vigo Guixar,10,Santiago de Compostela > Padron > Pontecesures > Catoira > Vilagarcia de Arousa > Pontevedra > Arcade > Redondela-Picota > Redondela > Vigo Guixar
2026-04-23,12461,MD,Media Distancia,Área Norte,REGIONAL,Impar (↑ Norte/Origen),31400,Santiago de Compostela,08223,Vigo Urzaiz,9,Santiago de Compostela > Padron > Pontecesures > Catoira > Vilagarcia de Arousa > Pontevedra > Arcade > Redondela Av > Vigo Urzaiz
2026-04-23,12461,MD,Media Distancia,Área Norte,REGIONAL,Impar (↑ Norte/Origen),31400,Santiago de Compostela,22308,Vigo Guixar,11,Santiago de Compostela > Santiago-Turistico > Padron > Pontecesures > Catoira > Vilagarcia de Arousa > Pontevedra > Arcade > Redondela-Picota > Redondela > Vigo Guixar
2026-04-23,12480,MD,Media Distancia,Área Norte,REGIONAL,Par (↓ Sur/Destino),08223,Vigo Urzaiz,31400,Santiago de Compostela,9,Vigo Urzaiz > Redondela Av > Arcade > Pontevedra > Vilagarcia de Arousa > Catoira > Pontecesures > Padron > Santiago de Compostela
2026-04-23,12480,MD,Media Distancia,Área Norte,REGIONAL,Par (↓ Sur/Destino),22308,Vigo Guixar,31400,Santiago de Compostela,10,Vigo Guixar > Redondela > Redondela-Picota > Arcade > Pontevedra > Vilagarcia de Arousa > Catoira > Pontecesures > Padron > Santiago de Compostela
2026-04-23,12482,MD,Media Distancia,Área Norte,REGIONAL,Par (↓ Sur/Destino),23008,Vilagarcia de Arousa,31400,Santiago de Compostela,4,Vilagarcia de Arousa > Pontecesures > Padron > Santiago de Compostela
2026-04-23,12484,MD,Media Distancia,Área Norte,REGIONAL,Par (↓ Sur/Destino),08223,Vigo Urzaiz,31400,Santiago de Compostela,7,Vigo Urzaiz > Redondela Av > Pontevedra > Vilagarcia de Arousa > Pontecesures > Padron > Santiago de Compostela
2026-04-23,12484,MD,Media Distancia,Área Norte,REGIONAL,Par (↓ Sur/Destino),22308,Vigo Guixar,31400,Santiago de Compostela,7,Vigo Guixar > Redondela > Pontevedra > Vilagarcia de Arousa > Pontecesures > Padron > Santiago de Compostela
2026-04-23,12488,MD,Media Distancia,Área Norte,REGIONAL,Par (↓ Sur/Destino),08223,Vigo Urzaiz,31400,Santiago de Compostela,11,Vigo Urzaiz > Redondela Av > Arcade > Pontevedra > Portela > Vilagarcia de Arousa > Catoira > Pontecesures > Padron > Osebe > Santiago de Compostela
2026-04-23,12488,MD,Media Distancia,Área Norte,REGIONAL,Par (↓ Sur/Destino),22308,Vigo Guixar,31400,Santiago de Compostela,13,Vigo Guixar > Redondela > Redondela-Picota > Cesantes > Arcade > Pontevedra > Portela > Vilagarcia de Arousa > Catoira > Pontecesures > Padron > Osebe > Santiago de Compostela
2026-04-23,12512,MD,Media Distancia,Área Norte,REGIONAL,Par (↓ Sur/Destino),08223,Vigo Urzaiz,31412,A Coruña,13,Vigo Urzaiz > Redondela Av > Arcade > Pontevedra > Vilagarcia de Arousa > Catoira > Pontecesures > Padron > Santiago de Compostela > Ordes > Cerceda-Meirama > Uxes > A Coruña
2026-04-23,12526,MD,Media Distancia,Área Norte,REGIONAL,Par (↓ Sur/Destino),08223,Vigo Urzaiz,31412,A Coruña,13,Vigo Urzaiz > Redondela Av > Arcade > Pontevedra > Pontevedra-Universidad > Vilagarcia de Arousa > Catoira > Pontecesures > Padron > Santiago de Compostela > Cerceda-Meirama > Uxes > A Coruña
2026-04-23,12526,MD,Media Distancia,Área Norte,REGIONAL,Par (↓ Sur/Destino),22308,Vigo Guixar,31412,A Coruña,14,Vigo Guixar > Redondela > Redondela-Picota > Arcade > Pontevedra > Pontevedra-Universidad > Vilagarcia de Arousa > Catoira > Pontecesures > Padron > Santiago de Compostela > Cerceda-Meirama > Uxes > A Coruña
2026-04-23,12528,MD,Media Distancia,Área Norte,REGIONAL,Par (↓ Sur/Destino),08223,Vigo Urzaiz,31412,A Coruña,13,Vigo Urzaiz > Redondela Av > Arcade > Pontevedra > Vilagarcia de Arousa > Catoira > Pontecesures > Padron > Santiago de Compostela > Ordes > Cerceda-Meirama > Uxes > A Coruña
2026-04-23,12528,MD,Media Distancia,Área Norte,REGIONAL,Par (↓ Sur/Destino),22308,Vigo Guixar,31412,A Coruña,14,Vigo Guixar > Redondela > Redondela-Picota > Arcade > Pontevedra > Vilagarcia de Arousa > Catoira > Pontecesures > Padron > Santiago de Compostela > Ordes > Cerceda-Meirama > Uxes > A Coruña
2026-04-23,12538,MD,Media Distancia,Área Norte,REGIONAL,Par (↓ Sur/Destino),08223,Vigo Urzaiz,31412,A Coruña,14,Vigo Urzaiz > Redondela Av > Arcade > Pontevedra > Pontevedra-Universidad > Vilagarcia de Arousa > Catoira > Pontecesures > Padron > Santiago de Compostela > Ordes > Cerceda-Meirama > Uxes > A Coruña
2026-04-23,12538,MD,Media Distancia,Área Norte,REGIONAL,Par (↓ Sur/Destino),22308,Vigo Guixar,31412,A Coruña,15,Vigo Guixar > Redondela > Redondela-Picota > Arcade > Pontevedra > Pontevedra-Universidad > Vilagarcia de Arousa > Catoira > Pontecesures > Padron > Santiago de Compostela > Ordes > Cerceda-Meirama > Uxes > A Coruña
2026-04-23,12554,MD,Media Distancia,Área Norte,REGIONAL,Par (↓ Sur/Destino),08223,Vigo Urzaiz,31412,A Coruña,11,Vigo Urzaiz > Redondela Av > Arcade > Pontevedra > Vilagarcia de Arousa > Catoira > Pontecesures > Padron > Santiago de Compostela > Cerceda-Meirama > A Coruña
2026-04-23,12554,MD,Media Distancia,Área Norte,REGIONAL,Par (↓ Sur/Destino),22308,Vigo Guixar,31412,A Coruña,13,Vigo Guixar > Redondela > Redondela-Picota > Arcade > Pontevedra > Vilagarcia de Arousa > Catoira > Pontecesures > Padron > Santiago de Compostela > Santiago-Turistico > Cerceda-Meirama > A Coruña
2026-04-23,12560,MD,Media Distancia,Área Norte,REGIONAL,Par (↓ Sur/Destino),31400,Santiago de Compostela,31412,A Coruña,5,Santiago de Compostela > Ordes > Cerceda-Meirama > Uxes > A Coruña
2026-04-23,12561,MD,Media Distancia,Área Norte,REGIONAL,Impar (↑ Norte/Origen),31412,A Coruña,31400,Santiago de Compostela,5,A Coruña > A Coruna-Turistico > Uxes > Cerceda-Meirama > Santiago de Compostela
2026-04-23,12590,MD,Media Distancia,Área Norte,REGIONAL,Par (↓ Sur/Destino),23008,Vilagarcia de Arousa,31400,Santiago de Compostela,4,Vilagarcia de Arousa > Pontecesures > Padron > Santiago de Compostela
2026-04-23,12600,MD,Media Distancia,Área Norte,REG.EXP.,Par (↓ Sur/Destino),20200,Ponferrada,15100,Leon,15,Ponferrada > San Miguel de Las Dueñas > Bembibre > Torre del Bierzo > La Granja de San Vicente > Brañuelas > Porqueros > Vega-Magaz > Astorga > Nistal > Barrientos > Veguellina > Villavante > Quintana-Raneros > Leon
2026-04-23,12601,MD,Media Distancia,Área Norte,REG.EXP.,Impar (↑ Norte/Origen),15100,Leon,20200,Ponferrada,15,Leon > Quintana-Raneros > Villavante > Veguellina > Barrientos > Nistal > Astorga > Vega-Magaz > Porqueros > Brañuelas > La Granja de San Vicente > Torre del Bierzo > Bembibre > San Miguel de Las Dueñas > Ponferrada
2026-04-23,12602,MD,Media Distancia,Área Norte,REG.EXP.,Par (↓ Sur/Destino),20200,Ponferrada,10600,Valladolid,28,Ponferrada > San Miguel de Las Dueñas > Bembibre > La Granja de San Vicente > Brañuelas > Porqueros > Vega-Magaz > Astorga > Nistal > Barrientos > Veguellina > Villavante > Quintana-Raneros > Leon > Palanquinos > El Burgo Ranero > Sahagun > Grajal > Villada > Paredes de Nava > Becerril > Grijota > Palencia > Venta De Baños > Dueñas > Cabezon del Pisuerga > Valladolid-Universidad > Valladolid
2026-04-23,12603,MD,Media Distancia,Área Norte,REG.EXP.,Impar (↑ Norte/Origen),15100,Leon,20200,Ponferrada,14,Leon > Quintana-Raneros > Villavante > Veguellina > Barrientos > Nistal > Astorga > Vega-Magaz > Porqueros > Brañuelas > La Granja de San Vicente > Bembibre > San Miguel de Las Dueñas > Ponferrada
2026-04-23,12604,MD,Media Distancia,Área Norte,REG.EXP.,Par (↓ Sur/Destino),20200,Ponferrada,15100,Leon,10,Ponferrada > San Miguel de Las Dueñas > Bembibre > Torre del Bierzo > Brañuelas > Porqueros > Vega-Magaz > Astorga > Veguellina > Leon
2026-04-23,12607,MD,Media Distancia,Área Norte,REG.EXP.,Impar (↑ Norte/Origen),20200,Ponferrada,22308,Vigo Guixar,23,Ponferrada > Toral de Los Vados > Covas > Quereño > Sobradelo > O Barco de Valdeorras > Vilamartin de Valdeorras > A Rua-Petin > San Clodio-Quiroga > Monforte de Lemos > Ourense > Barbantes > Ribadavia > Filgueira > Frieira > Arbo > As Neves > Salvaterra de Miño > Caldelas > Guillarei > O Porriño > Redondela > Vigo Guixar
2026-04-23,12608,MD,Media Distancia,Área Norte,REG.EXP.,Par (↓ Sur/Destino),22308,Vigo Guixar,20200,Ponferrada,33,Vigo Guixar > Redondela > O Porriño > Guillarei > Caldelas > Salvaterra de Miño > As Neves > Sela > Arbo > Pousa-Crecente > Frieira > Filgueira > Ribadavia > Ourense > Barra de Miño > Os Peares > San Pedro Do Sil > San Estevo Do Sil > Areas > Canabal > Monforte de Lemos > A Pobra Do Brollon > San Clodio-Quiroga > Montefurado > A Rua-Petin > Vilamartin de Valdeorras > O Barco de Valdeorras > Sobradelo > Quereño > Covas > Toral de Los Vados > Villadepalos > Ponferrada
2026-04-23,12611,MD,Media Distancia,Área Norte,REG.EXP.,Impar (↑ Norte/Origen),20200,Ponferrada,22100,Ourense,19,Ponferrada > Villadepalos > Toral de Los Vados > Covas > Quereño > Sobradelo > O Barco de Valdeorras > Vilamartin de Valdeorras > A Rua-Petin > Montefurado > San Clodio-Quiroga > Monforte de Lemos > Canabal > Areas > San Estevo Do Sil > San Pedro Do Sil > Os Peares > Barra de Miño > Ourense
2026-04-23,12613,MD,Media Distancia,Área Norte,REG.EXP.,Impar (↑ Norte/Origen),15100,Leon,20200,Ponferrada,15,Leon > Quintana-Raneros > Villavante > Veguellina > Barrientos > Nistal > Astorga > Vega-Magaz > Porqueros > Brañuelas > La Granja de San Vicente > Torre del Bierzo > Bembibre > San Miguel de Las Dueñas > Ponferrada
2026-04-23,12614,MD,Media Distancia,Área Norte,REG.EXP.,Par (↓ Sur/Destino),22308,Vigo Guixar,20200,Ponferrada,22,Vigo Guixar > Redondela > O Porriño > Guillarei > Caldelas > Salvaterra de Miño > As Neves > Arbo > Frieira > Filgueira > Ribadavia > Barbantes > Ourense > Monforte de Lemos > San Clodio-Quiroga > A Rua-Petin > Vilamartin de Valdeorras > O Barco de Valdeorras > Sobradelo > Quereño > Toral de Los Vados > Ponferrada
2026-04-23,12623,MD,Media Distancia,Área Norte,REG.EXP.,Impar (↑ Norte/Origen),22100,Ourense,22308,Vigo Guixar,14,Ourense > Ribadavia > Filgueira > Frieira > Pousa-Crecente > Arbo > Sela > As Neves > Salvaterra de Miño > Caldelas > Guillarei > O Porriño > Redondela > Vigo Guixar
2026-04-23,12641,MD,Media Distancia,Área Norte,MD,Impar (↑ Norte/Origen),20300,Monforte de Lemos,31412,A Coruña,19,Monforte de Lemos > Sarria > Pedrelo-Celtigos > Lugo > Rabade > Baamonde > Parga > Guitiriz > Teixeiro > Curtis > Piñoi > Cesuras > Oza Dos Rios > Betanzos-Infesta > Cecebre > Cambre > O Burgo Santiago > Elviña-Universidade > A Coruña
2026-04-23,12642,MD,Media Distancia,Área Norte,MD,Par (↓ Sur/Destino),31412,A Coruña,20300,Monforte de Lemos,19,A Coruña > Elviña-Universidade > O Burgo Santiago > Cambre > Cecebre > Betanzos-Infesta > Oza Dos Rios > Cesuras > Piñoi > Curtis > Teixeiro > Guitiriz > Parga > Baamonde > Rabade > Lugo > Pedrelo-Celtigos > Sarria > Monforte de Lemos
2026-04-23,12644,MD,Media Distancia,Área Norte,MD,Par (↓ Sur/Destino),31412,A Coruña,22100,Ourense,20,A Coruña > Elviña-Universidade > O Burgo Santiago > Cambre > Cecebre > Betanzos-Infesta > Oza Dos Rios > Cesuras > Piñoi > Curtis > Teixeiro > Guitiriz > Parga > Baamonde > Rabade > Lugo > Pedrelo-Celtigos > Sarria > Monforte de Lemos > Ourense
2026-04-23,12646,MD,Media Distancia,Área Norte,MD,Par (↓ Sur/Destino),22100,Ourense,31412,A Coruña,20,Ourense > Monforte de Lemos > Sarria > Pedrelo-Celtigos > Lugo > Rabade > Baamonde > Parga > Guitiriz > Teixeiro > Curtis > Piñoi > Cesuras > Oza Dos Rios > Betanzos-Infesta > Cecebre > Cambre > O Burgo Santiago > Elviña-Universidade > A Coruña
2026-04-23,12680,MD,Media Distancia,Área Norte,MD,Par (↓ Sur/Destino),31412,A Coruña,21010,Ferrol,13,A Coruña > Elviña-Universidade > O Burgo Santiago > Cambre > Cecebre > Betanzos-Infesta > Betanzos-Cidade > Miño > Perbes > Pontedeume > Cabanas-Areal > Perlio > Ferrol
2026-04-23,12681,MD,Media Distancia,Área Norte,MD,Impar (↑ Norte/Origen),21010,Ferrol,31412,A Coruña,8,Ferrol > Cabanas-Areal > Pontedeume > Betanzos-Cidade > Betanzos-Infesta > O Burgo Santiago > Elviña-Universidade > A Coruña
2026-04-23,12682,MD,Media Distancia,Área Norte,MD,Par (↓ Sur/Destino),31412,A Coruña,21010,Ferrol,13,A Coruña > Elviña-Universidade > O Burgo Santiago > Cambre > Cecebre > Betanzos-Infesta > Betanzos-Cidade > Miño > Perbes > Pontedeume > Cabanas-Areal > Perlio > Ferrol
2026-04-23,12683,MD,Media Distancia,Área Norte,MD,Impar (↑ Norte/Origen),21010,Ferrol,31412,A Coruña,13,Ferrol > Neda > Perlio > Barallobre > Cabanas-Areal > Pontedeume > Perbes > Miño > Betanzos-Cidade > Betanzos-Infesta > O Burgo Santiago > Elviña-Universidade > A Coruña
2026-04-23,12684,MD,Media Distancia,Área Norte,MD,Par (↓ Sur/Destino),31412,A Coruña,21010,Ferrol,13,A Coruña > Elviña-Universidade > O Burgo Santiago > Betanzos-Infesta > Betanzos-Cidade > Miño > Perbes > Pontedeume > Cabanas-Areal > Barallobre > Perlio > Neda > Ferrol
2026-04-23,12685,MD,Media Distancia,Área Norte,MD,Impar (↑ Norte/Origen),21010,Ferrol,31412,A Coruña,11,Ferrol > Perlio > Cabanas-Areal > Pontedeume > Perbes > Miño > Betanzos-Cidade > Betanzos-Infesta > O Burgo Santiago > Elviña-Universidade > A Coruña
2026-04-23,12687,MD,Media Distancia,Área Norte,MD,Impar (↑ Norte/Origen),21010,Ferrol,31412,A Coruña,13,Ferrol > Perlio > Cabanas-Areal > Pontedeume > Perbes > Miño > Betanzos-Cidade > Betanzos-Infesta > Cecebre > Cambre > O Burgo Santiago > Elviña-Universidade > A Coruña
2026-04-23,12689,MD,Media Distancia,Área Norte,MD,Impar (↑ Norte/Origen),21010,Ferrol,31412,A Coruña,5,Ferrol > Pontedeume > Betanzos-Cidade > Betanzos-Infesta > A Coruña
2026-04-23,12690,MD,Media Distancia,Área Norte,MD,Par (↓ Sur/Destino),31412,A Coruña,21010,Ferrol,11,A Coruña > Elviña-Universidade > O Burgo Santiago > Betanzos-Infesta > Betanzos-Cidade > Miño > Perbes > Pontedeume > Cabanas-Areal > Perlio > Ferrol
2026-04-23,12692,MD,Media Distancia,Área Norte,MD,Par (↓ Sur/Destino),31412,A Coruña,21010,Ferrol,5,A Coruña > Betanzos-Infesta > Betanzos-Cidade > Pontedeume > Ferrol
2026-04-23,12694,MD,Media Distancia,Área Norte,MD,Par (↓ Sur/Destino),22100,Ourense,20309,Lugo,4,Ourense > Monforte de Lemos > Sarria > Lugo
2026-04-23,12696,MD,Media Distancia,Área Norte,MD,Par (↓ Sur/Destino),20309,Lugo,22100,Ourense,4,Lugo > Sarria > Monforte de Lemos > Ourense
2026-04-23,12960,MD,Media Distancia,Área Norte,REGIONAL,Par (↓ Sur/Destino),22100,Ourense,31400,Santiago de Compostela,6,Ourense > A Friela-Maside > O Carballiño > O Irixo > Lalin > Santiago de Compostela
2026-04-23,12961,MD,Media Distancia,Área Norte,REGIONAL,Impar (↑ Norte/Origen),31304,O Carballiño,22100,Ourense,2,O Carballiño > Ourense
2026-04-23,12962,MD,Media Distancia,Área Norte,REGIONAL,Par (↓ Sur/Destino),22100,Ourense,31304,O Carballiño,2,Ourense > O Carballiño
2026-04-23,12963,MD,Media Distancia,Área Norte,REGIONAL,Impar (↑ Norte/Origen),31304,O Carballiño,22100,Ourense,2,O Carballiño > Ourense
2026-04-23,12967,MD,Media Distancia,Área Norte,REGIONAL,Impar (↑ Norte/Origen),31400,Santiago de Compostela,22100,Ourense,6,Santiago de Compostela > Lalin > O Irixo > O Carballiño > A Friela-Maside > Ourense
2026-04-23,12968,MD,Media Distancia,Área Norte,REGIONAL,Par (↓ Sur/Destino),22100,Ourense,31304,O Carballiño,2,Ourense > O Carballiño
2026-04-23,13000,MD,Media Distancia,Área Sur,MD,Par (↓ Sur/Destino),51003,Sevilla-Santa Justa,51405,Cádiz,12,Sevilla-Santa Justa > Sevilla-San Bernardo > Sevilla-Virgen Del Rocío > Dos Hermanas > Utrera > Lebrija > Jerez Aeropuerto > Jerez De La Frontera > Puerto De Santa María > Puerto Real > San Fernando-Bahía Sur > Cádiz
2026-04-23,13001,MD,Media Distancia,Área Sur,MD,Impar (↑ Norte/Origen),51405,Cádiz,03100,Jaen,21,Cádiz > Segunda Aguada > Cádiz-Estadio > San Fernando-Bahía Sur > Puerto Real > Puerto De Santa María > Jerez De La Frontera > Jerez Aeropuerto > Lebrija > Las Cabezas De San Juan > Utrera > Dos Hermanas > Sevilla-Virgen Del Rocío > Sevilla-San Bernardo > Sevilla-Santa Justa > Lora Del Río > Peñaflor > Palma del Rio > Posadas > Cordoba > Jaen
2026-04-23,13002,MD,Media Distancia,Área Sur,MD,Par (↓ Sur/Destino),51003,Sevilla-Santa Justa,51405,Cádiz,9,Sevilla-Santa Justa > Sevilla-San Bernardo > Dos Hermanas > Lebrija > Jerez De La Frontera > Puerto De Santa María > Puerto Real > San Fernando-Bahía Sur > Cádiz
2026-04-23,13003,MD,Media Distancia,Área Sur,MD,Impar (↑ Norte/Origen),51405,Cádiz,50500,Cordoba,18,Cádiz > San Fernando-Bahía Sur > Puerto Real > Puerto De Santa María > Jerez De La Frontera > Jerez Aeropuerto > Lebrija > Las Cabezas De San Juan > Utrera > Dos Hermanas > Sevilla-Virgen Del Rocío > Sevilla-San Bernardo > Sevilla-Santa Justa > Lora Del Río > Peñaflor > Palma del Rio > Posadas > Cordoba
2026-04-23,13003,MD,Media Distancia,Área Sur,MD,Impar (↑ Norte/Origen),51405,Cádiz,03100,Jaen,19,Cádiz > San Fernando-Bahía Sur > Puerto Real > Puerto De Santa María > Jerez De La Frontera > Jerez Aeropuerto > Lebrija > Las Cabezas De San Juan > Utrera > Dos Hermanas > Sevilla-Virgen Del Rocío > Sevilla-San Bernardo > Sevilla-Santa Justa > Lora Del Río > Peñaflor > Palma del Rio > Posadas > Cordoba > Jaen
2026-04-23,13005,MD,Media Distancia,Área Sur,MD,Impar (↑ Norte/Origen),51405,Cádiz,51003,Sevilla-Santa Justa,8,Cádiz > San Fernando-Bahía Sur > Puerto De Santa María > Jerez De La Frontera > Lebrija > Dos Hermanas > Sevilla-San Bernardo > Sevilla-Santa Justa
2026-04-23,13007,MD,Media Distancia,Área Sur,MD,Impar (↑ Norte/Origen),51405,Cádiz,51003,Sevilla-Santa Justa,10,Cádiz > San Fernando-Bahía Sur > Puerto Real > Puerto De Santa María > Jerez De La Frontera > Jerez Aeropuerto > Lebrija > Dos Hermanas > Sevilla-San Bernardo > Sevilla-Santa Justa
2026-04-23,13008,MD,Media Distancia,Área Sur,MD,Par (↓ Sur/Destino),51003,Sevilla-Santa Justa,51405,Cádiz,12,Sevilla-Santa Justa > Sevilla-San Bernardo > Dos Hermanas > Utrera > Las Cabezas De San Juan > Lebrija > Jerez Aeropuerto > Jerez De La Frontera > Puerto De Santa María > Puerto Real > San Fernando-Bahía Sur > Cádiz
2026-04-23,13009,MD,Media Distancia,Área Sur,MD,Impar (↑ Norte/Origen),51405,Cádiz,03100,Jaen,17,Cádiz > San Fernando-Bahía Sur > Puerto Real > Puerto De Santa María > Jerez De La Frontera > Jerez Aeropuerto > Lebrija > Utrera > Dos Hermanas > Sevilla-San Bernardo > Sevilla-Santa Justa > Lora Del Río > Peñaflor > Palma del Rio > Posadas > Cordoba > Jaen
2026-04-23,13010,MD,Media Distancia,Área Sur,MD,Par (↓ Sur/Destino),51003,Sevilla-Santa Justa,51405,Cádiz,11,Sevilla-Santa Justa > Sevilla-San Bernardo > Sevilla-Virgen Del Rocío > Dos Hermanas > Lebrija > Jerez Aeropuerto > Jerez De La Frontera > Puerto De Santa María > Puerto Real > San Fernando-Bahía Sur > Cádiz
2026-04-23,13011,MD,Media Distancia,Área Sur,MD,Impar (↑ Norte/Origen),51405,Cádiz,03100,Jaen,17,Cádiz > San Fernando-Bahía Sur > Puerto Real > Puerto De Santa María > Jerez De La Frontera > Lebrija > Utrera > Dos Hermanas > Sevilla-Virgen Del Rocío > Sevilla-San Bernardo > Sevilla-Santa Justa > Lora Del Río > Peñaflor > Palma del Rio > Posadas > Cordoba > Jaen
2026-04-23,13011,MD,Media Distancia,Área Sur,MD,Impar (↑ Norte/Origen),51003,Sevilla-Santa Justa,03100,Jaen,7,Sevilla-Santa Justa > Lora Del Río > Peñaflor > Palma del Rio > Posadas > Cordoba > Jaen
2026-04-23,13013,MD,Media Distancia,Área Sur,MD,Impar (↑ Norte/Origen),51405,Cádiz,51003,Sevilla-Santa Justa,10,Cádiz > San Fernando-Bahía Sur > Puerto Real > Puerto De Santa María > Jerez De La Frontera > Jerez Aeropuerto > Lebrija > Dos Hermanas > Sevilla-San Bernardo > Sevilla-Santa Justa
2026-04-23,13014,MD,Media Distancia,Área Sur,MD,Par (↓ Sur/Destino),51003,Sevilla-Santa Justa,51405,Cádiz,9,Sevilla-Santa Justa > Sevilla-San Bernardo > Dos Hermanas > Lebrija > Jerez Aeropuerto > Jerez De La Frontera > Puerto De Santa María > San Fernando-Bahía Sur > Cádiz
2026-04-23,13015,MD,Media Distancia,Área Sur,MD,Impar (↑ Norte/Origen),51405,Cádiz,50500,Cordoba,17,Cádiz > San Fernando-Bahía Sur > Puerto Real > Puerto De Santa María > Jerez De La Frontera > Jerez Aeropuerto > Lebrija > Las Cabezas De San Juan > Utrera > Dos Hermanas > Sevilla-San Bernardo > Sevilla-Santa Justa > Lora Del Río > Peñaflor > Palma del Rio > Posadas > Cordoba
2026-04-23,13017,MD,Media Distancia,Área Sur,MD,Impar (↑ Norte/Origen),51405,Cádiz,03100,Jaen,16,Cádiz > San Fernando-Bahía Sur > Puerto De Santa María > Jerez De La Frontera > Jerez Aeropuerto > Lebrija > Utrera > Dos Hermanas > Sevilla-San Bernardo > Sevilla-Santa Justa > Lora Del Río > Peñaflor > Palma del Rio > Posadas > Cordoba > Jaen
2026-04-23,13017,MD,Media Distancia,Área Sur,MD,Impar (↑ Norte/Origen),51405,Cádiz,51003,Sevilla-Santa Justa,10,Cádiz > San Fernando-Bahía Sur > Puerto De Santa María > Jerez De La Frontera > Jerez Aeropuerto > Lebrija > Utrera > Dos Hermanas > Sevilla-San Bernardo > Sevilla-Santa Justa
2026-04-23,13019,MD,Media Distancia,Área Sur,MD,Impar (↑ Norte/Origen),51405,Cádiz,51003,Sevilla-Santa Justa,12,Cádiz > Cádiz-Estadio > San Fernando-Bahía Sur > Puerto Real > Puerto De Santa María > Jerez De La Frontera > Lebrija > Las Cabezas De San Juan > Utrera > Dos Hermanas > Sevilla-San Bernardo > Sevilla-Santa Justa
2026-04-23,13020,MD,Media Distancia,Área Sur,MD,Par (↓ Sur/Destino),50500,Cordoba,51405,Cádiz,16,Cordoba > Posadas > Palma del Rio > Peñaflor > Lora Del Río > Sevilla-Santa Justa > Sevilla-San Bernardo > Dos Hermanas > Utrera > Lebrija > Jerez De La Frontera > Puerto De Santa María > Puerto Real > San Fernando-Bahía Sur > Cádiz-Estadio > Cádiz
2026-04-23,13021,MD,Media Distancia,Área Sur,MD,Impar (↑ Norte/Origen),51405,Cádiz,51003,Sevilla-Santa Justa,10,Cádiz > Cádiz-Estadio > San Fernando-Bahía Sur > Puerto De Santa María > Jerez De La Frontera > Lebrija > Utrera > Dos Hermanas > Sevilla-San Bernardo > Sevilla-Santa Justa
2026-04-23,13030,MD,Media Distancia,Área Sur,MD,Par (↓ Sur/Destino),50500,Cordoba,51405,Cádiz,18,Cordoba > Posadas > Palma del Rio > Peñaflor > Lora Del Río > Sevilla-Santa Justa > Sevilla-San Bernardo > Dos Hermanas > Utrera > Las Cabezas De San Juan > Lebrija > Jerez Aeropuerto > Jerez De La Frontera > Puerto De Santa María > Puerto Real > San Fernando-Bahía Sur > Cádiz-Estadio > Cádiz
2026-04-23,13030,MD,Media Distancia,Área Sur,MD,Par (↓ Sur/Destino),51003,Sevilla-Santa Justa,51405,Cádiz,13,Sevilla-Santa Justa > Sevilla-San Bernardo > Dos Hermanas > Utrera > Las Cabezas De San Juan > Lebrija > Jerez Aeropuerto > Jerez De La Frontera > Puerto De Santa María > Puerto Real > San Fernando-Bahía Sur > Cádiz-Estadio > Cádiz
2026-04-23,13031,MD,Media Distancia,Área Sur,MD,Impar (↑ Norte/Origen),51405,Cádiz,50500,Cordoba,14,Cádiz > San Fernando-Bahía Sur > Puerto De Santa María > Jerez De La Frontera > Jerez Aeropuerto > Lebrija > Dos Hermanas > Sevilla-San Bernardo > Sevilla-Santa Justa > Lora Del Río > Peñaflor > Palma del Rio > Posadas > Cordoba
2026-04-23,13032,MD,Media Distancia,Área Sur,MD,Par (↓ Sur/Destino),50500,Cordoba,51405,Cádiz,16,Cordoba > Posadas > Palma del Rio > Peñaflor > Lora Del Río > Sevilla-Santa Justa > Sevilla-San Bernardo > Sevilla-Virgen Del Rocío > Dos Hermanas > Utrera > Las Cabezas De San Juan > Lebrija > Jerez De La Frontera > Puerto De Santa María > San Fernando-Bahía Sur > Cádiz
2026-04-23,13032,MD,Media Distancia,Área Sur,MD,Par (↓ Sur/Destino),50500,Cordoba,51003,Sevilla-Santa Justa,6,Cordoba > Posadas > Palma del Rio > Peñaflor > Lora Del Río > Sevilla-Santa Justa
2026-04-23,13035,MD,Media Distancia,Área Sur,MD,Impar (↑ Norte/Origen),03100,Jaen,51405,Cádiz,15,Jaen > Cordoba > Posadas > Palma del Rio > Peñaflor > Lora Del Río > Sevilla-Santa Justa > Sevilla-San Bernardo > Dos Hermanas > Utrera > Lebrija > Jerez De La Frontera > Puerto De Santa María > San Fernando-Bahía Sur > Cádiz
2026-04-23,13039,MD,Media Distancia,Área Sur,MD,Impar (↑ Norte/Origen),51003,Sevilla-Santa Justa,43019,Huelva,8,Sevilla-Santa Justa > Benacazón > Carrion de Los Cespedes > Escacena > La Palma del Condado > Niebla > San Juan del Puerto > Huelva
2026-04-23,13041,MD,Media Distancia,Área Sur,MD,Impar (↑ Norte/Origen),43019,Huelva,51003,Sevilla-Santa Justa,8,Huelva > San Juan del Puerto > Villarrasa > La Palma del Condado > Escacena > Carrion de Los Cespedes > Benacazón > Sevilla-Santa Justa
2026-04-23,13043,MD,Media Distancia,Área Sur,MD,Impar (↑ Norte/Origen),43019,Huelva,51003,Sevilla-Santa Justa,8,Huelva > San Juan del Puerto > Niebla > La Palma del Condado > Escacena > Carrion de Los Cespedes > Benacazón > Sevilla-Santa Justa
2026-04-23,13045,MD,Media Distancia,Área Sur,MD,Impar (↑ Norte/Origen),43019,Huelva,51003,Sevilla-Santa Justa,8,Huelva > San Juan del Puerto > Niebla > La Palma del Condado > Escacena > Carrion de Los Cespedes > Benacazón > Sevilla-Santa Justa
2026-04-23,13049,MD,Media Distancia,Área Sur,MD,Impar (↑ Norte/Origen),43019,Huelva,51003,Sevilla-Santa Justa,8,Huelva > San Juan del Puerto > Niebla > La Palma del Condado > Escacena > Carrion de Los Cespedes > Benacazón > Sevilla-Santa Justa
2026-04-23,13051,MD,Media Distancia,Área Sur,MD,Impar (↑ Norte/Origen),01007,Osuna,51003,Sevilla-Santa Justa,8,Osuna > Marchena > Arahal > Dos Hermanas > Bellavista > Sevilla-Virgen Del Rocío > Sevilla-San Bernardo > Sevilla-Santa Justa
2026-04-23,13052,MD,Media Distancia,Área Sur,MD,Par (↓ Sur/Destino),51003,Sevilla-Santa Justa,01007,Osuna,8,Sevilla-Santa Justa > Sevilla-San Bernardo > Sevilla-Virgen Del Rocío > Bellavista > Dos Hermanas > Arahal > Marchena > Osuna
2026-04-23,13062,MD,Media Distancia,Área Sur,MD,Par (↓ Sur/Destino),02030,Antequera AV,55020,Algeciras,5,Antequera AV > Antequera-Santa Ana > Ronda > San Roque-La Linea > Algeciras
2026-04-23,13063,MD,Media Distancia,Área Sur,MD,Impar (↑ Norte/Origen),55020,Algeciras,02030,Antequera AV,5,Algeciras > San Roque-La Linea > Ronda > Antequera-Santa Ana > Antequera AV
2026-04-23,13064,MD,Media Distancia,Área Sur,MD,Par (↓ Sur/Destino),02030,Antequera AV,55020,Algeciras,5,Antequera AV > Antequera-Santa Ana > Ronda > San Roque-La Linea > Algeciras
2026-04-23,13065,MD,Media Distancia,Área Sur,MD,Impar (↑ Norte/Origen),55020,Algeciras,02030,Antequera AV,5,Algeciras > San Roque-La Linea > Ronda > Antequera-Santa Ana > Antequera AV
2026-04-23,13073,MD,Media Distancia,Área Sur,MD,Impar (↑ Norte/Origen),03100,Jaen,51405,Cádiz,19,Jaen > Cordoba > Posadas > Palma del Rio > Peñaflor > Lora Del Río > Sevilla-Santa Justa > Sevilla-San Bernardo > Dos Hermanas > Utrera > Lebrija > Jerez Aeropuerto > Jerez De La Frontera > Puerto De Santa María > Puerto Real > San Fernando-Bahía Sur > Cádiz-Estadio > Segunda Aguada > Cádiz
2026-04-23,13076,MD,Media Distancia,Área Sur,MD,Par (↓ Sur/Destino),02030,Antequera AV,55020,Algeciras,5,Antequera AV > Antequera-Santa Ana > Ronda > San Roque-La Linea > Algeciras
2026-04-23,13077,MD,Media Distancia,Área Sur,MD,Impar (↑ Norte/Origen),55020,Algeciras,02030,Antequera AV,5,Algeciras > San Roque-La Linea > Ronda > Antequera-Santa Ana > Antequera AV
2026-04-23,13079,MD,Media Distancia,Área Sur,MD,Impar (↑ Norte/Origen),03100,Jaen,51405,Cádiz,17,Jaen > Cordoba > Posadas > Palma del Rio > Peñaflor > Lora Del Río > Sevilla-Santa Justa > Sevilla-San Bernardo > Dos Hermanas > Utrera > Lebrija > Jerez Aeropuerto > Jerez De La Frontera > Puerto De Santa María > San Fernando-Bahía Sur > Cádiz-Estadio > Cádiz
2026-04-23,13083,MD,Media Distancia,Área Sur,MD,Impar (↑ Norte/Origen),03100,Jaen,51405,Cádiz,18,Jaen > Cordoba > Posadas > Palma del Rio > Peñaflor > Lora Del Río > Sevilla-Santa Justa > Sevilla-San Bernardo > Dos Hermanas > Utrera > Las Cabezas De San Juan > Lebrija > Jerez Aeropuerto > Jerez De La Frontera > Puerto De Santa María > Puerto Real > San Fernando-Bahía Sur > Cádiz
2026-04-23,13084,MD,Media Distancia,Área Sur,MD,Par (↓ Sur/Destino),42008,Jabugo-Galaroza,43019,Huelva,7,Jabugo-Galaroza > Almonaster-Cortegana > Valdelamusa > El Tamujoso > Calañas > Gibraleon > Huelva
2026-04-23,13086,MD,Media Distancia,Área Sur,MD,Par (↓ Sur/Destino),40100,Zafra,43019,Huelva,10,Zafra > Fregenal de La Sierra > Cumbres Mayores > Jabugo-Galaroza > Almonaster-Cortegana > Valdelamusa > El Tamujoso > Calañas > Gibraleon > Huelva
2026-04-23,13087,MD,Media Distancia,Área Sur,MD,Impar (↑ Norte/Origen),43019,Huelva,40100,Zafra,10,Huelva > Gibraleon > Calañas > El Tamujoso > Valdelamusa > Almonaster-Cortegana > Jabugo-Galaroza > Cumbres Mayores > Fregenal de La Sierra > Zafra
2026-04-23,13089,MD,Media Distancia,Área Sur,MD,Impar (↑ Norte/Origen),43019,Huelva,42008,Jabugo-Galaroza,7,Huelva > Gibraleon > Calañas > El Tamujoso > Valdelamusa > Almonaster-Cortegana > Jabugo-Galaroza
2026-04-23,13089,MD,Media Distancia,Área Sur,MD,Impar (↑ Norte/Origen),43019,Huelva,40100,Zafra,10,Huelva > Gibraleon > Calañas > El Tamujoso > Valdelamusa > Almonaster-Cortegana > Jabugo-Galaroza > Cumbres Mayores > Fregenal de La Sierra > Zafra
2026-04-23,13095,MD,Media Distancia,Área Sur,MD,Impar (↑ Norte/Origen),51003,Sevilla-Santa Justa,43019,Huelva,8,Sevilla-Santa Justa > Benacazón > Carrion de Los Cespedes > Escacena > La Palma del Condado > Villarrasa > San Juan del Puerto > Huelva
2026-04-23,13097,MD,Media Distancia,Área Sur,MD,Impar (↑ Norte/Origen),51003,Sevilla-Santa Justa,43019,Huelva,8,Sevilla-Santa Justa > Benacazón > Carrion de Los Cespedes > Escacena > La Palma del Condado > Niebla > San Juan del Puerto > Huelva
2026-04-23,13099,MD,Media Distancia,Área Sur,MD,Impar (↑ Norte/Origen),51003,Sevilla-Santa Justa,43019,Huelva,8,Sevilla-Santa Justa > Benacazón > Carrion de Los Cespedes > Escacena > La Palma del Condado > Niebla > San Juan del Puerto > Huelva
2026-04-23,13156,MD,Media Distancia,Área Sur,PROXIMDAD,Par (↓ Sur/Destino),54403,El Chorro,54517,Málaga Centro Alameda,11,El Chorro > Las Mellizas > álora > Pizarra > Aljaima > Cártama > Campanillas > Los Prados > Victoria Kent > Malaga Maria Zambrano > Málaga Centro Alameda
2026-04-23,13157,MD,Media Distancia,Área Sur,PROXIMDAD,Impar (↑ Norte/Origen),54517,Málaga Centro Alameda,54403,El Chorro,11,Málaga Centro Alameda > Malaga Maria Zambrano > Victoria Kent > Los Prados > Campanillas > Cártama > Aljaima > Pizarra > álora > Las Mellizas > El Chorro
2026-04-23,13166,MD,Media Distancia,Área Sur,PROXIMDAD,Par (↓ Sur/Destino),54403,El Chorro,54517,Málaga Centro Alameda,11,El Chorro > Las Mellizas > álora > Pizarra > Aljaima > Cártama > Campanillas > Los Prados > Victoria Kent > Malaga Maria Zambrano > Málaga Centro Alameda
2026-04-23,13167,MD,Media Distancia,Área Sur,PROXIMDAD,Impar (↑ Norte/Origen),54517,Málaga Centro Alameda,54403,El Chorro,11,Málaga Centro Alameda > Malaga Maria Zambrano > Victoria Kent > Los Prados > Campanillas > Cártama > Aljaima > Pizarra > álora > Las Mellizas > El Chorro
2026-04-23,13168,MD,Media Distancia,Área Sur,PROXIMDAD,Par (↓ Sur/Destino),54403,El Chorro,54517,Málaga Centro Alameda,11,El Chorro > Las Mellizas > álora > Pizarra > Aljaima > Cártama > Campanillas > Los Prados > Victoria Kent > Malaga Maria Zambrano > Málaga Centro Alameda
2026-04-23,13169,MD,Media Distancia,Área Sur,PROXIMDAD,Impar (↑ Norte/Origen),54517,Málaga Centro Alameda,54403,El Chorro,11,Málaga Centro Alameda > Malaga Maria Zambrano > Victoria Kent > Los Prados > Campanillas > Cártama > Aljaima > Pizarra > álora > Las Mellizas > El Chorro
2026-04-23,13201,MD,Media Distancia,Área Sur,PROXIMDAD,Impar (↑ Norte/Origen),50506,Palma del Rio,50413,Alcolea de Cordoba (apt),7,Palma del Rio > Posadas > Villarrubia de Cordoba > El Higueron (apt) > Cordoba > Campus Universitario Rabanales/ Cordoba > Alcolea de Cordoba (apt)
2026-04-23,13202,MD,Media Distancia,Área Sur,PROXIMDAD,Par (↓ Sur/Destino),50407,Villa del Rio,50506,Palma del Rio,8,Villa del Rio > Alcolea de Cordoba (apt) > Campus Universitario Rabanales/ Cordoba > Cordoba > El Higueron (apt) > Villarrubia de Cordoba > Posadas > Palma del Rio
2026-04-23,13203,MD,Media Distancia,Área Sur,PROXIMDAD,Impar (↑ Norte/Origen),50506,Palma del Rio,50407,Villa del Rio,8,Palma del Rio > Posadas > Villarrubia de Cordoba > El Higueron (apt) > Cordoba > Campus Universitario Rabanales/ Cordoba > Alcolea de Cordoba (apt) > Villa del Rio
2026-04-23,13206,MD,Media Distancia,Área Sur,PROXIMDAD,Par (↓ Sur/Destino),50413,Alcolea de Cordoba (apt),50502,Villarrubia de Cordoba,5,Alcolea de Cordoba (apt) > Campus Universitario Rabanales/ Cordoba > Cordoba > El Higueron (apt) > Villarrubia de Cordoba
2026-04-23,13207,MD,Media Distancia,Área Sur,PROXIMDAD,Impar (↑ Norte/Origen),50502,Villarrubia de Cordoba,50413,Alcolea de Cordoba (apt),5,Villarrubia de Cordoba > El Higueron (apt) > Cordoba > Campus Universitario Rabanales/ Cordoba > Alcolea de Cordoba (apt)
2026-04-23,13208,MD,Media Distancia,Área Sur,PROXIMDAD,Par (↓ Sur/Destino),50407,Villa del Rio,50502,Villarrubia de Cordoba,6,Villa del Rio > Alcolea de Cordoba (apt) > Campus Universitario Rabanales/ Cordoba > Cordoba > El Higueron (apt) > Villarrubia de Cordoba
2026-04-23,13209,MD,Media Distancia,Área Sur,PROXIMDAD,Impar (↑ Norte/Origen),50502,Villarrubia de Cordoba,50413,Alcolea de Cordoba (apt),5,Villarrubia de Cordoba > El Higueron (apt) > Cordoba > Campus Universitario Rabanales/ Cordoba > Alcolea de Cordoba (apt)
2026-04-23,13211,MD,Media Distancia,Área Sur,PROXIMDAD,Impar (↑ Norte/Origen),50502,Villarrubia de Cordoba,50413,Alcolea de Cordoba (apt),5,Villarrubia de Cordoba > El Higueron (apt) > Cordoba > Campus Universitario Rabanales/ Cordoba > Alcolea de Cordoba (apt)
2026-04-23,13212,MD,Media Distancia,Área Sur,PROXIMDAD,Par (↓ Sur/Destino),50413,Alcolea de Cordoba (apt),50502,Villarrubia de Cordoba,5,Alcolea de Cordoba (apt) > Campus Universitario Rabanales/ Cordoba > Cordoba > El Higueron (apt) > Villarrubia de Cordoba
2026-04-23,13213,MD,Media Distancia,Área Sur,PROXIMDAD,Impar (↑ Norte/Origen),50502,Villarrubia de Cordoba,50413,Alcolea de Cordoba (apt),5,Villarrubia de Cordoba > El Higueron (apt) > Cordoba > Campus Universitario Rabanales/ Cordoba > Alcolea de Cordoba (apt)
2026-04-23,13215,MD,Media Distancia,Área Sur,PROXIMDAD,Impar (↑ Norte/Origen),50500,Cordoba,50413,Alcolea de Cordoba (apt),3,Cordoba > Campus Universitario Rabanales/ Cordoba > Alcolea de Cordoba (apt)
2026-04-23,13216,MD,Media Distancia,Área Sur,PROXIMDAD,Par (↓ Sur/Destino),50413,Alcolea de Cordoba (apt),50502,Villarrubia de Cordoba,5,Alcolea de Cordoba (apt) > Campus Universitario Rabanales/ Cordoba > Cordoba > El Higueron (apt) > Villarrubia de Cordoba
2026-04-23,13217,MD,Media Distancia,Área Sur,PROXIMDAD,Impar (↑ Norte/Origen),50502,Villarrubia de Cordoba,50500,Cordoba,3,Villarrubia de Cordoba > El Higueron (apt) > Cordoba
2026-04-23,13218,MD,Media Distancia,Área Sur,PROXIMDAD,Par (↓ Sur/Destino),50413,Alcolea de Cordoba (apt),50502,Villarrubia de Cordoba,5,Alcolea de Cordoba (apt) > Campus Universitario Rabanales/ Cordoba > Cordoba > El Higueron (apt) > Villarrubia de Cordoba
2026-04-23,13219,MD,Media Distancia,Área Sur,PROXIMDAD,Impar (↑ Norte/Origen),50506,Palma del Rio,50417,Campus Universitario Rabanales/ Cordoba,6,Palma del Rio > Posadas > Villarrubia de Cordoba > El Higueron (apt) > Cordoba > Campus Universitario Rabanales/ Cordoba
2026-04-23,13219,MD,Media Distancia,Área Sur,PROXIMDAD,Impar (↑ Norte/Origen),50506,Palma del Rio,50500,Cordoba,5,Palma del Rio > Posadas > Villarrubia de Cordoba > El Higueron (apt) > Cordoba
2026-04-23,13221,MD,Media Distancia,Área Sur,PROXIMDAD,Impar (↑ Norte/Origen),50500,Cordoba,50407,Villa del Rio,4,Cordoba > Campus Universitario Rabanales/ Cordoba > Alcolea de Cordoba (apt) > Villa del Rio
2026-04-23,13222,MD,Media Distancia,Área Sur,PROXIMDAD,Par (↓ Sur/Destino),50417,Campus Universitario Rabanales/ Cordoba,50500,Cordoba,2,Campus Universitario Rabanales/ Cordoba > Cordoba
2026-04-23,13223,MD,Media Distancia,Área Sur,PROXIMDAD,Impar (↑ Norte/Origen),50506,Palma del Rio,50413,Alcolea de Cordoba (apt),7,Palma del Rio > Posadas > Villarrubia de Cordoba > El Higueron (apt) > Cordoba > Campus Universitario Rabanales/ Cordoba > Alcolea de Cordoba (apt)
2026-04-23,13224,MD,Media Distancia,Área Sur,PROXIMDAD,Par (↓ Sur/Destino),50413,Alcolea de Cordoba (apt),50500,Cordoba,3,Alcolea de Cordoba (apt) > Campus Universitario Rabanales/ Cordoba > Cordoba
2026-04-23,13226,MD,Media Distancia,Área Sur,PROXIMDAD,Par (↓ Sur/Destino),50417,Campus Universitario Rabanales/ Cordoba,50502,Villarrubia de Cordoba,4,Campus Universitario Rabanales/ Cordoba > Cordoba > El Higueron (apt) > Villarrubia de Cordoba
2026-04-23,13226,MD,Media Distancia,Área Sur,PROXIMDAD,Par (↓ Sur/Destino),50500,Cordoba,50502,Villarrubia de Cordoba,3,Cordoba > El Higueron (apt) > Villarrubia de Cordoba
2026-04-23,13227,MD,Media Distancia,Área Sur,PROXIMDAD,Impar (↑ Norte/Origen),50502,Villarrubia de Cordoba,50413,Alcolea de Cordoba (apt),5,Villarrubia de Cordoba > El Higueron (apt) > Cordoba > Campus Universitario Rabanales/ Cordoba > Alcolea de Cordoba (apt)
2026-04-23,13229,MD,Media Distancia,Área Sur,PROXIMDAD,Impar (↑ Norte/Origen),50500,Cordoba,50413,Alcolea de Cordoba (apt),3,Cordoba > Campus Universitario Rabanales/ Cordoba > Alcolea de Cordoba (apt)
2026-04-23,13230,MD,Media Distancia,Área Sur,PROXIMDAD,Par (↓ Sur/Destino),50413,Alcolea de Cordoba (apt),50506,Palma del Rio,7,Alcolea de Cordoba (apt) > Campus Universitario Rabanales/ Cordoba > Cordoba > El Higueron (apt) > Villarrubia de Cordoba > Posadas > Palma del Rio
2026-04-23,13232,MD,Media Distancia,Área Sur,PROXIMDAD,Par (↓ Sur/Destino),50407,Villa del Rio,50500,Cordoba,4,Villa del Rio > Alcolea de Cordoba (apt) > Campus Universitario Rabanales/ Cordoba > Cordoba
2026-04-23,13233,MD,Media Distancia,Área Sur,PROXIMDAD,Impar (↑ Norte/Origen),50500,Cordoba,50407,Villa del Rio,4,Cordoba > Campus Universitario Rabanales/ Cordoba > Alcolea de Cordoba (apt) > Villa del Rio
2026-04-23,13234,MD,Media Distancia,Área Sur,PROXIMDAD,Par (↓ Sur/Destino),50413,Alcolea de Cordoba (apt),50506,Palma del Rio,7,Alcolea de Cordoba (apt) > Campus Universitario Rabanales/ Cordoba > Cordoba > El Higueron (apt) > Villarrubia de Cordoba > Posadas > Palma del Rio
2026-04-23,13235,MD,Media Distancia,Área Sur,PROXIMDAD,Impar (↑ Norte/Origen),50502,Villarrubia de Cordoba,50417,Campus Universitario Rabanales/ Cordoba,4,Villarrubia de Cordoba > El Higueron (apt) > Cordoba > Campus Universitario Rabanales/ Cordoba
2026-04-23,13235,MD,Media Distancia,Área Sur,PROXIMDAD,Impar (↑ Norte/Origen),50502,Villarrubia de Cordoba,50500,Cordoba,3,Villarrubia de Cordoba > El Higueron (apt) > Cordoba
2026-04-23,13236,MD,Media Distancia,Área Sur,PROXIMDAD,Par (↓ Sur/Destino),50413,Alcolea de Cordoba (apt),50500,Cordoba,3,Alcolea de Cordoba (apt) > Campus Universitario Rabanales/ Cordoba > Cordoba
2026-04-23,13240,MD,Media Distancia,Área Sur,PROXIMDAD,Par (↓ Sur/Destino),50413,Alcolea de Cordoba (apt),50502,Villarrubia de Cordoba,5,Alcolea de Cordoba (apt) > Campus Universitario Rabanales/ Cordoba > Cordoba > El Higueron (apt) > Villarrubia de Cordoba
2026-04-23,13241,MD,Media Distancia,Área Sur,PROXIMDAD,Impar (↑ Norte/Origen),50502,Villarrubia de Cordoba,50413,Alcolea de Cordoba (apt),5,Villarrubia de Cordoba > El Higueron (apt) > Cordoba > Campus Universitario Rabanales/ Cordoba > Alcolea de Cordoba (apt)
2026-04-23,13250,MD,Media Distancia,Área Sur,PROXIMDAD,Par (↓ Sur/Destino),50417,Campus Universitario Rabanales/ Cordoba,50500,Cordoba,2,Campus Universitario Rabanales/ Cordoba > Cordoba
2026-04-23,13251,MD,Media Distancia,Área Sur,PROXIMDAD,Impar (↑ Norte/Origen),50500,Cordoba,50417,Campus Universitario Rabanales/ Cordoba,2,Cordoba > Campus Universitario Rabanales/ Cordoba
2026-04-23,13252,MD,Media Distancia,Área Sur,PROXIMDAD,Par (↓ Sur/Destino),50417,Campus Universitario Rabanales/ Cordoba,50500,Cordoba,2,Campus Universitario Rabanales/ Cordoba > Cordoba
2026-04-23,13253,MD,Media Distancia,Área Sur,PROXIMDAD,Impar (↑ Norte/Origen),50500,Cordoba,50417,Campus Universitario Rabanales/ Cordoba,2,Cordoba > Campus Universitario Rabanales/ Cordoba
2026-04-23,13254,MD,Media Distancia,Área Sur,PROXIMDAD,Par (↓ Sur/Destino),50417,Campus Universitario Rabanales/ Cordoba,50500,Cordoba,2,Campus Universitario Rabanales/ Cordoba > Cordoba
2026-04-23,13255,MD,Media Distancia,Área Sur,PROXIMDAD,Impar (↑ Norte/Origen),50500,Cordoba,50417,Campus Universitario Rabanales/ Cordoba,2,Cordoba > Campus Universitario Rabanales/ Cordoba
2026-04-23,13256,MD,Media Distancia,Área Sur,PROXIMDAD,Par (↓ Sur/Destino),50417,Campus Universitario Rabanales/ Cordoba,50500,Cordoba,2,Campus Universitario Rabanales/ Cordoba > Cordoba
2026-04-23,13258,MD,Media Distancia,Área Sur,PROXIMDAD,Par (↓ Sur/Destino),50417,Campus Universitario Rabanales/ Cordoba,50506,Palma del Rio,6,Campus Universitario Rabanales/ Cordoba > Cordoba > El Higueron (apt) > Villarrubia de Cordoba > Posadas > Palma del Rio
2026-04-23,13258,MD,Media Distancia,Área Sur,PROXIMDAD,Par (↓ Sur/Destino),50500,Cordoba,50506,Palma del Rio,5,Cordoba > El Higueron (apt) > Villarrubia de Cordoba > Posadas > Palma del Rio
2026-04-23,13259,MD,Media Distancia,Área Sur,PROXIMDAD,Impar (↑ Norte/Origen),50500,Cordoba,50417,Campus Universitario Rabanales/ Cordoba,2,Cordoba > Campus Universitario Rabanales/ Cordoba
2026-04-23,13260,MD,Media Distancia,Área Sur,PROXIMDAD,Par (↓ Sur/Destino),50417,Campus Universitario Rabanales/ Cordoba,50500,Cordoba,2,Campus Universitario Rabanales/ Cordoba > Cordoba
2026-04-23,13261,MD,Media Distancia,Área Sur,PROXIMDAD,Impar (↑ Norte/Origen),50500,Cordoba,50417,Campus Universitario Rabanales/ Cordoba,2,Cordoba > Campus Universitario Rabanales/ Cordoba
2026-04-23,13262,MD,Media Distancia,Área Sur,PROXIMDAD,Par (↓ Sur/Destino),50417,Campus Universitario Rabanales/ Cordoba,50500,Cordoba,2,Campus Universitario Rabanales/ Cordoba > Cordoba
2026-04-23,13263,MD,Media Distancia,Área Sur,PROXIMDAD,Impar (↑ Norte/Origen),50500,Cordoba,50417,Campus Universitario Rabanales/ Cordoba,2,Cordoba > Campus Universitario Rabanales/ Cordoba
2026-04-23,13264,MD,Media Distancia,Área Sur,PROXIMDAD,Par (↓ Sur/Destino),50417,Campus Universitario Rabanales/ Cordoba,50500,Cordoba,2,Campus Universitario Rabanales/ Cordoba > Cordoba
2026-04-23,13265,MD,Media Distancia,Área Sur,PROXIMDAD,Impar (↑ Norte/Origen),50500,Cordoba,50417,Campus Universitario Rabanales/ Cordoba,2,Cordoba > Campus Universitario Rabanales/ Cordoba
2026-04-23,13266,MD,Media Distancia,Área Sur,PROXIMDAD,Par (↓ Sur/Destino),50500,Cordoba,50502,Villarrubia de Cordoba,3,Cordoba > El Higueron (apt) > Villarrubia de Cordoba
2026-04-23,13331,MD,Media Distancia,Área Sur,MD,Impar (↑ Norte/Origen),03100,Jaen,50500,Cordoba,4,Jaen > Andujar > Villa del Rio > Cordoba
2026-04-23,13337,MD,Media Distancia,Área Sur,MD,Impar (↑ Norte/Origen),50500,Cordoba,03100,Jaen,5,Cordoba > Campus Universitario Rabanales/ Cordoba > Villa del Rio > Andujar > Jaen
2026-04-23,13393,MD,Media Distancia,Área Sur,MD,Impar (↑ Norte/Origen),51405,Cádiz,51003,Sevilla-Santa Justa,9,Cádiz > San Fernando-Bahía Sur > Puerto De Santa María > Jerez De La Frontera > Lebrija > Utrera > Dos Hermanas > Sevilla-San Bernardo > Sevilla-Santa Justa
2026-04-23,13394,MD,Media Distancia,Área Sur,MD,Par (↓ Sur/Destino),51003,Sevilla-Santa Justa,51405,Cádiz,9,Sevilla-Santa Justa > Sevilla-San Bernardo > Sevilla-Virgen Del Rocío > Dos Hermanas > Lebrija > Jerez De La Frontera > Puerto De Santa María > San Fernando-Bahía Sur > Cádiz
2026-04-23,13900,MD,Media Distancia,Área Sur,MD,Par (↓ Sur/Destino),51003,Sevilla-Santa Justa,54413,Malaga Maria Zambrano,13,Sevilla-Santa Justa > Sevilla-San Bernardo > Dos Hermanas > Arahal > Marchena > Osuna > Pedrera > Antequera-Santa Ana > Bobadilla > El Chorro > Las Mellizas > álora > Malaga Maria Zambrano
2026-04-23,13901,MD,Media Distancia,Área Sur,MD,Impar (↑ Norte/Origen),54413,Malaga Maria Zambrano,51003,Sevilla-Santa Justa,10,Malaga Maria Zambrano > Bobadilla > Antequera-Santa Ana > Pedrera > Osuna > Marchena > Arahal > Dos Hermanas > Sevilla-San Bernardo > Sevilla-Santa Justa
2026-04-23,13902,MD,Media Distancia,Área Sur,MD,Par (↓ Sur/Destino),51003,Sevilla-Santa Justa,54413,Malaga Maria Zambrano,11,Sevilla-Santa Justa > Sevilla-San Bernardo > Dos Hermanas > Arahal > Marchena > Osuna > Pedrera > Antequera-Santa Ana > Bobadilla > El Chorro > Malaga Maria Zambrano
2026-04-23,13903,MD,Media Distancia,Área Sur,MD,Impar (↑ Norte/Origen),54413,Malaga Maria Zambrano,51003,Sevilla-Santa Justa,14,Malaga Maria Zambrano > álora > El Chorro > Bobadilla > Antequera-Santa Ana > Pedrera > Osuna > Marchena > Arahal > Dos Hermanas > Bellavista > Sevilla-Virgen Del Rocío > Sevilla-San Bernardo > Sevilla-Santa Justa
2026-04-23,13904,MD,Media Distancia,Área Sur,MD,Par (↓ Sur/Destino),51003,Sevilla-Santa Justa,54413,Malaga Maria Zambrano,13,Sevilla-Santa Justa > Sevilla-San Bernardo > Dos Hermanas > Arahal > Marchena > Osuna > Pedrera > Antequera-Santa Ana > Bobadilla > El Chorro > Las Mellizas > álora > Malaga Maria Zambrano
2026-04-23,13905,MD,Media Distancia,Área Sur,MD,Impar (↑ Norte/Origen),54413,Malaga Maria Zambrano,51003,Sevilla-Santa Justa,11,Malaga Maria Zambrano > El Chorro > Bobadilla > Antequera-Santa Ana > Pedrera > Osuna > Marchena > Arahal > Dos Hermanas > Sevilla-San Bernardo > Sevilla-Santa Justa
2026-04-23,13906,MD,Media Distancia,Área Sur,MD,Par (↓ Sur/Destino),51003,Sevilla-Santa Justa,54413,Malaga Maria Zambrano,12,Sevilla-Santa Justa > Sevilla-San Bernardo > Dos Hermanas > Arahal > Marchena > Osuna > Pedrera > Antequera-Santa Ana > Bobadilla > El Chorro > álora > Malaga Maria Zambrano
2026-04-23,13907,MD,Media Distancia,Área Sur,MD,Impar (↑ Norte/Origen),54413,Malaga Maria Zambrano,51003,Sevilla-Santa Justa,13,Malaga Maria Zambrano > álora > Las Mellizas > El Chorro > Bobadilla > Antequera-Santa Ana > Pedrera > Osuna > Marchena > Arahal > Dos Hermanas > Sevilla-San Bernardo > Sevilla-Santa Justa
2026-04-23,13908,MD,Media Distancia,Área Sur,MD,Par (↓ Sur/Destino),51003,Sevilla-Santa Justa,54413,Malaga Maria Zambrano,13,Sevilla-Santa Justa > Sevilla-San Bernardo > Sevilla-Virgen Del Rocío > Bellavista > Dos Hermanas > Arahal > Marchena > Osuna > Pedrera > Antequera-Santa Ana > Bobadilla > El Chorro > Malaga Maria Zambrano
2026-04-23,13909,MD,Media Distancia,Área Sur,MD,Impar (↑ Norte/Origen),54413,Malaga Maria Zambrano,51003,Sevilla-Santa Justa,13,Malaga Maria Zambrano > álora > Las Mellizas > El Chorro > Bobadilla > Antequera-Santa Ana > Pedrera > Osuna > Marchena > Arahal > Dos Hermanas > Sevilla-San Bernardo > Sevilla-Santa Justa
2026-04-23,13910,MD,Media Distancia,Área Sur,MD,Par (↓ Sur/Destino),51003,Sevilla-Santa Justa,54413,Malaga Maria Zambrano,12,Sevilla-Santa Justa > Sevilla-San Bernardo > Sevilla-Virgen Del Rocío > Bellavista > Dos Hermanas > Arahal > Marchena > Osuna > Pedrera > Antequera-Santa Ana > Bobadilla > Malaga Maria Zambrano
2026-04-23,13911,MD,Media Distancia,Área Sur,MD,Impar (↑ Norte/Origen),54413,Malaga Maria Zambrano,51003,Sevilla-Santa Justa,12,Malaga Maria Zambrano > Bobadilla > Antequera-Santa Ana > Pedrera > Osuna > Marchena > Arahal > Dos Hermanas > Bellavista > Sevilla-Virgen Del Rocío > Sevilla-San Bernardo > Sevilla-Santa Justa
2026-04-23,13940,MD,Media Distancia,Área Sur,MD,Par (↓ Sur/Destino),05000,Granada,56312,Almeria,4,Granada > Guadix > Huercal-Viator > Almeria
2026-04-23,13942,MD,Media Distancia,Área Sur,MD,Par (↓ Sur/Destino),05000,Granada,56312,Almeria,9,Granada > Iznalloz > Benalua de Guadix > Guadix > Fiñana > Gergal > Gador > Huercal-Viator > Almeria
2026-04-23,13944,MD,Media Distancia,Área Sur,MD,Par (↓ Sur/Destino),05000,Granada,56312,Almeria,4,Granada > Guadix > Huercal-Viator > Almeria
2026-04-23,13946,MD,Media Distancia,Área Sur,MD,Par (↓ Sur/Destino),05000,Granada,56312,Almeria,9,Granada > Iznalloz > Benalua de Guadix > Guadix > Fiñana > Gergal > Gador > Huercal-Viator > Almeria
2026-04-23,13951,MD,Media Distancia,Área Sur,MD,Impar (↑ Norte/Origen),56312,Almeria,05000,Granada,9,Almeria > Huercal-Viator > Gador > Gergal > Fiñana > Guadix > Benalua de Guadix > Iznalloz > Granada
2026-04-23,13953,MD,Media Distancia,Área Sur,MD,Impar (↑ Norte/Origen),56312,Almeria,05000,Granada,4,Almeria > Huercal-Viator > Guadix > Granada
2026-04-23,13955,MD,Media Distancia,Área Sur,MD,Impar (↑ Norte/Origen),56312,Almeria,05000,Granada,4,Almeria > Huercal-Viator > Guadix > Granada
2026-04-23,13957,MD,Media Distancia,Área Sur,MD,Impar (↑ Norte/Origen),56312,Almeria,05000,Granada,9,Almeria > Huercal-Viator > Gador > Gergal > Fiñana > Guadix > Benalua de Guadix > Iznalloz > Granada
2026-04-23,14003,MD,Media Distancia,Área Este,REG.EXP.,Impar (↑ Norte/Origen),65000,Valencia-Estaciò Del Nord,60911,Alicante/Alacant,6,Valencia-Estaciò Del Nord > Xàtiva > Villena > Elda-Petrer > Universidad De Alicante > Alicante/Alacant
2026-04-23,14014,MD,Media Distancia,Área Este,REG.EXP.,Par (↓ Sur/Destino),65400,Tortosa,65000,Valencia-Estaciò Del Nord,14,Tortosa > L'Aldea-Amposta > Ulldecona-Alcanar-La Sénia > Vinaròs > Benicarló-Peñíscola > Alcalà De Xivert > Torreblanca > Orpesa/Oropesa Del Mar > Benicàssim > Castelló > Vila-Real > Sagunt/Sagunto > Valencia-Cabanyal > Valencia-Estaciò Del Nord
2026-04-23,14016,MD,Media Distancia,Área Este,REG.EXP.,Par (↓ Sur/Destino),65000,Valencia-Estaciò Del Nord,65400,Tortosa,14,Valencia-Estaciò Del Nord > Valencia-Cabanyal > Sagunt/Sagunto > Vila-Real > Castelló > Benicàssim > Orpesa/Oropesa Del Mar > Torreblanca > Alcalà De Xivert > Benicarló-Peñíscola > Vinaròs > Ulldecona-Alcanar-La Sénia > L'Aldea-Amposta > Tortosa
2026-04-23,14018,MD,Media Distancia,Área Este,REG.EXP.,Par (↓ Sur/Destino),65400,Tortosa,65000,Valencia-Estaciò Del Nord,14,Tortosa > L'Aldea-Amposta > Ulldecona-Alcanar-La Sénia > Vinaròs > Benicarló-Peñíscola > Alcalà De Xivert > Torreblanca > Orpesa/Oropesa Del Mar > Benicàssim > Castelló > Vila-Real > Sagunt/Sagunto > Valencia-Cabanyal > Valencia-Estaciò Del Nord
2026-04-23,14020,MD,Media Distancia,Área Este,REG.EXP.,Par (↓ Sur/Destino),65000,Valencia-Estaciò Del Nord,65400,Tortosa,15,Valencia-Estaciò Del Nord > Valencia-Cabanyal > Sagunt/Sagunto > Nules-La Vilavella > Vila-Real > Castelló > Benicàssim > Orpesa/Oropesa Del Mar > Torreblanca > Alcalà De Xivert > Benicarló-Peñíscola > Vinaròs > Ulldecona-Alcanar-La Sénia > L'Aldea-Amposta > Tortosa
2026-04-23,14022,MD,Media Distancia,Área Este,REG.EXP.,Par (↓ Sur/Destino),65400,Tortosa,65000,Valencia-Estaciò Del Nord,14,Tortosa > L'Aldea-Amposta > Ulldecona-Alcanar-La Sénia > Vinaròs > Benicarló-Peñíscola > Alcalà De Xivert > Torreblanca > Orpesa/Oropesa Del Mar > Benicàssim > Castelló > Vila-Real > Sagunt/Sagunto > Valencia-Cabanyal > Valencia-Estaciò Del Nord
2026-04-23,14123,MD,Media Distancia,Área Este,MD,Impar (↑ Norte/Origen),65000,Valencia-Estaciò Del Nord,61200,Murcia,17,Valencia-Estaciò Del Nord > Xàtiva > Villena > Sax > Elda-Petrer > Novelda-Aspe > Universidad De Alicante > Alicante/Alacant > Sant Gabriel > Torrellano > Elche Parque/Elx Parc > Elche/Elx Carrús > Crevillent > Albatera-Catral > Callosa De Segura > Orihuela-Miguel Hernández > Murcia
2026-04-23,14123,MD,Media Distancia,Área Este,MD,Impar (↑ Norte/Origen),65000,Valencia-Estaciò Del Nord,60902,Villena,3,Valencia-Estaciò Del Nord > Xàtiva > Villena
2026-04-23,14123,MD,Media Distancia,Área Este,MD,Impar (↑ Norte/Origen),60911,Alicante/Alacant,61200,Murcia,10,Alicante/Alacant > Sant Gabriel > Torrellano > Elche Parque/Elx Parc > Elche/Elx Carrús > Crevillent > Albatera-Catral > Callosa De Segura > Orihuela-Miguel Hernández > Murcia
2026-04-23,14202,MD,Media Distancia,Área Este,MD,Par (↓ Sur/Destino),61307,Cartagena,65000,Valencia-Estaciò Del Nord,18,Cartagena > Torre-Pacheco > Balsicas-Mar Menor > Murcia > Orihuela-Miguel Hernández > Callosa De Segura > Albatera-Catral > Elche/Elx Carrús > Elche Parque/Elx Parc > Sant Gabriel > Alicante/Alacant > Universidad De Alicante > Novelda-Aspe > Elda-Petrer > Sax > Villena > Xàtiva > Valencia-Estaciò Del Nord
2026-04-23,14202,MD,Media Distancia,Área Este,MD,Par (↓ Sur/Destino),61200,Murcia,60911,Alicante/Alacant,8,Murcia > Orihuela-Miguel Hernández > Callosa De Segura > Albatera-Catral > Elche/Elx Carrús > Elche Parque/Elx Parc > Sant Gabriel > Alicante/Alacant
2026-04-23,14202,MD,Media Distancia,Área Este,MD,Par (↓ Sur/Destino),60902,Villena,65000,Valencia-Estaciò Del Nord,3,Villena > Xàtiva > Valencia-Estaciò Del Nord
2026-04-23,14209,MD,Media Distancia,Área Este,REGIONAL,Impar (↑ Norte/Origen),60911,Alicante/Alacant,65000,Valencia-Estaciò Del Nord,6,Alicante/Alacant > Universidad De Alicante > Elda-Petrer > Villena > Xàtiva > Valencia-Estaciò Del Nord
2026-04-23,14302,MD,Media Distancia,Área Este,REGIONAL,Par (↓ Sur/Destino),65000,Valencia-Estaciò Del Nord,65400,Tortosa,15,Valencia-Estaciò Del Nord > Valencia-Cabanyal > Sagunt/Sagunto > Nules-La Vilavella > Vila-Real > Castelló > Benicàssim > Orpesa/Oropesa Del Mar > Torreblanca > Alcalà De Xivert > Benicarló-Peñíscola > Vinaròs > Ulldecona-Alcanar-La Sénia > L'Aldea-Amposta > Tortosa
2026-04-23,14304,MD,Media Distancia,Área Este,REGIONAL,Par (↓ Sur/Destino),65400,Tortosa,65000,Valencia-Estaciò Del Nord,15,Tortosa > L'Aldea-Amposta > Ulldecona-Alcanar-La Sénia > Vinaròs > Benicarló-Peñíscola > Alcalà De Xivert > Torreblanca > Orpesa/Oropesa Del Mar > Benicàssim > Castelló > Vila-Real > Nules-La Vilavella > Sagunt/Sagunto > Valencia-Cabanyal > Valencia-Estaciò Del Nord
2026-04-23,14400,MD,Media Distancia,Área Este,REGIONAL,Par (↓ Sur/Destino),60600,Albacete-Los Llanos,65000,Valencia-Estaciò Del Nord,5,Albacete-Los Llanos > Almansa > La Encina > Xàtiva > Valencia-Estaciò Del Nord
2026-04-23,14401,MD,Media Distancia,Área Este,REGIONAL,Impar (↑ Norte/Origen),65000,Valencia-Estaciò Del Nord,60600,Albacete-Los Llanos,5,Valencia-Estaciò Del Nord > Xàtiva > La Encina > Almansa > Albacete-Los Llanos
2026-04-23,14404,MD,Media Distancia,Área Este,MD,Par (↓ Sur/Destino),60600,Albacete-Los Llanos,65000,Valencia-Estaciò Del Nord,4,Albacete-Los Llanos > Almansa > Xàtiva > Valencia-Estaciò Del Nord
2026-04-23,14405,MD,Media Distancia,Área Este,MD,Impar (↑ Norte/Origen),65000,Valencia-Estaciò Del Nord,60600,Albacete-Los Llanos,5,Valencia-Estaciò Del Nord > Silla > Xàtiva > Almansa > Albacete-Los Llanos
2026-04-23,14406,MD,Media Distancia,Área Este,MD,Par (↓ Sur/Destino),60600,Albacete-Los Llanos,65000,Valencia-Estaciò Del Nord,5,Albacete-Los Llanos > Almansa > Xàtiva > Silla > Valencia-Estaciò Del Nord
2026-04-23,14407,MD,Media Distancia,Área Este,MD,Impar (↑ Norte/Origen),65000,Valencia-Estaciò Del Nord,60600,Albacete-Los Llanos,4,Valencia-Estaciò Del Nord > Xàtiva > Almansa > Albacete-Los Llanos
2026-04-23,14410,MD,Media Distancia,Área Este,REGIONAL,Par (↓ Sur/Destino),69011,Alcoy/Alcoi,65000,Valencia-Estaciò Del Nord,16,Alcoy/Alcoi > Ontinyent > Albaida > Benigánim > Xàtiva > L'ènova Manuel > La Pobla Llarga > Carcaixent > Alzira > Algemesí > Benifaió-Almussafes > Silla > Catarroja > Massanassa > Alfafar-Benetússer > Valencia-Estaciò Del Nord
2026-04-23,14411,MD,Media Distancia,Área Este,REGIONAL,Impar (↑ Norte/Origen),65000,Valencia-Estaciò Del Nord,69011,Alcoy/Alcoi,16,Valencia-Estaciò Del Nord > Alfafar-Benetússer > Massanassa > Catarroja > Silla > Benifaió-Almussafes > Algemesí > Alzira > Carcaixent > La Pobla Llarga > L'ènova Manuel > Xàtiva > Benigánim > Albaida > Ontinyent > Alcoy/Alcoi
2026-04-23,14412,MD,Media Distancia,Área Este,REGIONAL,Par (↓ Sur/Destino),69011,Alcoy/Alcoi,65000,Valencia-Estaciò Del Nord,16,Alcoy/Alcoi > Ontinyent > Albaida > Benigánim > Xàtiva > L'ènova Manuel > La Pobla Llarga > Carcaixent > Alzira > Algemesí > Benifaió-Almussafes > Silla > Catarroja > Massanassa > Alfafar-Benetússer > Valencia-Estaciò Del Nord
2026-04-23,14413,MD,Media Distancia,Área Este,REGIONAL,Impar (↑ Norte/Origen),65000,Valencia-Estaciò Del Nord,69011,Alcoy/Alcoi,16,Valencia-Estaciò Del Nord > Alfafar-Benetússer > Massanassa > Catarroja > Silla > Benifaió-Almussafes > Algemesí > Alzira > Carcaixent > La Pobla Llarga > L'ènova Manuel > Xàtiva > Benigánim > Albaida > Ontinyent > Alcoy/Alcoi
2026-04-23,14414,MD,Media Distancia,Área Este,REGIONAL,Par (↓ Sur/Destino),69011,Alcoy/Alcoi,65000,Valencia-Estaciò Del Nord,16,Alcoy/Alcoi > Ontinyent > Albaida > Benigánim > Xàtiva > L'ènova Manuel > La Pobla Llarga > Carcaixent > Alzira > Algemesí > Benifaió-Almussafes > Silla > Catarroja > Massanassa > Alfafar-Benetússer > Valencia-Estaciò Del Nord
2026-04-23,14415,MD,Media Distancia,Área Este,REGIONAL,Impar (↑ Norte/Origen),65000,Valencia-Estaciò Del Nord,69011,Alcoy/Alcoi,16,Valencia-Estaciò Del Nord > Alfafar-Benetússer > Massanassa > Catarroja > Silla > Benifaió-Almussafes > Algemesí > Alzira > Carcaixent > La Pobla Llarga > L'ènova Manuel > Xàtiva > Benigánim > Albaida > Ontinyent > Alcoy/Alcoi
2026-04-23,14416,MD,Media Distancia,Área Este,REGIONAL,Par (↓ Sur/Destino),69011,Alcoy/Alcoi,65000,Valencia-Estaciò Del Nord,16,Alcoy/Alcoi > Ontinyent > Albaida > Benigánim > Xàtiva > L'ènova Manuel > La Pobla Llarga > Carcaixent > Alzira > Algemesí > Benifaió-Almussafes > Silla > Catarroja > Massanassa > Alfafar-Benetússer > Valencia-Estaciò Del Nord
2026-04-23,14417,MD,Media Distancia,Área Este,REGIONAL,Impar (↑ Norte/Origen),65000,Valencia-Estaciò Del Nord,69011,Alcoy/Alcoi,16,Valencia-Estaciò Del Nord > Alfafar-Benetússer > Massanassa > Catarroja > Silla > Benifaió-Almussafes > Algemesí > Alzira > Carcaixent > La Pobla Llarga > L'ènova Manuel > Xàtiva > Benigánim > Albaida > Ontinyent > Alcoy/Alcoi
2026-04-23,14418,MD,Media Distancia,Área Este,REGIONAL,Par (↓ Sur/Destino),69011,Alcoy/Alcoi,65000,Valencia-Estaciò Del Nord,16,Alcoy/Alcoi > Ontinyent > Albaida > Benigánim > Xàtiva > L'ènova Manuel > La Pobla Llarga > Carcaixent > Alzira > Algemesí > Benifaió-Almussafes > Silla > Catarroja > Massanassa > Alfafar-Benetússer > Valencia-Estaciò Del Nord
2026-04-23,14419,MD,Media Distancia,Área Este,REGIONAL,Impar (↑ Norte/Origen),65000,Valencia-Estaciò Del Nord,69011,Alcoy/Alcoi,16,Valencia-Estaciò Del Nord > Alfafar-Benetússer > Massanassa > Catarroja > Silla > Benifaió-Almussafes > Algemesí > Alzira > Carcaixent > La Pobla Llarga > L'ènova Manuel > Xàtiva > Benigánim > Albaida > Ontinyent > Alcoy/Alcoi
2026-04-23,14420,MD,Media Distancia,Área Este,REGIONAL,Par (↓ Sur/Destino),69011,Alcoy/Alcoi,65000,Valencia-Estaciò Del Nord,16,Alcoy/Alcoi > Ontinyent > Albaida > Benigánim > Xàtiva > L'ènova Manuel > La Pobla Llarga > Carcaixent > Alzira > Algemesí > Benifaió-Almussafes > Silla > Catarroja > Massanassa > Alfafar-Benetússer > Valencia-Estaciò Del Nord
2026-04-23,14421,MD,Media Distancia,Área Este,REGIONAL,Impar (↑ Norte/Origen),65000,Valencia-Estaciò Del Nord,69011,Alcoy/Alcoi,16,Valencia-Estaciò Del Nord > Alfafar-Benetússer > Massanassa > Catarroja > Silla > Benifaió-Almussafes > Algemesí > Alzira > Carcaixent > La Pobla Llarga > L'ènova Manuel > Xàtiva > Benigánim > Albaida > Ontinyent > Alcoy/Alcoi
2026-04-23,14430,MD,Media Distancia,Área Este,REGIONAL,Par (↓ Sur/Destino),65000,Valencia-Estaciò Del Nord,65312,Vinaròs,14,Valencia-Estaciò Del Nord > Valencia F.s.l-Hospital La Fe > Valencia-Cabanyal > Puçol > Sagunt/Sagunto > Nules-La Vilavella > Vila-Real > Castelló > Benicàssim > Orpesa/Oropesa Del Mar > Torreblanca > Alcalà De Xivert > Benicarló-Peñíscola > Vinaròs
2026-04-23,14432,MD,Media Distancia,Área Este,REGIONAL,Par (↓ Sur/Destino),65000,Valencia-Estaciò Del Nord,65312,Vinaròs,20,Valencia-Estaciò Del Nord > Valencia F.s.l-Hospital La Fe > Valencia-Cabanyal > Albuixech > El Puig > Puçol > Sagunt/Sagunto > Almenara > Chilches > Nules-La Vilavella > Burriana-Alquerías Niño Perdido > Vila-Real > Almassora/Almazora > Castelló > Benicàssim > Orpesa/Oropesa Del Mar > Torreblanca > Alcalà De Xivert > Benicarló-Peñíscola > Vinaròs
2026-04-23,14433,MD,Media Distancia,Área Este,REGIONAL,Impar (↑ Norte/Origen),65312,Vinaròs,65000,Valencia-Estaciò Del Nord,20,Vinaròs > Benicarló-Peñíscola > Alcalà De Xivert > Torreblanca > Orpesa/Oropesa Del Mar > Benicàssim > Castelló > Almassora/Almazora > Vila-Real > Burriana-Alquerías Niño Perdido > Nules-La Vilavella > Chilches > Almenara > Sagunt/Sagunto > Puçol > El Puig > Albuixech > Valencia-Cabanyal > Valencia F.s.l-Hospital La Fe > Valencia-Estaciò Del Nord
2026-04-23,14435,MD,Media Distancia,Área Este,REGIONAL,Impar (↑ Norte/Origen),65312,Vinaròs,65000,Valencia-Estaciò Del Nord,20,Vinaròs > Benicarló-Peñíscola > Alcalà De Xivert > Torreblanca > Orpesa/Oropesa Del Mar > Benicàssim > Castelló > Almassora/Almazora > Vila-Real > Burriana-Alquerías Niño Perdido > Nules-La Vilavella > Chilches > Almenara > Sagunt/Sagunto > Puçol > El Puig > Albuixech > Valencia-Cabanyal > Valencia F.s.l-Hospital La Fe > Valencia-Estaciò Del Nord
2026-04-23,14437,MD,Media Distancia,Área Este,REGIONAL,Impar (↑ Norte/Origen),65312,Vinaròs,65000,Valencia-Estaciò Del Nord,20,Vinaròs > Benicarló-Peñíscola > Alcalà De Xivert > Torreblanca > Orpesa/Oropesa Del Mar > Benicàssim > Castelló > Almassora/Almazora > Vila-Real > Burriana-Alquerías Niño Perdido > Nules-La Vilavella > Chilches > Almenara > Sagunt/Sagunto > Puçol > El Puig > Albuixech > Valencia-Cabanyal > Valencia F.s.l-Hospital La Fe > Valencia-Estaciò Del Nord
2026-04-23,14443,MD,Media Distancia,Área Este,REGIONAL,Impar (↑ Norte/Origen),65312,Vinaròs,65000,Valencia-Estaciò Del Nord,25,Vinaròs > Benicarló-Peñíscola > Alcalà De Xivert > Torreblanca > Orpesa/Oropesa Del Mar > Benicàssim > Castelló > Almassora/Almazora > Vila-Real > Burriana-Alquerías Niño Perdido > Nules-La Vilavella > Moncofa > Chilches > La Llosa > Almenara > Les Valls > Sagunt/Sagunto > Puçol > El Puig > Massalfassar-Albuixech > Albuixech > Roca-Cúper > Valencia-Cabanyal > Valencia F.s.l-Hospital La Fe > Valencia-Estaciò Del Nord
2026-04-23,14444,MD,Media Distancia,Área Este,REGIONAL,Par (↓ Sur/Destino),65000,Valencia-Estaciò Del Nord,65312,Vinaròs,24,Valencia-Estaciò Del Nord > Valencia F.s.l-Hospital La Fe > Valencia-Cabanyal > Roca-Cúper > Albuixech > El Puig > Puçol > Sagunt/Sagunto > Les Valls > Almenara > La Llosa > Chilches > Moncofa > Nules-La Vilavella > Burriana-Alquerías Niño Perdido > Vila-Real > Almassora/Almazora > Castelló > Benicàssim > Orpesa/Oropesa Del Mar > Torreblanca > Alcalà De Xivert > Benicarló-Peñíscola > Vinaròs
2026-04-23,14446,MD,Media Distancia,Área Este,REGIONAL,Par (↓ Sur/Destino),65000,Valencia-Estaciò Del Nord,65312,Vinaròs,20,Valencia-Estaciò Del Nord > Valencia F.s.l-Hospital La Fe > Valencia-Cabanyal > Albuixech > El Puig > Puçol > Sagunt/Sagunto > Almenara > Chilches > Nules-La Vilavella > Burriana-Alquerías Niño Perdido > Vila-Real > Almassora/Almazora > Castelló > Benicàssim > Orpesa/Oropesa Del Mar > Torreblanca > Alcalà De Xivert > Benicarló-Peñíscola > Vinaròs
2026-04-23,14450,MD,Media Distancia,Área Este,REGIONAL,Par (↓ Sur/Destino),65000,Valencia-Estaciò Del Nord,65312,Vinaròs,20,Valencia-Estaciò Del Nord > Valencia F.s.l-Hospital La Fe > Valencia-Cabanyal > Albuixech > El Puig > Puçol > Sagunt/Sagunto > Almenara > Chilches > Nules-La Vilavella > Burriana-Alquerías Niño Perdido > Vila-Real > Almassora/Almazora > Castelló > Benicàssim > Orpesa/Oropesa Del Mar > Torreblanca > Alcalà De Xivert > Benicarló-Peñíscola > Vinaròs
2026-04-23,14452,MD,Media Distancia,Área Este,REGIONAL,Par (↓ Sur/Destino),65000,Valencia-Estaciò Del Nord,65312,Vinaròs,25,Valencia-Estaciò Del Nord > Valencia F.s.l-Hospital La Fe > Valencia-Cabanyal > Roca-Cúper > Albuixech > Massalfassar-Albuixech > El Puig > Puçol > Sagunt/Sagunto > Les Valls > Almenara > La Llosa > Chilches > Moncofa > Nules-La Vilavella > Burriana-Alquerías Niño Perdido > Vila-Real > Almassora/Almazora > Castelló > Benicàssim > Orpesa/Oropesa Del Mar > Torreblanca > Alcalà De Xivert > Benicarló-Peñíscola > Vinaròs
2026-04-23,14461,MD,Media Distancia,Área Este,REGIONAL,Impar (↑ Norte/Origen),65312,Vinaròs,65000,Valencia-Estaciò Del Nord,20,Vinaròs > Benicarló-Peñíscola > Alcalà De Xivert > Torreblanca > Orpesa/Oropesa Del Mar > Benicàssim > Castelló > Almassora/Almazora > Vila-Real > Burriana-Alquerías Niño Perdido > Nules-La Vilavella > Chilches > Almenara > Sagunt/Sagunto > Puçol > El Puig > Albuixech > Valencia-Cabanyal > Valencia F.s.l-Hospital La Fe > Valencia-Estaciò Del Nord
2026-04-23,14462,MD,Media Distancia,Área Este,REGIONAL,Par (↓ Sur/Destino),65000,Valencia-Estaciò Del Nord,65312,Vinaròs,25,Valencia-Estaciò Del Nord > Valencia F.s.l-Hospital La Fe > Valencia-Cabanyal > Roca-Cúper > Albuixech > Massalfassar-Albuixech > El Puig > Puçol > Sagunt/Sagunto > Les Valls > Almenara > La Llosa > Chilches > Moncofa > Nules-La Vilavella > Burriana-Alquerías Niño Perdido > Vila-Real > Almassora/Almazora > Castelló > Benicàssim > Orpesa/Oropesa Del Mar > Torreblanca > Alcalà De Xivert > Benicarló-Peñíscola > Vinaròs
2026-04-23,14463,MD,Media Distancia,Área Este,REGIONAL,Impar (↑ Norte/Origen),65312,Vinaròs,65000,Valencia-Estaciò Del Nord,20,Vinaròs > Benicarló-Peñíscola > Alcalà De Xivert > Torreblanca > Orpesa/Oropesa Del Mar > Benicàssim > Castelló > Almassora/Almazora > Vila-Real > Burriana-Alquerías Niño Perdido > Nules-La Vilavella > Chilches > Almenara > Sagunt/Sagunto > Puçol > El Puig > Albuixech > Valencia-Cabanyal > Valencia F.s.l-Hospital La Fe > Valencia-Estaciò Del Nord
2026-04-23,14464,MD,Media Distancia,Área Este,REGIONAL,Par (↓ Sur/Destino),65000,Valencia-Estaciò Del Nord,65312,Vinaròs,25,Valencia-Estaciò Del Nord > Valencia F.s.l-Hospital La Fe > Valencia-Cabanyal > Roca-Cúper > Albuixech > Massalfassar-Albuixech > El Puig > Puçol > Sagunt/Sagunto > Les Valls > Almenara > La Llosa > Chilches > Moncofa > Nules-La Vilavella > Burriana-Alquerías Niño Perdido > Vila-Real > Almassora/Almazora > Castelló > Benicàssim > Orpesa/Oropesa Del Mar > Torreblanca > Alcalà De Xivert > Benicarló-Peñíscola > Vinaròs
2026-04-23,14465,MD,Media Distancia,Área Este,REGIONAL,Impar (↑ Norte/Origen),65312,Vinaròs,65000,Valencia-Estaciò Del Nord,25,Vinaròs > Benicarló-Peñíscola > Alcalà De Xivert > Torreblanca > Orpesa/Oropesa Del Mar > Benicàssim > Castelló > Almassora/Almazora > Vila-Real > Burriana-Alquerías Niño Perdido > Nules-La Vilavella > Moncofa > Chilches > La Llosa > Almenara > Les Valls > Sagunt/Sagunto > Puçol > El Puig > Massalfassar-Albuixech > Albuixech > Roca-Cúper > Valencia-Cabanyal > Valencia F.s.l-Hospital La Fe > Valencia-Estaciò Del Nord
2026-04-23,14467,MD,Media Distancia,Área Este,REGIONAL,Impar (↑ Norte/Origen),65312,Vinaròs,65000,Valencia-Estaciò Del Nord,20,Vinaròs > Benicarló-Peñíscola > Alcalà De Xivert > Torreblanca > Orpesa/Oropesa Del Mar > Benicàssim > Castelló > Almassora/Almazora > Vila-Real > Burriana-Alquerías Niño Perdido > Nules-La Vilavella > Chilches > Almenara > Sagunt/Sagunto > Puçol > El Puig > Albuixech > Valencia-Cabanyal > Valencia F.s.l-Hospital La Fe > Valencia-Estaciò Del Nord
2026-04-23,14470,MD,Media Distancia,Área Este,REGIONAL,Par (↓ Sur/Destino),60902,Villena,60911,Alicante/Alacant,7,Villena > Sax > Elda-Petrer > Novelda-Aspe > Sant Vicent Centre > Universidad De Alicante > Alicante/Alacant
2026-04-23,14471,MD,Media Distancia,Área Este,REGIONAL,Impar (↑ Norte/Origen),60911,Alicante/Alacant,60902,Villena,7,Alicante/Alacant > Universidad De Alicante > Sant Vicent Centre > Novelda-Aspe > Elda-Petrer > Sax > Villena
2026-04-23,14472,MD,Media Distancia,Área Este,REGIONAL,Par (↓ Sur/Destino),60902,Villena,60911,Alicante/Alacant,7,Villena > Sax > Elda-Petrer > Novelda-Aspe > Sant Vicent Centre > Universidad De Alicante > Alicante/Alacant
2026-04-23,14473,MD,Media Distancia,Área Este,REGIONAL,Impar (↑ Norte/Origen),60911,Alicante/Alacant,60902,Villena,7,Alicante/Alacant > Universidad De Alicante > Sant Vicent Centre > Novelda-Aspe > Elda-Petrer > Sax > Villena
2026-04-23,14474,MD,Media Distancia,Área Este,REGIONAL,Par (↓ Sur/Destino),60902,Villena,60911,Alicante/Alacant,7,Villena > Sax > Elda-Petrer > Novelda-Aspe > Sant Vicent Centre > Universidad De Alicante > Alicante/Alacant
2026-04-23,14475,MD,Media Distancia,Área Este,REGIONAL,Impar (↑ Norte/Origen),60911,Alicante/Alacant,60902,Villena,7,Alicante/Alacant > Universidad De Alicante > Sant Vicent Centre > Novelda-Aspe > Elda-Petrer > Sax > Villena
2026-04-23,14476,MD,Media Distancia,Área Este,REGIONAL,Par (↓ Sur/Destino),60902,Villena,60911,Alicante/Alacant,7,Villena > Sax > Elda-Petrer > Novelda-Aspe > Sant Vicent Centre > Universidad De Alicante > Alicante/Alacant
2026-04-23,14477,MD,Media Distancia,Área Este,REGIONAL,Impar (↑ Norte/Origen),60911,Alicante/Alacant,60902,Villena,7,Alicante/Alacant > Universidad De Alicante > Sant Vicent Centre > Novelda-Aspe > Elda-Petrer > Sax > Villena
2026-04-23,14478,MD,Media Distancia,Área Este,REGIONAL,Par (↓ Sur/Destino),60902,Villena,60911,Alicante/Alacant,7,Villena > Sax > Elda-Petrer > Novelda-Aspe > Sant Vicent Centre > Universidad De Alicante > Alicante/Alacant
2026-04-23,14479,MD,Media Distancia,Área Este,REGIONAL,Impar (↑ Norte/Origen),60911,Alicante/Alacant,60902,Villena,7,Alicante/Alacant > Universidad De Alicante > Sant Vicent Centre > Novelda-Aspe > Elda-Petrer > Sax > Villena
2026-04-23,14510,MD,Media Distancia,Área Este,PROXIMDAD,Par (↓ Sur/Destino),61200,Murcia,61307,Cartagena,4,Murcia > Balsicas-Mar Menor > Torre-Pacheco > Cartagena
2026-04-23,14512,MD,Media Distancia,Área Este,PROXIMDAD,Par (↓ Sur/Destino),61200,Murcia,61307,Cartagena,4,Murcia > Balsicas-Mar Menor > Torre-Pacheco > Cartagena
2026-04-23,14514,MD,Media Distancia,Área Este,PROXIMDAD,Par (↓ Sur/Destino),61200,Murcia,61307,Cartagena,4,Murcia > Balsicas-Mar Menor > Torre-Pacheco > Cartagena
2026-04-23,14515,MD,Media Distancia,Área Este,PROXIMDAD,Impar (↑ Norte/Origen),61307,Cartagena,61200,Murcia,4,Cartagena > Torre-Pacheco > Balsicas-Mar Menor > Murcia
2026-04-23,14516,MD,Media Distancia,Área Este,PROXIMDAD,Par (↓ Sur/Destino),61200,Murcia,61307,Cartagena,4,Murcia > Balsicas-Mar Menor > Torre-Pacheco > Cartagena
2026-04-23,14517,MD,Media Distancia,Área Este,PROXIMDAD,Impar (↑ Norte/Origen),61307,Cartagena,61200,Murcia,4,Cartagena > Torre-Pacheco > Balsicas-Mar Menor > Murcia
2026-04-23,14518,MD,Media Distancia,Área Este,PROXIMDAD,Par (↓ Sur/Destino),61200,Murcia,61307,Cartagena,4,Murcia > Balsicas-Mar Menor > Torre-Pacheco > Cartagena
2026-04-23,14519,MD,Media Distancia,Área Este,PROXIMDAD,Impar (↑ Norte/Origen),61307,Cartagena,61200,Murcia,4,Cartagena > Torre-Pacheco > Balsicas-Mar Menor > Murcia
2026-04-23,14521,MD,Media Distancia,Área Este,PROXIMDAD,Impar (↑ Norte/Origen),61307,Cartagena,61200,Murcia,4,Cartagena > Torre-Pacheco > Balsicas-Mar Menor > Murcia
2026-04-23,14541,MD,Media Distancia,Área Este,PROXIMDAD,Impar (↑ Norte/Origen),61307,Cartagena,61200,Murcia,4,Cartagena > Torre-Pacheco > Balsicas-Mar Menor > Murcia
2026-04-23,14542,MD,Media Distancia,Área Este,PROXIMDAD,Par (↓ Sur/Destino),61200,Murcia,61307,Cartagena,4,Murcia > Balsicas-Mar Menor > Torre-Pacheco > Cartagena
2026-04-23,14544,MD,Media Distancia,Área Este,PROXIMDAD,Par (↓ Sur/Destino),61200,Murcia,61307,Cartagena,4,Murcia > Balsicas-Mar Menor > Torre-Pacheco > Cartagena
2026-04-23,14545,MD,Media Distancia,Área Este,PROXIMDAD,Impar (↑ Norte/Origen),61307,Cartagena,61200,Murcia,4,Cartagena > Torre-Pacheco > Balsicas-Mar Menor > Murcia
2026-04-23,14546,MD,Media Distancia,Área Este,PROXIMDAD,Par (↓ Sur/Destino),61200,Murcia,61307,Cartagena,4,Murcia > Balsicas-Mar Menor > Torre-Pacheco > Cartagena
2026-04-23,14547,MD,Media Distancia,Área Este,PROXIMDAD,Impar (↑ Norte/Origen),61307,Cartagena,61200,Murcia,4,Cartagena > Torre-Pacheco > Balsicas-Mar Menor > Murcia
2026-04-23,15000,MD,Media Distancia,Área Nordeste,REG.EXP.,Par (↓ Sur/Destino),71400,Reus,79400,Barcelona-Estació De França,10,Reus > Vila-Seca > Tarragona > Altafulla-Tamarit > Torredembarra > Sant Vicenç De Calders > Vilanova I La Geltrú > Barcelona-Sants > Barcelona-Passeig De Gracia > Barcelona-Estació De França
2026-04-23,15001,MD,Media Distancia,Área Nordeste,REG.EXP.,Impar (↑ Norte/Origen),79400,Barcelona-Estació De França,71400,Reus,10,Barcelona-Estació De França > Barcelona-Passeig De Gracia > Barcelona-Sants > Vilanova I La Geltrú > Sant Vicenç De Calders > Torredembarra > Altafulla-Tamarit > Tarragona > Vila-Seca > Reus
2026-04-23,15002,MD,Media Distancia,Área Nordeste,REG.EXP.,Par (↓ Sur/Destino),71400,Reus,79400,Barcelona-Estació De França,10,Reus > Vila-Seca > Tarragona > Altafulla-Tamarit > Torredembarra > Sant Vicenç De Calders > Vilanova I La Geltrú > Barcelona-Sants > Barcelona-Passeig De Gracia > Barcelona-Estació De França
2026-04-23,15003,MD,Media Distancia,Área Nordeste,REG.EXP.,Impar (↑ Norte/Origen),79400,Barcelona-Estació De França,71400,Reus,10,Barcelona-Estació De França > Barcelona-Passeig De Gracia > Barcelona-Sants > Vilanova I La Geltrú > Sant Vicenç De Calders > Torredembarra > Altafulla-Tamarit > Tarragona > Vila-Seca > Reus
2026-04-23,15004,MD,Media Distancia,Área Nordeste,REG.EXP.,Par (↓ Sur/Destino),71400,Reus,79400,Barcelona-Estació De França,10,Reus > Vila-Seca > Tarragona > Altafulla-Tamarit > Torredembarra > Sant Vicenç De Calders > Vilanova I La Geltrú > Barcelona-Sants > Barcelona-Passeig De Gracia > Barcelona-Estació De França
2026-04-23,15005,MD,Media Distancia,Área Nordeste,REG.EXP.,Impar (↑ Norte/Origen),79400,Barcelona-Estació De França,71400,Reus,10,Barcelona-Estació De França > Barcelona-Passeig De Gracia > Barcelona-Sants > Vilanova I La Geltrú > Sant Vicenç De Calders > Torredembarra > Altafulla-Tamarit > Tarragona > Vila-Seca > Reus
2026-04-23,15007,MD,Media Distancia,Área Nordeste,REG.EXP.,Impar (↑ Norte/Origen),79400,Barcelona-Estació De França,71400,Reus,10,Barcelona-Estació De França > Barcelona-Passeig De Gracia > Barcelona-Sants > Vilanova I La Geltrú > Sant Vicenç De Calders > Torredembarra > Altafulla-Tamarit > Tarragona > Vila-Seca > Reus
2026-04-23,15008,MD,Media Distancia,Área Nordeste,REG.EXP.,Par (↓ Sur/Destino),71400,Reus,79400,Barcelona-Estació De França,10,Reus > Vila-Seca > Tarragona > Altafulla-Tamarit > Torredembarra > Sant Vicenç De Calders > Vilanova I La Geltrú > Barcelona-Sants > Barcelona-Passeig De Gracia > Barcelona-Estació De França
2026-04-23,15009,MD,Media Distancia,Área Nordeste,REG.EXP.,Impar (↑ Norte/Origen),79400,Barcelona-Estació De França,71400,Reus,10,Barcelona-Estació De França > Barcelona-Passeig De Gracia > Barcelona-Sants > Vilanova I La Geltrú > Sant Vicenç De Calders > Torredembarra > Altafulla-Tamarit > Tarragona > Vila-Seca > Reus
2026-04-23,15010,MD,Media Distancia,Área Nordeste,REG.EXP.,Par (↓ Sur/Destino),71400,Reus,79400,Barcelona-Estació De França,10,Reus > Vila-Seca > Tarragona > Altafulla-Tamarit > Torredembarra > Sant Vicenç De Calders > Vilanova I La Geltrú > Barcelona-Sants > Barcelona-Passeig De Gracia > Barcelona-Estació De França
2026-04-23,15011,MD,Media Distancia,Área Nordeste,REG.EXP.,Impar (↑ Norte/Origen),79400,Barcelona-Estació De França,71400,Reus,10,Barcelona-Estació De França > Barcelona-Passeig De Gracia > Barcelona-Sants > Vilanova I La Geltrú > Sant Vicenç De Calders > Torredembarra > Altafulla-Tamarit > Tarragona > Vila-Seca > Reus
2026-04-23,15012,MD,Media Distancia,Área Nordeste,REG.EXP.,Par (↓ Sur/Destino),71400,Reus,79400,Barcelona-Estació De França,10,Reus > Vila-Seca > Tarragona > Altafulla-Tamarit > Torredembarra > Sant Vicenç De Calders > Vilanova I La Geltrú > Barcelona-Sants > Barcelona-Passeig De Gracia > Barcelona-Estació De França
2026-04-23,15013,MD,Media Distancia,Área Nordeste,REG.EXP.,Impar (↑ Norte/Origen),79400,Barcelona-Estació De França,71400,Reus,10,Barcelona-Estació De França > Barcelona-Passeig De Gracia > Barcelona-Sants > Vilanova I La Geltrú > Sant Vicenç De Calders > Torredembarra > Altafulla-Tamarit > Tarragona > Vila-Seca > Reus
2026-04-23,15014,MD,Media Distancia,Área Nordeste,REG.EXP.,Par (↓ Sur/Destino),79400,Barcelona-Estació De França,71400,Reus,9,Barcelona-Estació De França > Barcelona-Passeig De Gracia > Barcelona-Sants > Sant Vicenç De Calders > Torredembarra > Altafulla-Tamarit > Tarragona > Vila-Seca > Reus
2026-04-23,15015,MD,Media Distancia,Área Nordeste,REG.EXP.,Impar (↑ Norte/Origen),79400,Barcelona-Estació De França,71400,Reus,10,Barcelona-Estació De França > Barcelona-Passeig De Gracia > Barcelona-Sants > Vilanova I La Geltrú > Sant Vicenç De Calders > Torredembarra > Altafulla-Tamarit > Tarragona > Vila-Seca > Reus
2026-04-23,15016,MD,Media Distancia,Área Nordeste,REG.EXP.,Par (↓ Sur/Destino),71400,Reus,79400,Barcelona-Estació De França,10,Reus > Vila-Seca > Tarragona > Altafulla-Tamarit > Torredembarra > Sant Vicenç De Calders > Vilanova I La Geltrú > Barcelona-Sants > Barcelona-Passeig De Gracia > Barcelona-Estació De França
2026-04-23,15017,MD,Media Distancia,Área Nordeste,REG.EXP.,Impar (↑ Norte/Origen),79400,Barcelona-Estació De França,71400,Reus,10,Barcelona-Estació De França > Barcelona-Passeig De Gracia > Barcelona-Sants > Vilanova I La Geltrú > Sant Vicenç De Calders > Torredembarra > Altafulla-Tamarit > Tarragona > Vila-Seca > Reus
2026-04-23,15018,MD,Media Distancia,Área Nordeste,REG.EXP.,Par (↓ Sur/Destino),71400,Reus,79400,Barcelona-Estació De França,10,Reus > Vila-Seca > Tarragona > Altafulla-Tamarit > Torredembarra > Sant Vicenç De Calders > Vilanova I La Geltrú > Barcelona-Sants > Barcelona-Passeig De Gracia > Barcelona-Estació De França
2026-04-23,15019,MD,Media Distancia,Área Nordeste,REG.EXP.,Impar (↑ Norte/Origen),79400,Barcelona-Estació De França,71400,Reus,10,Barcelona-Estació De França > Barcelona-Passeig De Gracia > Barcelona-Sants > Vilanova I La Geltrú > Sant Vicenç De Calders > Torredembarra > Altafulla-Tamarit > Tarragona > Vila-Seca > Reus
2026-04-23,15020,MD,Media Distancia,Área Nordeste,REG.EXP.,Par (↓ Sur/Destino),71400,Reus,79400,Barcelona-Estació De França,10,Reus > Vila-Seca > Tarragona > Altafulla-Tamarit > Torredembarra > Sant Vicenç De Calders > Vilanova I La Geltrú > Barcelona-Sants > Barcelona-Passeig De Gracia > Barcelona-Estació De França
2026-04-23,15021,MD,Media Distancia,Área Nordeste,REG.EXP.,Impar (↑ Norte/Origen),79400,Barcelona-Estació De França,71400,Reus,10,Barcelona-Estació De França > Barcelona-Passeig De Gracia > Barcelona-Sants > Vilanova I La Geltrú > Sant Vicenç De Calders > Torredembarra > Altafulla-Tamarit > Tarragona > Vila-Seca > Reus
2026-04-23,15022,MD,Media Distancia,Área Nordeste,REG.EXP.,Par (↓ Sur/Destino),71400,Reus,79400,Barcelona-Estació De França,10,Reus > Vila-Seca > Tarragona > Altafulla-Tamarit > Torredembarra > Sant Vicenç De Calders > Vilanova I La Geltrú > Barcelona-Sants > Barcelona-Passeig De Gracia > Barcelona-Estació De França
2026-04-23,15023,MD,Media Distancia,Área Nordeste,REG.EXP.,Impar (↑ Norte/Origen),79400,Barcelona-Estació De França,71400,Reus,10,Barcelona-Estació De França > Barcelona-Passeig De Gracia > Barcelona-Sants > Vilanova I La Geltrú > Sant Vicenç De Calders > Torredembarra > Altafulla-Tamarit > Tarragona > Vila-Seca > Reus
2026-04-23,15030,MD,Media Distancia,Área Nordeste,REG.EXP.,Par (↓ Sur/Destino),71209,Riba-Roja D'ebre,79400,Barcelona-Estació De França,20,Riba-Roja D'ebre > Flix > Ascó > Móra La Nova > Capçanes > Marçà-Falset > Pradell > Duesaigües-L'argentera > Riudecanyes-Botarell > Les Borges Del Camp > Reus > Vila-Seca > Tarragona > Altafulla-Tamarit > Torredembarra > Sant Vicenç De Calders > Vilanova I La Geltrú > Barcelona-Sants > Barcelona-Passeig De Gracia > Barcelona-Estació De França
2026-04-23,15030,MD,Media Distancia,Área Nordeste,REG.EXP.,Par (↓ Sur/Destino),71300,Móra La Nova,79400,Barcelona-Estació De França,17,Móra La Nova > Capçanes > Marçà-Falset > Pradell > Duesaigües-L'argentera > Riudecanyes-Botarell > Les Borges Del Camp > Reus > Vila-Seca > Tarragona > Altafulla-Tamarit > Torredembarra > Sant Vicenç De Calders > Vilanova I La Geltrú > Barcelona-Sants > Barcelona-Passeig De Gracia > Barcelona-Estació De França
2026-04-23,15031,MD,Media Distancia,Área Nordeste,REG.EXP.,Impar (↑ Norte/Origen),79400,Barcelona-Estació De França,71209,Riba-Roja D'ebre,20,Barcelona-Estació De França > Barcelona-Passeig De Gracia > Barcelona-Sants > Vilanova I La Geltrú > Sant Vicenç De Calders > Torredembarra > Altafulla-Tamarit > Tarragona > Vila-Seca > Reus > Les Borges Del Camp > Riudecanyes-Botarell > Duesaigües-L'argentera > Pradell > Marçà-Falset > Capçanes > Móra La Nova > Ascó > Flix > Riba-Roja D'ebre
2026-04-23,15032,MD,Media Distancia,Área Nordeste,REG.EXP.,Par (↓ Sur/Destino),71204,Caspe,79400,Barcelona-Estació De França,21,Caspe > Fabara > Nonaspe > Faió-La Pobla De Massaluca (fayón) > Riba-Roja D'ebre > Flix > Ascó > Móra La Nova > Capçanes > Marçà-Falset > Les Borges Del Camp > Reus > Vila-Seca > Tarragona > Altafulla-Tamarit > Torredembarra > Sant Vicenç De Calders > Vilanova I La Geltrú > Barcelona-Sants > Barcelona-Passeig De Gracia > Barcelona-Estació De França
2026-04-23,15033,MD,Media Distancia,Área Nordeste,REG.EXP.,Impar (↑ Norte/Origen),79400,Barcelona-Estació De França,71210,Flix,19,Barcelona-Estació De França > Barcelona-Passeig De Gracia > Barcelona-Sants > Vilanova I La Geltrú > Sant Vicenç De Calders > Torredembarra > Altafulla-Tamarit > Tarragona > Vila-Seca > Reus > Les Borges Del Camp > Riudecanyes-Botarell > Duesaigües-L'argentera > Pradell > Marçà-Falset > Capçanes > Móra La Nova > Ascó > Flix
2026-04-23,15035,MD,Media Distancia,Área Nordeste,REG.EXP.,Impar (↑ Norte/Origen),79400,Barcelona-Estació De França,71204,Caspe,21,Barcelona-Estació De França > Barcelona-Passeig De Gracia > Barcelona-Sants > Vilanova I La Geltrú > Sant Vicenç De Calders > Torredembarra > Altafulla-Tamarit > Tarragona > Vila-Seca > Reus > Les Borges Del Camp > Marçà-Falset > Capçanes > Móra La Nova > Ascó > Flix > Riba-Roja D'ebre > Faió-La Pobla De Massaluca (fayón) > Nonaspe > Fabara > Caspe
2026-04-23,15036,MD,Media Distancia,Área Nordeste,REG.EXP.,Par (↓ Sur/Destino),71209,Riba-Roja D'ebre,79400,Barcelona-Estació De França,20,Riba-Roja D'ebre > Flix > Ascó > Móra La Nova > Capçanes > Marçà-Falset > Pradell > Duesaigües-L'argentera > Riudecanyes-Botarell > Les Borges Del Camp > Reus > Vila-Seca > Tarragona > Altafulla-Tamarit > Torredembarra > Sant Vicenç De Calders > Vilanova I La Geltrú > Barcelona-Sants > Barcelona-Passeig De Gracia > Barcelona-Estació De França
2026-04-23,15038,MD,Media Distancia,Área Nordeste,REG.EXP.,Par (↓ Sur/Destino),71210,Flix,79400,Barcelona-Estació De França,19,Flix > Ascó > Móra La Nova > Capçanes > Marçà-Falset > Pradell > Duesaigües-L'argentera > Riudecanyes-Botarell > Les Borges Del Camp > Reus > Vila-Seca > Tarragona > Altafulla-Tamarit > Torredembarra > Sant Vicenç De Calders > Vilanova I La Geltrú > Barcelona-Sants > Barcelona-Passeig De Gracia > Barcelona-Estació De França
2026-04-23,15039,MD,Media Distancia,Área Nordeste,REG.EXP.,Impar (↑ Norte/Origen),79400,Barcelona-Estació De França,71209,Riba-Roja D'ebre,20,Barcelona-Estació De França > Barcelona-Passeig De Gracia > Barcelona-Sants > Vilanova I La Geltrú > Sant Vicenç De Calders > Torredembarra > Altafulla-Tamarit > Tarragona > Vila-Seca > Reus > Les Borges Del Camp > Riudecanyes-Botarell > Duesaigües-L'argentera > Pradell > Marçà-Falset > Capçanes > Móra La Nova > Ascó > Flix > Riba-Roja D'ebre
2026-04-23,15039,MD,Media Distancia,Área Nordeste,REG.EXP.,Impar (↑ Norte/Origen),79400,Barcelona-Estació De França,71300,Móra La Nova,17,Barcelona-Estació De França > Barcelona-Passeig De Gracia > Barcelona-Sants > Vilanova I La Geltrú > Sant Vicenç De Calders > Torredembarra > Altafulla-Tamarit > Tarragona > Vila-Seca > Reus > Les Borges Del Camp > Riudecanyes-Botarell > Duesaigües-L'argentera > Pradell > Marçà-Falset > Capçanes > Móra La Nova
2026-04-23,15040,MD,Media Distancia,Área Nordeste,REG.EXP.,Par (↓ Sur/Destino),78400,Lleida-Pirineus,79400,Barcelona-Estació De França,14,Lleida-Pirineus > Juneda > Les Borges Blanques > Vinaixa > Vimbodí > L'espluga De Francolí > Montblanc > La Plana-Picamoixons > Valls > Roda De Mar > Sant Vicenç De Calders > Barcelona-Sants > Barcelona-Passeig De Gracia > Barcelona-Estació De França
2026-04-23,15041,MD,Media Distancia,Área Nordeste,REG.EXP.,Impar (↑ Norte/Origen),79400,Barcelona-Estació De França,78400,Lleida-Pirineus,16,Barcelona-Estació De França > Barcelona-Passeig De Gracia > Barcelona-Sants > Sant Vicenç De Calders > Roda De Mar > Salomó > Nulles-Bràfim > Valls > La Plana-Picamoixons > Montblanc > L'espluga De Francolí > Vimbodí > Vinaixa > Les Borges Blanques > Juneda > Lleida-Pirineus
2026-04-23,15042,MD,Media Distancia,Área Nordeste,REG.EXP.,Par (↓ Sur/Destino),78400,Lleida-Pirineus,79400,Barcelona-Estació De França,21,Lleida-Pirineus > Puigverd De Lleida-Artesa De Lleida > Juneda > Les Borges Blanques > La Floresta > Vinaixa > Vimbodí > L'espluga De Francolí > Montblanc > Vilaverd > La Riba > La Plana-Picamoixons > Valls > Nulles-Bràfim > Vilabella > Salomó > Roda De Mar > Sant Vicenç De Calders > Barcelona-Sants > Barcelona-Passeig De Gracia > Barcelona-Estació De França
2026-04-23,15043,MD,Media Distancia,Área Nordeste,REG.EXP.,Impar (↑ Norte/Origen),79400,Barcelona-Estació De França,78400,Lleida-Pirineus,16,Barcelona-Estació De França > Barcelona-Passeig De Gracia > Barcelona-Sants > Sant Vicenç De Calders > Roda De Mar > Salomó > Nulles-Bràfim > Valls > La Plana-Picamoixons > Montblanc > L'espluga De Francolí > Vimbodí > Vinaixa > Les Borges Blanques > Juneda > Lleida-Pirineus
2026-04-23,15044,MD,Media Distancia,Área Nordeste,REG.EXP.,Par (↓ Sur/Destino),78400,Lleida-Pirineus,79400,Barcelona-Estació De França,16,Lleida-Pirineus > Juneda > Les Borges Blanques > Vinaixa > Vimbodí > L'espluga De Francolí > Montblanc > La Plana-Picamoixons > Valls > Nulles-Bràfim > Salomó > Roda De Mar > Sant Vicenç De Calders > Barcelona-Sants > Barcelona-Passeig De Gracia > Barcelona-Estació De França
2026-04-23,15045,MD,Media Distancia,Área Nordeste,REG.EXP.,Impar (↑ Norte/Origen),79400,Barcelona-Estació De França,78400,Lleida-Pirineus,21,Barcelona-Estació De França > Barcelona-Passeig De Gracia > Barcelona-Sants > Sant Vicenç De Calders > Roda De Mar > Salomó > Vilabella > Nulles-Bràfim > Valls > La Plana-Picamoixons > La Riba > Vilaverd > Montblanc > L'espluga De Francolí > Vimbodí > Vinaixa > La Floresta > Les Borges Blanques > Juneda > Puigverd De Lleida-Artesa De Lleida > Lleida-Pirineus
2026-04-23,15046,MD,Media Distancia,Área Nordeste,REG.EXP.,Par (↓ Sur/Destino),78400,Lleida-Pirineus,79400,Barcelona-Estació De França,16,Lleida-Pirineus > Juneda > Les Borges Blanques > Vinaixa > Vimbodí > L'espluga De Francolí > Montblanc > La Plana-Picamoixons > Valls > Nulles-Bràfim > Salomó > Roda De Mar > Sant Vicenç De Calders > Barcelona-Sants > Barcelona-Passeig De Gracia > Barcelona-Estació De França
2026-04-23,15047,MD,Media Distancia,Área Nordeste,REG.EXP.,Impar (↑ Norte/Origen),79400,Barcelona-Estació De França,78400,Lleida-Pirineus,14,Barcelona-Estació De França > Barcelona-Passeig De Gracia > Barcelona-Sants > Sant Vicenç De Calders > Roda De Mar > Valls > La Plana-Picamoixons > Montblanc > L'espluga De Francolí > Vimbodí > Vinaixa > Les Borges Blanques > Juneda > Lleida-Pirineus
2026-04-23,15050,MD,Media Distancia,Área Nordeste,REG.EXP.,Par (↓ Sur/Destino),73100,La Plana-Picamoixons,79400,Barcelona-Estació De França,12,La Plana-Picamoixons > Alcover > La Selva Del Camp > Reus > Vila-Seca > Tarragona > Altafulla-Tamarit > Torredembarra > Sant Vicenç De Calders > Barcelona-Sants > Barcelona-Passeig De Gracia > Barcelona-Estació De França
2026-04-23,15051,MD,Media Distancia,Área Nordeste,REGIONAL,Impar (↑ Norte/Origen),71500,Tarragona,78400,Lleida-Pirineus,17,Tarragona > Vila-Seca > Reus > La Selva Del Camp > Alcover > La Plana-Picamoixons > La Riba > Vilaverd > Montblanc > L'espluga De Francolí > Vimbodí > Vinaixa > La Floresta > Les Borges Blanques > Juneda > Puigverd De Lleida-Artesa De Lleida > Lleida-Pirineus
2026-04-23,15052,MD,Media Distancia,Área Nordeste,REG.EXP.,Par (↓ Sur/Destino),78400,Lleida-Pirineus,79400,Barcelona-Estació De França,23,Lleida-Pirineus > Puigverd De Lleida-Artesa De Lleida > Juneda > Les Borges Blanques > La Floresta > Vinaixa > Vimbodí > L'espluga De Francolí > Montblanc > Vilaverd > La Riba > La Plana-Picamoixons > Alcover > La Selva Del Camp > Reus > Vila-Seca > Tarragona > Altafulla-Tamarit > Torredembarra > Sant Vicenç De Calders > Barcelona-Sants > Barcelona-Passeig De Gracia > Barcelona-Estació De França
2026-04-23,15053,MD,Media Distancia,Área Nordeste,REG.EXP.,Impar (↑ Norte/Origen),79400,Barcelona-Estació De França,78400,Lleida-Pirineus,23,Barcelona-Estació De França > Barcelona-Passeig De Gracia > Barcelona-Sants > Sant Vicenç De Calders > Torredembarra > Altafulla-Tamarit > Tarragona > Vila-Seca > Reus > La Selva Del Camp > Alcover > La Plana-Picamoixons > La Riba > Vilaverd > Montblanc > L'espluga De Francolí > Vimbodí > Vinaixa > La Floresta > Les Borges Blanques > Juneda > Puigverd De Lleida-Artesa De Lleida > Lleida-Pirineus
2026-04-23,15054,MD,Media Distancia,Área Nordeste,REG.EXP.,Par (↓ Sur/Destino),78400,Lleida-Pirineus,71500,Tarragona,17,Lleida-Pirineus > Puigverd De Lleida-Artesa De Lleida > Juneda > Les Borges Blanques > La Floresta > Vinaixa > Vimbodí > L'espluga De Francolí > Montblanc > Vilaverd > La Riba > La Plana-Picamoixons > Alcover > La Selva Del Camp > Reus > Vila-Seca > Tarragona
2026-04-23,15055,MD,Media Distancia,Área Nordeste,REGIONAL,Impar (↑ Norte/Origen),79400,Barcelona-Estació De França,73100,La Plana-Picamoixons,12,Barcelona-Estació De França > Barcelona-Passeig De Gracia > Barcelona-Sants > Sant Vicenç De Calders > Torredembarra > Altafulla-Tamarit > Tarragona > Vila-Seca > Reus > La Selva Del Camp > Alcover > La Plana-Picamoixons
2026-04-23,15060,MD,Media Distancia,Área Nordeste,REG.EXP.,Par (↓ Sur/Destino),65411,Salou - Port Aventura,79400,Barcelona-Estació De França,9,Salou - Port Aventura > Tarragona > Altafulla-Tamarit > Torredembarra > Sant Vicenç De Calders > Vilanova I La Geltrú > Barcelona-Sants > Barcelona-Passeig De Gracia > Barcelona-Estació De França
2026-04-23,15061,MD,Media Distancia,Área Nordeste,REG.EXP.,Impar (↑ Norte/Origen),79400,Barcelona-Estació De França,65411,Salou - Port Aventura,9,Barcelona-Estació De França > Barcelona-Passeig De Gracia > Barcelona-Sants > Vilanova I La Geltrú > Sant Vicenç De Calders > Torredembarra > Altafulla-Tamarit > Tarragona > Salou - Port Aventura
2026-04-23,15062,MD,Media Distancia,Área Nordeste,REG.EXP.,Par (↓ Sur/Destino),65411,Salou - Port Aventura,79400,Barcelona-Estació De França,9,Salou - Port Aventura > Tarragona > Altafulla-Tamarit > Torredembarra > Sant Vicenç De Calders > Vilanova I La Geltrú > Barcelona-Sants > Barcelona-Passeig De Gracia > Barcelona-Estació De França
2026-04-23,15063,MD,Media Distancia,Área Nordeste,REG.EXP.,Impar (↑ Norte/Origen),79400,Barcelona-Estació De França,65411,Salou - Port Aventura,9,Barcelona-Estació De França > Barcelona-Passeig De Gracia > Barcelona-Sants > Vilanova I La Geltrú > Sant Vicenç De Calders > Torredembarra > Altafulla-Tamarit > Tarragona > Salou - Port Aventura
2026-04-23,15064,MD,Media Distancia,Área Nordeste,REG.EXP.,Par (↓ Sur/Destino),65411,Salou - Port Aventura,79400,Barcelona-Estació De França,9,Salou - Port Aventura > Tarragona > Altafulla-Tamarit > Torredembarra > Sant Vicenç De Calders > Vilanova I La Geltrú > Barcelona-Sants > Barcelona-Passeig De Gracia > Barcelona-Estació De França
2026-04-23,15065,MD,Media Distancia,Área Nordeste,REG.EXP.,Impar (↑ Norte/Origen),79400,Barcelona-Estació De França,65411,Salou - Port Aventura,9,Barcelona-Estació De França > Barcelona-Passeig De Gracia > Barcelona-Sants > Vilanova I La Geltrú > Sant Vicenç De Calders > Torredembarra > Altafulla-Tamarit > Tarragona > Salou - Port Aventura
2026-04-23,15210,MD,Media Distancia,Área Nordeste,REGIONAL,Par (↓ Sur/Destino),65411,Salou - Port Aventura,71500,Tarragona,2,Salou - Port Aventura > Tarragona
2026-04-23,15211,MD,Media Distancia,Área Nordeste,REGIONAL,Impar (↑ Norte/Origen),71500,Tarragona,65411,Salou - Port Aventura,2,Tarragona > Salou - Port Aventura
2026-04-23,15212,MD,Media Distancia,Área Nordeste,REGIONAL,Par (↓ Sur/Destino),65411,Salou - Port Aventura,71500,Tarragona,2,Salou - Port Aventura > Tarragona
2026-04-23,15213,MD,Media Distancia,Área Nordeste,REGIONAL,Impar (↑ Norte/Origen),71500,Tarragona,65411,Salou - Port Aventura,2,Tarragona > Salou - Port Aventura
2026-04-23,15214,MD,Media Distancia,Área Nordeste,REGIONAL,Par (↓ Sur/Destino),65411,Salou - Port Aventura,71500,Tarragona,2,Salou - Port Aventura > Tarragona
2026-04-23,15215,MD,Media Distancia,Área Nordeste,REGIONAL,Impar (↑ Norte/Origen),71500,Tarragona,65411,Salou - Port Aventura,2,Tarragona > Salou - Port Aventura
2026-04-23,15216,MD,Media Distancia,Área Nordeste,REGIONAL,Par (↓ Sur/Destino),65411,Salou - Port Aventura,71500,Tarragona,2,Salou - Port Aventura > Tarragona
2026-04-23,15217,MD,Media Distancia,Área Nordeste,REGIONAL,Impar (↑ Norte/Origen),71500,Tarragona,65411,Salou - Port Aventura,2,Tarragona > Salou - Port Aventura
2026-04-23,15218,MD,Media Distancia,Área Nordeste,REGIONAL,Par (↓ Sur/Destino),65411,Salou - Port Aventura,71500,Tarragona,2,Salou - Port Aventura > Tarragona
2026-04-23,15219,MD,Media Distancia,Área Nordeste,REGIONAL,Impar (↑ Norte/Origen),71500,Tarragona,65411,Salou - Port Aventura,2,Tarragona > Salou - Port Aventura
2026-04-23,15220,MD,Media Distancia,Área Nordeste,REGIONAL,Par (↓ Sur/Destino),65411,Salou - Port Aventura,71500,Tarragona,2,Salou - Port Aventura > Tarragona
2026-04-23,15221,MD,Media Distancia,Área Nordeste,REGIONAL,Impar (↑ Norte/Origen),71500,Tarragona,65411,Salou - Port Aventura,2,Tarragona > Salou - Port Aventura
2026-04-23,15222,MD,Media Distancia,Área Nordeste,REGIONAL,Par (↓ Sur/Destino),65411,Salou - Port Aventura,71500,Tarragona,2,Salou - Port Aventura > Tarragona
2026-04-23,15223,MD,Media Distancia,Área Nordeste,REGIONAL,Impar (↑ Norte/Origen),71500,Tarragona,65411,Salou - Port Aventura,2,Tarragona > Salou - Port Aventura
2026-04-23,15224,MD,Media Distancia,Área Nordeste,REGIONAL,Par (↓ Sur/Destino),65411,Salou - Port Aventura,71500,Tarragona,2,Salou - Port Aventura > Tarragona
2026-04-23,15225,MD,Media Distancia,Área Nordeste,REGIONAL,Impar (↑ Norte/Origen),71500,Tarragona,65411,Salou - Port Aventura,2,Tarragona > Salou - Port Aventura
2026-04-23,15308,MD,Media Distancia,Área Nordeste,REGIONAL,Par (↓ Sur/Destino),04040,Zaragoza-Delicias,71300,Móra La Nova,18,Zaragoza-Delicias > Zaragoza Portillo > Zaragoza Goya > Zaragoza Miraflores > Fuentes De Ebro > Quinto > La Zaida-Sástago > La Puebla De Híjar > Samper > Caspe > Val De Pilas > Fabara > Nonaspe > Faió-La Pobla De Massaluca (fayón) > Riba-Roja D'ebre > Flix > Ascó > Móra La Nova
2026-04-23,15309,MD,Media Distancia,Área Nordeste,REGIONAL,Impar (↑ Norte/Origen),71300,Móra La Nova,04040,Zaragoza-Delicias,18,Móra La Nova > Ascó > Flix > Riba-Roja D'ebre > Faió-La Pobla De Massaluca (fayón) > Nonaspe > Fabara > Val De Pilas > Caspe > Samper > La Puebla De Híjar > La Zaida-Sástago > Quinto > Fuentes De Ebro > Zaragoza Miraflores > Zaragoza Goya > Zaragoza Portillo > Zaragoza-Delicias
2026-04-23,15311,MD,Media Distancia,Área Nordeste,REGIONAL,Impar (↑ Norte/Origen),71300,Móra La Nova,04040,Zaragoza-Delicias,18,Móra La Nova > Ascó > Flix > Riba-Roja D'ebre > Faió-La Pobla De Massaluca (fayón) > Nonaspe > Fabara > Val De Pilas > Caspe > Samper > La Puebla De Híjar > La Zaida-Sástago > Quinto > Fuentes De Ebro > Zaragoza Miraflores > Zaragoza Goya > Zaragoza Portillo > Zaragoza-Delicias
2026-04-23,15506,MD,Media Distancia,Área Nordeste,REG.EXP.,Par (↓ Sur/Destino),04040,Zaragoza-Delicias,78400,Lleida-Pirineus,10,Zaragoza-Delicias > Zaragoza Portillo > Zaragoza Goya > Zaragoza Miraflores > Tardienta > Grañen > Sariñena > Monzon-Rio Cinca > Binefar > Lleida-Pirineus
2026-04-23,15507,MD,Media Distancia,Área Nordeste,REGIONAL,Impar (↑ Norte/Origen),78400,Lleida-Pirineus,04040,Zaragoza-Delicias,11,Lleida-Pirineus > Binefar > Monzon-Rio Cinca > Sariñena > Grañen > Tardienta > Villanueva De Gállego > Zaragoza Miraflores > Zaragoza Goya > Zaragoza Portillo > Zaragoza-Delicias
2026-04-23,15509,MD,Media Distancia,Área Nordeste,REGIONAL,Impar (↑ Norte/Origen),78400,Lleida-Pirineus,04040,Zaragoza-Delicias,11,Lleida-Pirineus > Binefar > Monzon-Rio Cinca > Sariñena > Grañen > Tardienta > Villanueva De Gállego > Zaragoza Miraflores > Zaragoza Goya > Zaragoza Portillo > Zaragoza-Delicias
2026-04-23,15510,MD,Media Distancia,Área Nordeste,REG.EXP.,Par (↓ Sur/Destino),04040,Zaragoza-Delicias,78400,Lleida-Pirineus,10,Zaragoza-Delicias > Zaragoza Portillo > Zaragoza Goya > Zaragoza Miraflores > Tardienta > Grañen > Sariñena > Monzon-Rio Cinca > Binefar > Lleida-Pirineus
2026-04-23,15550,MD,Media Distancia,Área Nordeste,REG.EXP.,Par (↓ Sur/Destino),04040,Zaragoza-Delicias,78400,Lleida-Pirineus,10,Zaragoza-Delicias > Zaragoza Portillo > Zaragoza Goya > Zaragoza Miraflores > Tardienta > Grañen > Sariñena > Monzon-Rio Cinca > Binefar > Lleida-Pirineus
2026-04-23,15609,MD,Media Distancia,Área Nordeste,REGIONAL,Impar (↑ Norte/Origen),78500,Cervera,78400,Lleida-Pirineus,9,Cervera > Tàrrega > Anglesola > Bellpuig > Castellnou De Seana > Golmés > Mollerussa > Bell-Lloc D'urgell > Lleida-Pirineus
2026-04-23,15610,MD,Media Distancia,Área Nordeste,REGIONAL,Par (↓ Sur/Destino),78400,Lleida-Pirineus,78500,Cervera,9,Lleida-Pirineus > Bell-Lloc D'urgell > Mollerussa > Golmés > Castellnou De Seana > Bellpuig > Anglesola > Tàrrega > Cervera
2026-04-23,15613,MD,Media Distancia,Área Nordeste,REGIONAL,Impar (↑ Norte/Origen),78500,Cervera,78400,Lleida-Pirineus,9,Cervera > Tàrrega > Anglesola > Bellpuig > Castellnou De Seana > Golmés > Mollerussa > Bell-Lloc D'urgell > Lleida-Pirineus
2026-04-23,15620,MD,Media Distancia,Área Nordeste,REGIONAL,Par (↓ Sur/Destino),78400,Lleida-Pirineus,78700,Terrassa Estacio Nord,18,Lleida-Pirineus > Bell-Lloc D'urgell > Mollerussa > Golmés > Castellnou De Seana > Bellpuig > Anglesola > Tàrrega > Cervera > Sant Guim De Freixenet > Sant Martí Sesgueioles > Calaf > Seguers-Sant Pere Sallavinera > Aguilar De Segarra > Rajadell > Manresa > Sant Vicenç De Castellet > Terrassa Estacio Nord
2026-04-23,15621,MD,Media Distancia,Área Nordeste,REGIONAL,Impar (↑ Norte/Origen),78500,Cervera,78400,Lleida-Pirineus,9,Cervera > Tàrrega > Anglesola > Bellpuig > Castellnou De Seana > Golmés > Mollerussa > Bell-Lloc D'urgell > Lleida-Pirineus
2026-04-23,15622,MD,Media Distancia,Área Nordeste,REGIONAL,Par (↓ Sur/Destino),78400,Lleida-Pirineus,78700,Terrassa Estacio Nord,18,Lleida-Pirineus > Bell-Lloc D'urgell > Mollerussa > Golmés > Castellnou De Seana > Bellpuig > Anglesola > Tàrrega > Cervera > Sant Guim De Freixenet > Sant Martí Sesgueioles > Calaf > Seguers-Sant Pere Sallavinera > Aguilar De Segarra > Rajadell > Manresa > Sant Vicenç De Castellet > Terrassa Estacio Nord
2026-04-23,15623,MD,Media Distancia,Área Nordeste,REGIONAL,Impar (↑ Norte/Origen),78700,Terrassa Estacio Nord,78400,Lleida-Pirineus,18,Terrassa Estacio Nord > Sant Vicenç De Castellet > Manresa > Rajadell > Aguilar De Segarra > Seguers-Sant Pere Sallavinera > Calaf > Sant Martí Sesgueioles > Sant Guim De Freixenet > Cervera > Tàrrega > Anglesola > Bellpuig > Castellnou De Seana > Golmés > Mollerussa > Bell-Lloc D'urgell > Lleida-Pirineus
2026-04-23,15624,MD,Media Distancia,Área Nordeste,REGIONAL,Par (↓ Sur/Destino),78400,Lleida-Pirineus,78700,Terrassa Estacio Nord,18,Lleida-Pirineus > Bell-Lloc D'urgell > Mollerussa > Golmés > Castellnou De Seana > Bellpuig > Anglesola > Tàrrega > Cervera > Sant Guim De Freixenet > Sant Martí Sesgueioles > Calaf > Seguers-Sant Pere Sallavinera > Aguilar De Segarra > Rajadell > Manresa > Sant Vicenç De Castellet > Terrassa Estacio Nord
2026-04-23,15625,MD,Media Distancia,Área Nordeste,REGIONAL,Impar (↑ Norte/Origen),78700,Terrassa Estacio Nord,78400,Lleida-Pirineus,18,Terrassa Estacio Nord > Sant Vicenç De Castellet > Manresa > Rajadell > Aguilar De Segarra > Seguers-Sant Pere Sallavinera > Calaf > Sant Martí Sesgueioles > Sant Guim De Freixenet > Cervera > Tàrrega > Anglesola > Bellpuig > Castellnou De Seana > Golmés > Mollerussa > Bell-Lloc D'urgell > Lleida-Pirineus
2026-04-23,15626,MD,Media Distancia,Área Nordeste,REGIONAL,Par (↓ Sur/Destino),78400,Lleida-Pirineus,78700,Terrassa Estacio Nord,18,Lleida-Pirineus > Bell-Lloc D'urgell > Mollerussa > Golmés > Castellnou De Seana > Bellpuig > Anglesola > Tàrrega > Cervera > Sant Guim De Freixenet > Sant Martí Sesgueioles > Calaf > Seguers-Sant Pere Sallavinera > Aguilar De Segarra > Rajadell > Manresa > Sant Vicenç De Castellet > Terrassa Estacio Nord
2026-04-23,15627,MD,Media Distancia,Área Nordeste,REGIONAL,Impar (↑ Norte/Origen),78700,Terrassa Estacio Nord,78400,Lleida-Pirineus,18,Terrassa Estacio Nord > Sant Vicenç De Castellet > Manresa > Rajadell > Aguilar De Segarra > Seguers-Sant Pere Sallavinera > Calaf > Sant Martí Sesgueioles > Sant Guim De Freixenet > Cervera > Tàrrega > Anglesola > Bellpuig > Castellnou De Seana > Golmés > Mollerussa > Bell-Lloc D'urgell > Lleida-Pirineus
2026-04-23,15628,MD,Media Distancia,Área Nordeste,REGIONAL,Par (↓ Sur/Destino),78400,Lleida-Pirineus,78700,Terrassa Estacio Nord,18,Lleida-Pirineus > Bell-Lloc D'urgell > Mollerussa > Golmés > Castellnou De Seana > Bellpuig > Anglesola > Tàrrega > Cervera > Sant Guim De Freixenet > Sant Martí Sesgueioles > Calaf > Seguers-Sant Pere Sallavinera > Aguilar De Segarra > Rajadell > Manresa > Sant Vicenç De Castellet > Terrassa Estacio Nord
2026-04-23,15629,MD,Media Distancia,Área Nordeste,REGIONAL,Impar (↑ Norte/Origen),78700,Terrassa Estacio Nord,78400,Lleida-Pirineus,18,Terrassa Estacio Nord > Sant Vicenç De Castellet > Manresa > Rajadell > Aguilar De Segarra > Seguers-Sant Pere Sallavinera > Calaf > Sant Martí Sesgueioles > Sant Guim De Freixenet > Cervera > Tàrrega > Anglesola > Bellpuig > Castellnou De Seana > Golmés > Mollerussa > Bell-Lloc D'urgell > Lleida-Pirineus
2026-04-23,15630,MD,Media Distancia,Área Nordeste,REGIONAL,Par (↓ Sur/Destino),78400,Lleida-Pirineus,78500,Cervera,9,Lleida-Pirineus > Bell-Lloc D'urgell > Mollerussa > Golmés > Castellnou De Seana > Bellpuig > Anglesola > Tàrrega > Cervera
2026-04-23,15631,MD,Media Distancia,Área Nordeste,REGIONAL,Impar (↑ Norte/Origen),78700,Terrassa Estacio Nord,78400,Lleida-Pirineus,18,Terrassa Estacio Nord > Sant Vicenç De Castellet > Manresa > Rajadell > Aguilar De Segarra > Seguers-Sant Pere Sallavinera > Calaf > Sant Martí Sesgueioles > Sant Guim De Freixenet > Cervera > Tàrrega > Anglesola > Bellpuig > Castellnou De Seana > Golmés > Mollerussa > Bell-Lloc D'urgell > Lleida-Pirineus
2026-04-23,15632,MD,Media Distancia,Área Nordeste,REGIONAL,Par (↓ Sur/Destino),78400,Lleida-Pirineus,78500,Cervera,9,Lleida-Pirineus > Bell-Lloc D'urgell > Mollerussa > Golmés > Castellnou De Seana > Bellpuig > Anglesola > Tàrrega > Cervera
2026-04-23,15632,MD,Media Distancia,Área Nordeste,REGIONAL,Par (↓ Sur/Destino),78400,Lleida-Pirineus,78700,Terrassa Estacio Nord,18,Lleida-Pirineus > Bell-Lloc D'urgell > Mollerussa > Golmés > Castellnou De Seana > Bellpuig > Anglesola > Tàrrega > Cervera > Sant Guim De Freixenet > Sant Martí Sesgueioles > Calaf > Seguers-Sant Pere Sallavinera > Aguilar De Segarra > Rajadell > Manresa > Sant Vicenç De Castellet > Terrassa Estacio Nord
2026-04-23,15633,MD,Media Distancia,Área Nordeste,REGIONAL,Impar (↑ Norte/Origen),78500,Cervera,78400,Lleida-Pirineus,9,Cervera > Tàrrega > Anglesola > Bellpuig > Castellnou De Seana > Golmés > Mollerussa > Bell-Lloc D'urgell > Lleida-Pirineus
2026-04-23,15633,MD,Media Distancia,Área Nordeste,REGIONAL,Impar (↑ Norte/Origen),78700,Terrassa Estacio Nord,78400,Lleida-Pirineus,18,Terrassa Estacio Nord > Sant Vicenç De Castellet > Manresa > Rajadell > Aguilar De Segarra > Seguers-Sant Pere Sallavinera > Calaf > Sant Martí Sesgueioles > Sant Guim De Freixenet > Cervera > Tàrrega > Anglesola > Bellpuig > Castellnou De Seana > Golmés > Mollerussa > Bell-Lloc D'urgell > Lleida-Pirineus
2026-04-23,15634,MD,Media Distancia,Área Nordeste,REGIONAL,Par (↓ Sur/Destino),78400,Lleida-Pirineus,78500,Cervera,9,Lleida-Pirineus > Bell-Lloc D'urgell > Mollerussa > Golmés > Castellnou De Seana > Bellpuig > Anglesola > Tàrrega > Cervera
2026-04-23,15634,MD,Media Distancia,Área Nordeste,REGIONAL,Par (↓ Sur/Destino),78400,Lleida-Pirineus,78700,Terrassa Estacio Nord,18,Lleida-Pirineus > Bell-Lloc D'urgell > Mollerussa > Golmés > Castellnou De Seana > Bellpuig > Anglesola > Tàrrega > Cervera > Sant Guim De Freixenet > Sant Martí Sesgueioles > Calaf > Seguers-Sant Pere Sallavinera > Aguilar De Segarra > Rajadell > Manresa > Sant Vicenç De Castellet > Terrassa Estacio Nord
2026-04-23,15635,MD,Media Distancia,Área Nordeste,REGIONAL,Impar (↑ Norte/Origen),78500,Cervera,78400,Lleida-Pirineus,9,Cervera > Tàrrega > Anglesola > Bellpuig > Castellnou De Seana > Golmés > Mollerussa > Bell-Lloc D'urgell > Lleida-Pirineus
2026-04-23,15635,MD,Media Distancia,Área Nordeste,REGIONAL,Impar (↑ Norte/Origen),78700,Terrassa Estacio Nord,78400,Lleida-Pirineus,18,Terrassa Estacio Nord > Sant Vicenç De Castellet > Manresa > Rajadell > Aguilar De Segarra > Seguers-Sant Pere Sallavinera > Calaf > Sant Martí Sesgueioles > Sant Guim De Freixenet > Cervera > Tàrrega > Anglesola > Bellpuig > Castellnou De Seana > Golmés > Mollerussa > Bell-Lloc D'urgell > Lleida-Pirineus
2026-04-23,15636,MD,Media Distancia,Área Nordeste,REGIONAL,Par (↓ Sur/Destino),78400,Lleida-Pirineus,78500,Cervera,9,Lleida-Pirineus > Bell-Lloc D'urgell > Mollerussa > Golmés > Castellnou De Seana > Bellpuig > Anglesola > Tàrrega > Cervera
2026-04-23,15638,MD,Media Distancia,Área Nordeste,REGIONAL,Par (↓ Sur/Destino),78400,Lleida-Pirineus,78500,Cervera,9,Lleida-Pirineus > Bell-Lloc D'urgell > Mollerussa > Golmés > Castellnou De Seana > Bellpuig > Anglesola > Tàrrega > Cervera
2026-04-23,15639,MD,Media Distancia,Área Nordeste,REGIONAL,Impar (↑ Norte/Origen),78500,Cervera,78400,Lleida-Pirineus,9,Cervera > Tàrrega > Anglesola > Bellpuig > Castellnou De Seana > Golmés > Mollerussa > Bell-Lloc D'urgell > Lleida-Pirineus
2026-04-23,15640,MD,Media Distancia,Área Nordeste,REGIONAL,Par (↓ Sur/Destino),04040,Zaragoza-Delicias,74217,Canfranc,17,Zaragoza-Delicias > Zaragoza Portillo > Zaragoza Goya > Zaragoza Miraflores > Villanueva De Gállego > Tardienta > Huesca > Ayerbe > Riglos > Santa María Y La Peña > Anzánigo > Caldearenas-Aquilué > Sabiñánigo > Jaca > Castiello-Pueblo > Villanúa-Letranz > Canfranc
2026-04-23,15642,MD,Media Distancia,Área Nordeste,REGIONAL,Par (↓ Sur/Destino),04040,Zaragoza-Delicias,74217,Canfranc,17,Zaragoza-Delicias > Zaragoza Portillo > Zaragoza Goya > Zaragoza Miraflores > Villanueva De Gállego > Tardienta > Huesca > Ayerbe > Riglos > Santa María Y La Peña > Anzánigo > Caldearenas-Aquilué > Sabiñánigo > Jaca > Castiello-Pueblo > Villanúa-Letranz > Canfranc
2026-04-23,15645,MD,Media Distancia,Área Nordeste,REGIONAL,Impar (↑ Norte/Origen),74217,Canfranc,04040,Zaragoza-Delicias,17,Canfranc > Villanúa-Letranz > Castiello-Pueblo > Jaca > Sabiñánigo > Caldearenas-Aquilué > Anzánigo > Santa María Y La Peña > Riglos > Ayerbe > Huesca > Tardienta > Villanueva De Gállego > Zaragoza Miraflores > Zaragoza Goya > Zaragoza Portillo > Zaragoza-Delicias
2026-04-23,15646,MD,Media Distancia,Área Nordeste,REGIONAL,Par (↓ Sur/Destino),04040,Zaragoza-Delicias,74200,Huesca,6,Zaragoza-Delicias > Zaragoza Portillo > Zaragoza Goya > Zaragoza Miraflores > Tardienta > Huesca
2026-04-23,15648,MD,Media Distancia,Área Nordeste,REGIONAL,Par (↓ Sur/Destino),04040,Zaragoza-Delicias,74217,Canfranc,17,Zaragoza-Delicias > Zaragoza Portillo > Zaragoza Goya > Zaragoza Miraflores > Villanueva De Gállego > Tardienta > Huesca > Ayerbe > Riglos > Santa María Y La Peña > Anzánigo > Caldearenas-Aquilué > Sabiñánigo > Jaca > Castiello-Pueblo > Villanúa-Letranz > Canfranc
2026-04-23,15650,MD,Media Distancia,Área Nordeste,REG.EXP.,Par (↓ Sur/Destino),04040,Zaragoza-Delicias,78302,Binefar,9,Zaragoza-Delicias > Zaragoza Portillo > Zaragoza Goya > Zaragoza Miraflores > Tardienta > Grañen > Sariñena > Monzon-Rio Cinca > Binefar
2026-04-23,15653,MD,Media Distancia,Área Nordeste,REGIONAL,Impar (↑ Norte/Origen),74217,Canfranc,04040,Zaragoza-Delicias,17,Canfranc > Villanúa-Letranz > Castiello-Pueblo > Jaca > Sabiñánigo > Caldearenas-Aquilué > Anzánigo > Santa María Y La Peña > Riglos > Ayerbe > Huesca > Tardienta > Villanueva De Gállego > Zaragoza Miraflores > Zaragoza Goya > Zaragoza Portillo > Zaragoza-Delicias
2026-04-23,15655,MD,Media Distancia,Área Nordeste,REGIONAL,Impar (↑ Norte/Origen),74217,Canfranc,04040,Zaragoza-Delicias,17,Canfranc > Villanúa-Letranz > Castiello-Pueblo > Jaca > Sabiñánigo > Caldearenas-Aquilué > Anzánigo > Santa María Y La Peña > Riglos > Ayerbe > Huesca > Tardienta > Villanueva De Gállego > Zaragoza Miraflores > Zaragoza Goya > Zaragoza Portillo > Zaragoza-Delicias
2026-04-23,15657,MD,Media Distancia,Área Nordeste,REG.EXP.,Impar (↑ Norte/Origen),78302,Binefar,04040,Zaragoza-Delicias,9,Binefar > Monzon-Rio Cinca > Sariñena > Grañen > Tardienta > Zaragoza Miraflores > Zaragoza Goya > Zaragoza Portillo > Zaragoza-Delicias
2026-04-23,15657,MD,Media Distancia,Área Nordeste,REG.EXP.,Impar (↑ Norte/Origen),78400,Lleida-Pirineus,04040,Zaragoza-Delicias,10,Lleida-Pirineus > Binefar > Monzon-Rio Cinca > Sariñena > Grañen > Tardienta > Zaragoza Miraflores > Zaragoza Goya > Zaragoza Portillo > Zaragoza-Delicias
2026-04-23,15659,MD,Media Distancia,Área Nordeste,REGIONAL,Impar (↑ Norte/Origen),74200,Huesca,04040,Zaragoza-Delicias,6,Huesca > Tardienta > Zaragoza Miraflores > Zaragoza Goya > Zaragoza Portillo > Zaragoza-Delicias
2026-04-23,15700,MD,Media Distancia,Área Nordeste,MD,Par (↓ Sur/Destino),71801,Barcelona-Sants,79300,Girona,8,Barcelona-Sants > Barcelona-Passeig De Gracia > Barcelona-El Clot > Sant Celoni > Maçanet-Massanes > Sils > Caldes De Malavella > Girona
2026-04-23,15702,MD,Media Distancia,Área Nordeste,MD,Par (↓ Sur/Destino),71801,Barcelona-Sants,79300,Girona,8,Barcelona-Sants > Barcelona-Passeig De Gracia > Barcelona-El Clot > Sant Celoni > Maçanet-Massanes > Sils > Caldes De Malavella > Girona
2026-04-23,15710,MD,Media Distancia,Área Nordeste,MD,Par (↓ Sur/Destino),79300,Girona,71801,Barcelona-Sants,8,Girona > Caldes De Malavella > Sils > Maçanet-Massanes > Sant Celoni > Barcelona-El Clot > Barcelona-Passeig De Gracia > Barcelona-Sants
2026-04-23,15720,MD,Media Distancia,Área Nordeste,MD,Par (↓ Sur/Destino),71801,Barcelona-Sants,79309,Figueres,10,Barcelona-Sants > Barcelona-Passeig De Gracia > Barcelona-El Clot > Sant Celoni > Maçanet-Massanes > Sils > Caldes De Malavella > Girona > Flaçà > Figueres
2026-04-23,15722,MD,Media Distancia,Área Nordeste,MD,Par (↓ Sur/Destino),71801,Barcelona-Sants,79309,Figueres,10,Barcelona-Sants > Barcelona-Passeig De Gracia > Barcelona-El Clot > Sant Celoni > Maçanet-Massanes > Sils > Caldes De Malavella > Girona > Flaçà > Figueres
2026-04-23,15724,MD,Media Distancia,Área Nordeste,MD,Par (↓ Sur/Destino),71801,Barcelona-Sants,79309,Figueres,10,Barcelona-Sants > Barcelona-Passeig De Gracia > Barcelona-El Clot > Sant Celoni > Maçanet-Massanes > Sils > Caldes De Malavella > Girona > Flaçà > Figueres
2026-04-23,15726,MD,Media Distancia,Área Nordeste,MD,Par (↓ Sur/Destino),71801,Barcelona-Sants,79309,Figueres,10,Barcelona-Sants > Barcelona-Passeig De Gracia > Barcelona-El Clot > Sant Celoni > Maçanet-Massanes > Sils > Caldes De Malavella > Girona > Flaçà > Figueres
2026-04-23,15728,MD,Media Distancia,Área Nordeste,MD,Par (↓ Sur/Destino),71801,Barcelona-Sants,79309,Figueres,10,Barcelona-Sants > Barcelona-Passeig De Gracia > Barcelona-El Clot > Sant Celoni > Maçanet-Massanes > Sils > Caldes De Malavella > Girona > Flaçà > Figueres
2026-04-23,15730,MD,Media Distancia,Área Nordeste,MD,Par (↓ Sur/Destino),71801,Barcelona-Sants,79309,Figueres,10,Barcelona-Sants > Barcelona-Passeig De Gracia > Barcelona-El Clot > Sant Celoni > Maçanet-Massanes > Sils > Caldes De Malavella > Girona > Flaçà > Figueres
2026-04-23,15732,MD,Media Distancia,Área Nordeste,MD,Par (↓ Sur/Destino),71801,Barcelona-Sants,79309,Figueres,10,Barcelona-Sants > Barcelona-Passeig De Gracia > Barcelona-El Clot > Sant Celoni > Maçanet-Massanes > Sils > Caldes De Malavella > Girona > Flaçà > Figueres
2026-04-23,15734,MD,Media Distancia,Área Nordeste,MD,Par (↓ Sur/Destino),71801,Barcelona-Sants,79309,Figueres,10,Barcelona-Sants > Barcelona-Passeig De Gracia > Barcelona-El Clot > Sant Celoni > Maçanet-Massanes > Sils > Caldes De Malavella > Girona > Flaçà > Figueres
2026-04-23,15736,MD,Media Distancia,Área Nordeste,MD,Par (↓ Sur/Destino),71801,Barcelona-Sants,79309,Figueres,10,Barcelona-Sants > Barcelona-Passeig De Gracia > Barcelona-El Clot > Sant Celoni > Maçanet-Massanes > Sils > Caldes De Malavella > Girona > Flaçà > Figueres
2026-04-23,15738,MD,Media Distancia,Área Nordeste,MD,Par (↓ Sur/Destino),71801,Barcelona-Sants,79309,Figueres,10,Barcelona-Sants > Barcelona-Passeig De Gracia > Barcelona-El Clot > Sant Celoni > Maçanet-Massanes > Sils > Caldes De Malavella > Girona > Flaçà > Figueres
2026-04-23,15750,MD,Media Distancia,Área Nordeste,REGIONAL,Par (↓ Sur/Destino),04040,Zaragoza-Delicias,74200,Huesca,6,Zaragoza-Delicias > Zaragoza Portillo > Zaragoza Goya > Zaragoza Miraflores > Tardienta > Huesca
2026-04-23,15751,MD,Media Distancia,Área Nordeste,REGIONAL,Impar (↑ Norte/Origen),74200,Huesca,04040,Zaragoza-Delicias,7,Huesca > Tardienta > Villanueva De Gállego > Zaragoza Miraflores > Zaragoza Goya > Zaragoza Portillo > Zaragoza-Delicias
2026-04-23,15753,MD,Media Distancia,Área Nordeste,REGIONAL,Impar (↑ Norte/Origen),74200,Huesca,04040,Zaragoza-Delicias,7,Huesca > Tardienta > Villanueva De Gállego > Zaragoza Miraflores > Zaragoza Goya > Zaragoza Portillo > Zaragoza-Delicias
2026-04-23,15756,MD,Media Distancia,Área Nordeste,REGIONAL,Par (↓ Sur/Destino),04040,Zaragoza-Delicias,74200,Huesca,7,Zaragoza-Delicias > Zaragoza Portillo > Zaragoza Goya > Zaragoza Miraflores > Villanueva De Gállego > Tardienta > Huesca
2026-04-23,15757,MD,Media Distancia,Área Nordeste,REGIONAL,Impar (↑ Norte/Origen),74200,Huesca,04040,Zaragoza-Delicias,7,Huesca > Tardienta > Villanueva De Gállego > Zaragoza Miraflores > Zaragoza Goya > Zaragoza Portillo > Zaragoza-Delicias
2026-04-23,15758,MD,Media Distancia,Área Nordeste,REGIONAL,Par (↓ Sur/Destino),04040,Zaragoza-Delicias,74200,Huesca,6,Zaragoza-Delicias > Zaragoza Portillo > Zaragoza Goya > Zaragoza Miraflores > Tardienta > Huesca
2026-04-23,15759,MD,Media Distancia,Área Nordeste,REGIONAL,Impar (↑ Norte/Origen),74200,Huesca,04040,Zaragoza-Delicias,7,Huesca > Tardienta > Villanueva De Gállego > Zaragoza Miraflores > Zaragoza Goya > Zaragoza Portillo > Zaragoza-Delicias
2026-04-23,15770,MD,Media Distancia,Área Nordeste,MD,Par (↓ Sur/Destino),79300,Girona,71801,Barcelona-Sants,8,Girona > Caldes De Malavella > Sils > Maçanet-Massanes > Sant Celoni > Barcelona-El Clot > Barcelona-Passeig De Gracia > Barcelona-Sants
2026-04-23,15772,MD,Media Distancia,Área Nordeste,MD,Par (↓ Sur/Destino),79309,Figueres,71801,Barcelona-Sants,10,Figueres > Flaçà > Girona > Caldes De Malavella > Sils > Maçanet-Massanes > Sant Celoni > Barcelona-El Clot > Barcelona-Passeig De Gracia > Barcelona-Sants
2026-04-23,15774,MD,Media Distancia,Área Nordeste,MD,Par (↓ Sur/Destino),79309,Figueres,71801,Barcelona-Sants,10,Figueres > Flaçà > Girona > Caldes De Malavella > Sils > Maçanet-Massanes > Sant Celoni > Barcelona-El Clot > Barcelona-Passeig De Gracia > Barcelona-Sants
2026-04-23,15776,MD,Media Distancia,Área Nordeste,MD,Par (↓ Sur/Destino),79309,Figueres,71801,Barcelona-Sants,10,Figueres > Flaçà > Girona > Caldes De Malavella > Sils > Maçanet-Massanes > Sant Celoni > Barcelona-El Clot > Barcelona-Passeig De Gracia > Barcelona-Sants
2026-04-23,15778,MD,Media Distancia,Área Nordeste,MD,Par (↓ Sur/Destino),79309,Figueres,71801,Barcelona-Sants,10,Figueres > Flaçà > Girona > Caldes De Malavella > Sils > Maçanet-Massanes > Sant Celoni > Barcelona-El Clot > Barcelona-Passeig De Gracia > Barcelona-Sants
2026-04-23,15780,MD,Media Distancia,Área Nordeste,MD,Par (↓ Sur/Destino),79309,Figueres,71801,Barcelona-Sants,10,Figueres > Flaçà > Girona > Caldes De Malavella > Sils > Maçanet-Massanes > Sant Celoni > Barcelona-El Clot > Barcelona-Passeig De Gracia > Barcelona-Sants
2026-04-23,15782,MD,Media Distancia,Área Nordeste,MD,Par (↓ Sur/Destino),79309,Figueres,71801,Barcelona-Sants,10,Figueres > Flaçà > Girona > Caldes De Malavella > Sils > Maçanet-Massanes > Sant Celoni > Barcelona-El Clot > Barcelona-Passeig De Gracia > Barcelona-Sants
2026-04-23,15784,MD,Media Distancia,Área Nordeste,MD,Par (↓ Sur/Destino),79309,Figueres,71801,Barcelona-Sants,10,Figueres > Flaçà > Girona > Caldes De Malavella > Sils > Maçanet-Massanes > Sant Celoni > Barcelona-El Clot > Barcelona-Passeig De Gracia > Barcelona-Sants
2026-04-23,15784,MD,Media Distancia,Área Nordeste,MD,Par (↓ Sur/Destino),79300,Girona,71801,Barcelona-Sants,8,Girona > Caldes De Malavella > Sils > Maçanet-Massanes > Sant Celoni > Barcelona-El Clot > Barcelona-Passeig De Gracia > Barcelona-Sants
2026-04-23,15786,MD,Media Distancia,Área Nordeste,MD,Par (↓ Sur/Destino),79309,Figueres,71801,Barcelona-Sants,10,Figueres > Flaçà > Girona > Caldes De Malavella > Sils > Maçanet-Massanes > Sant Celoni > Barcelona-El Clot > Barcelona-Passeig De Gracia > Barcelona-Sants
2026-04-23,15788,MD,Media Distancia,Área Nordeste,MD,Par (↓ Sur/Destino),79309,Figueres,71801,Barcelona-Sants,10,Figueres > Flaçà > Girona > Caldes De Malavella > Sils > Maçanet-Massanes > Sant Celoni > Barcelona-El Clot > Barcelona-Passeig De Gracia > Barcelona-Sants
2026-04-23,15800,MD,Media Distancia,Área Nordeste,MD,Par (↓ Sur/Destino),71801,Barcelona-Sants,79315,Portbou,12,Barcelona-Sants > Barcelona-Passeig De Gracia > Barcelona-El Clot > Sant Celoni > Maçanet-Massanes > Sils > Caldes De Malavella > Girona > Flaçà > Figueres > Llançà > Portbou
2026-04-23,15802,MD,Media Distancia,Área Nordeste,MD,Par (↓ Sur/Destino),71801,Barcelona-Sants,79315,Portbou,12,Barcelona-Sants > Barcelona-Passeig De Gracia > Barcelona-El Clot > Sant Celoni > Maçanet-Massanes > Sils > Caldes De Malavella > Girona > Flaçà > Figueres > Llançà > Portbou
2026-04-23,15804,MD,Media Distancia,Área Nordeste,MD,Par (↓ Sur/Destino),71801,Barcelona-Sants,79315,Portbou,12,Barcelona-Sants > Barcelona-Passeig De Gracia > Barcelona-El Clot > Sant Celoni > Maçanet-Massanes > Sils > Caldes De Malavella > Girona > Flaçà > Figueres > Llançà > Portbou
2026-04-23,15806,MD,Media Distancia,Área Nordeste,MD,Par (↓ Sur/Destino),71801,Barcelona-Sants,79315,Portbou,12,Barcelona-Sants > Barcelona-Passeig De Gracia > Barcelona-El Clot > Sant Celoni > Maçanet-Massanes > Sils > Caldes De Malavella > Girona > Flaçà > Figueres > Llançà > Portbou
2026-04-23,15808,MD,Media Distancia,Área Nordeste,MD,Par (↓ Sur/Destino),71801,Barcelona-Sants,79315,Portbou,12,Barcelona-Sants > Barcelona-Passeig De Gracia > Barcelona-El Clot > Sant Celoni > Maçanet-Massanes > Sils > Caldes De Malavella > Girona > Flaçà > Figueres > Llançà > Portbou
2026-04-23,15808,MD,Media Distancia,Área Nordeste,MD,Par (↓ Sur/Destino),71801,Barcelona-Sants,79309,Figueres,10,Barcelona-Sants > Barcelona-Passeig De Gracia > Barcelona-El Clot > Sant Celoni > Maçanet-Massanes > Sils > Caldes De Malavella > Girona > Flaçà > Figueres
2026-04-23,15810,MD,Media Distancia,Área Nordeste,MD,Par (↓ Sur/Destino),71801,Barcelona-Sants,79315,Portbou,12,Barcelona-Sants > Barcelona-Passeig De Gracia > Barcelona-El Clot > Sant Celoni > Maçanet-Massanes > Sils > Caldes De Malavella > Girona > Flaçà > Figueres > Llançà > Portbou
2026-04-23,15810,MD,Media Distancia,Área Nordeste,MD,Par (↓ Sur/Destino),71801,Barcelona-Sants,79300,Girona,8,Barcelona-Sants > Barcelona-Passeig De Gracia > Barcelona-El Clot > Sant Celoni > Maçanet-Massanes > Sils > Caldes De Malavella > Girona
2026-04-23,15812,MD,Media Distancia,Área Nordeste,MD,Par (↓ Sur/Destino),71801,Barcelona-Sants,79315,Portbou,12,Barcelona-Sants > Barcelona-Passeig De Gracia > Barcelona-El Clot > Sant Celoni > Maçanet-Massanes > Sils > Caldes De Malavella > Girona > Flaçà > Figueres > Llançà > Portbou
2026-04-23,15812,MD,Media Distancia,Área Nordeste,MD,Par (↓ Sur/Destino),71801,Barcelona-Sants,79309,Figueres,10,Barcelona-Sants > Barcelona-Passeig De Gracia > Barcelona-El Clot > Sant Celoni > Maçanet-Massanes > Sils > Caldes De Malavella > Girona > Flaçà > Figueres
2026-04-23,15814,MD,Media Distancia,Área Nordeste,MD,Par (↓ Sur/Destino),71801,Barcelona-Sants,79315,Portbou,12,Barcelona-Sants > Barcelona-Passeig De Gracia > Barcelona-El Clot > Sant Celoni > Maçanet-Massanes > Sils > Caldes De Malavella > Girona > Flaçà > Figueres > Llançà > Portbou
2026-04-23,15816,MD,Media Distancia,Área Nordeste,REGIONAL,Par (↓ Sur/Destino),71801,Barcelona-Sants,79315,Portbou,27,Barcelona-Sants > Barcelona-Passeig De Gracia > Barcelona-El Clot > Barcelona-Sant Andreu > Granollers Centre > Sant Celoni > Gualba > Riells I Viabrea-Breda > Hostalric > Maçanet-Massanes > Sils > Caldes De Malavella > Riudellots > Fornells De La Selva > Girona > Celrà > Bordils-Juià > Flaçà > Sant Jordi Desvalls > Camallera > Sant Miquel De Fluvià > Vilamalla > Figueres > Vilajuïga > Llançà > Colera > Portbou
2026-04-23,15818,MD,Media Distancia,Área Nordeste,MD,Par (↓ Sur/Destino),71801,Barcelona-Sants,79315,Portbou,12,Barcelona-Sants > Barcelona-Passeig De Gracia > Barcelona-El Clot > Sant Celoni > Maçanet-Massanes > Sils > Caldes De Malavella > Girona > Flaçà > Figueres > Llançà > Portbou
2026-04-23,15820,MD,Media Distancia,Área Nordeste,REGIONAL,Par (↓ Sur/Destino),71801,Barcelona-Sants,79315,Portbou,27,Barcelona-Sants > Barcelona-Passeig De Gracia > Barcelona-El Clot > Barcelona-Sant Andreu > Granollers Centre > Sant Celoni > Gualba > Riells I Viabrea-Breda > Hostalric > Maçanet-Massanes > Sils > Caldes De Malavella > Riudellots > Fornells De La Selva > Girona > Celrà > Bordils-Juià > Flaçà > Sant Jordi Desvalls > Camallera > Sant Miquel De Fluvià > Vilamalla > Figueres > Vilajuïga > Llançà > Colera > Portbou
2026-04-23,15850,MD,Media Distancia,Área Nordeste,MD,Par (↓ Sur/Destino),79309,Figueres,71801,Barcelona-Sants,10,Figueres > Flaçà > Girona > Caldes De Malavella > Sils > Maçanet-Massanes > Sant Celoni > Barcelona-El Clot > Barcelona-Passeig De Gracia > Barcelona-Sants
2026-04-23,15852,MD,Media Distancia,Área Nordeste,REGIONAL,Par (↓ Sur/Destino),79315,Portbou,71801,Barcelona-Sants,27,Portbou > Colera > Llançà > Vilajuïga > Figueres > Vilamalla > Sant Miquel De Fluvià > Camallera > Sant Jordi Desvalls > Flaçà > Bordils-Juià > Celrà > Girona > Fornells De La Selva > Riudellots > Caldes De Malavella > Sils > Maçanet-Massanes > Hostalric > Riells I Viabrea-Breda > Gualba > Sant Celoni > Granollers Centre > Barcelona-Sant Andreu > Barcelona-El Clot > Barcelona-Passeig De Gracia > Barcelona-Sants
2026-04-23,15854,MD,Media Distancia,Área Nordeste,REGIONAL,Par (↓ Sur/Destino),79315,Portbou,71801,Barcelona-Sants,27,Portbou > Colera > Llançà > Vilajuïga > Figueres > Vilamalla > Sant Miquel De Fluvià > Camallera > Sant Jordi Desvalls > Flaçà > Bordils-Juià > Celrà > Girona > Fornells De La Selva > Riudellots > Caldes De Malavella > Sils > Maçanet-Massanes > Hostalric > Riells I Viabrea-Breda > Gualba > Sant Celoni > Granollers Centre > Barcelona-Sant Andreu > Barcelona-El Clot > Barcelona-Passeig De Gracia > Barcelona-Sants
2026-04-23,15858,MD,Media Distancia,Área Nordeste,REGIONAL,Par (↓ Sur/Destino),79315,Portbou,71801,Barcelona-Sants,27,Portbou > Colera > Llançà > Vilajuïga > Figueres > Vilamalla > Sant Miquel De Fluvià > Camallera > Sant Jordi Desvalls > Flaçà > Bordils-Juià > Celrà > Girona > Fornells De La Selva > Riudellots > Caldes De Malavella > Sils > Maçanet-Massanes > Hostalric > Riells I Viabrea-Breda > Gualba > Sant Celoni > Granollers Centre > Barcelona-Sant Andreu > Barcelona-El Clot > Barcelona-Passeig De Gracia > Barcelona-Sants
2026-04-23,15860,MD,Media Distancia,Área Nordeste,MD,Par (↓ Sur/Destino),79315,Portbou,71801,Barcelona-Sants,12,Portbou > Llançà > Figueres > Flaçà > Girona > Caldes De Malavella > Sils > Maçanet-Massanes > Sant Celoni > Barcelona-El Clot > Barcelona-Passeig De Gracia > Barcelona-Sants
2026-04-23,15862,MD,Media Distancia,Área Nordeste,REGIONAL,Par (↓ Sur/Destino),79315,Portbou,71801,Barcelona-Sants,27,Portbou > Colera > Llançà > Vilajuïga > Figueres > Vilamalla > Sant Miquel De Fluvià > Camallera > Sant Jordi Desvalls > Flaçà > Bordils-Juià > Celrà > Girona > Fornells De La Selva > Riudellots > Caldes De Malavella > Sils > Maçanet-Massanes > Hostalric > Riells I Viabrea-Breda > Gualba > Sant Celoni > Granollers Centre > Barcelona-Sant Andreu > Barcelona-El Clot > Barcelona-Passeig De Gracia > Barcelona-Sants
2026-04-23,15864,MD,Media Distancia,Área Nordeste,MD,Par (↓ Sur/Destino),79315,Portbou,71801,Barcelona-Sants,12,Portbou > Llançà > Figueres > Flaçà > Girona > Caldes De Malavella > Sils > Maçanet-Massanes > Sant Celoni > Barcelona-El Clot > Barcelona-Passeig De Gracia > Barcelona-Sants
2026-04-23,15866,MD,Media Distancia,Área Nordeste,REGIONAL,Par (↓ Sur/Destino),79315,Portbou,71801,Barcelona-Sants,27,Portbou > Colera > Llançà > Vilajuïga > Figueres > Vilamalla > Sant Miquel De Fluvià > Camallera > Sant Jordi Desvalls > Flaçà > Bordils-Juià > Celrà > Girona > Fornells De La Selva > Riudellots > Caldes De Malavella > Sils > Maçanet-Massanes > Hostalric > Riells I Viabrea-Breda > Gualba > Sant Celoni > Granollers Centre > Barcelona-Sant Andreu > Barcelona-El Clot > Barcelona-Passeig De Gracia > Barcelona-Sants
2026-04-23,15868,MD,Media Distancia,Área Nordeste,MD,Par (↓ Sur/Destino),79315,Portbou,71801,Barcelona-Sants,12,Portbou > Llançà > Figueres > Flaçà > Girona > Caldes De Malavella > Sils > Maçanet-Massanes > Sant Celoni > Barcelona-El Clot > Barcelona-Passeig De Gracia > Barcelona-Sants
2026-04-23,15868,MD,Media Distancia,Área Nordeste,MD,Par (↓ Sur/Destino),79309,Figueres,71801,Barcelona-Sants,10,Figueres > Flaçà > Girona > Caldes De Malavella > Sils > Maçanet-Massanes > Sant Celoni > Barcelona-El Clot > Barcelona-Passeig De Gracia > Barcelona-Sants
2026-04-23,15870,MD,Media Distancia,Área Nordeste,REGIONAL,Par (↓ Sur/Destino),79315,Portbou,71801,Barcelona-Sants,27,Portbou > Colera > Llançà > Vilajuïga > Figueres > Vilamalla > Sant Miquel De Fluvià > Camallera > Sant Jordi Desvalls > Flaçà > Bordils-Juià > Celrà > Girona > Fornells De La Selva > Riudellots > Caldes De Malavella > Sils > Maçanet-Massanes > Hostalric > Riells I Viabrea-Breda > Gualba > Sant Celoni > Granollers Centre > Barcelona-Sant Andreu > Barcelona-El Clot > Barcelona-Passeig De Gracia > Barcelona-Sants
2026-04-23,15872,MD,Media Distancia,Área Nordeste,REGIONAL,Par (↓ Sur/Destino),79315,Portbou,71801,Barcelona-Sants,27,Portbou > Colera > Llançà > Vilajuïga > Figueres > Vilamalla > Sant Miquel De Fluvià > Camallera > Sant Jordi Desvalls > Flaçà > Bordils-Juià > Celrà > Girona > Fornells De La Selva > Riudellots > Caldes De Malavella > Sils > Maçanet-Massanes > Hostalric > Riells I Viabrea-Breda > Gualba > Sant Celoni > Granollers Centre > Barcelona-Sant Andreu > Barcelona-El Clot > Barcelona-Passeig De Gracia > Barcelona-Sants
2026-04-23,15874,MD,Media Distancia,Área Nordeste,MD,Par (↓ Sur/Destino),79315,Portbou,71801,Barcelona-Sants,12,Portbou > Llançà > Figueres > Flaçà > Girona > Caldes De Malavella > Sils > Maçanet-Massanes > Sant Celoni > Barcelona-El Clot > Barcelona-Passeig De Gracia > Barcelona-Sants
2026-04-23,15874,MD,Media Distancia,Área Nordeste,MD,Par (↓ Sur/Destino),79300,Girona,71801,Barcelona-Sants,8,Girona > Caldes De Malavella > Sils > Maçanet-Massanes > Sant Celoni > Barcelona-El Clot > Barcelona-Passeig De Gracia > Barcelona-Sants
2026-04-23,15876,MD,Media Distancia,Área Nordeste,REGIONAL,Par (↓ Sur/Destino),79315,Portbou,71801,Barcelona-Sants,27,Portbou > Colera > Llançà > Vilajuïga > Figueres > Vilamalla > Sant Miquel De Fluvià > Camallera > Sant Jordi Desvalls > Flaçà > Bordils-Juià > Celrà > Girona > Fornells De La Selva > Riudellots > Caldes De Malavella > Sils > Maçanet-Massanes > Hostalric > Riells I Viabrea-Breda > Gualba > Sant Celoni > Granollers Centre > Barcelona-Sant Andreu > Barcelona-El Clot > Barcelona-Passeig De Gracia > Barcelona-Sants
2026-04-23,15878,MD,Media Distancia,Área Nordeste,MD,Par (↓ Sur/Destino),79315,Portbou,71801,Barcelona-Sants,12,Portbou > Llançà > Figueres > Flaçà > Girona > Caldes De Malavella > Sils > Maçanet-Massanes > Sant Celoni > Barcelona-El Clot > Barcelona-Passeig De Gracia > Barcelona-Sants
2026-04-23,15880,MD,Media Distancia,Área Nordeste,REGIONAL,Par (↓ Sur/Destino),79315,Portbou,71801,Barcelona-Sants,22,Portbou > Colera > Llançà > Vilajuïga > Figueres > Vilamalla > Sant Miquel De Fluvià > Camallera > Sant Jordi Desvalls > Flaçà > Bordils-Juià > Celrà > Girona > Fornells De La Selva > Riudellots > Caldes De Malavella > Sils > Maçanet-Massanes > Sant Celoni > Barcelona-El Clot > Barcelona-Passeig De Gracia > Barcelona-Sants
2026-04-23,15882,MD,Media Distancia,Área Nordeste,REGIONAL,Par (↓ Sur/Destino),79315,Portbou,71801,Barcelona-Sants,27,Portbou > Colera > Llançà > Vilajuïga > Figueres > Vilamalla > Sant Miquel De Fluvià > Camallera > Sant Jordi Desvalls > Flaçà > Bordils-Juià > Celrà > Girona > Fornells De La Selva > Riudellots > Caldes De Malavella > Sils > Maçanet-Massanes > Hostalric > Riells I Viabrea-Breda > Gualba > Sant Celoni > Granollers Centre > Barcelona-Sant Andreu > Barcelona-El Clot > Barcelona-Passeig De Gracia > Barcelona-Sants
2026-04-23,15884,MD,Media Distancia,Área Nordeste,REGIONAL,Par (↓ Sur/Destino),79315,Portbou,71801,Barcelona-Sants,27,Portbou > Colera > Llançà > Vilajuïga > Figueres > Vilamalla > Sant Miquel De Fluvià > Camallera > Sant Jordi Desvalls > Flaçà > Bordils-Juià > Celrà > Girona > Fornells De La Selva > Riudellots > Caldes De Malavella > Sils > Maçanet-Massanes > Hostalric > Riells I Viabrea-Breda > Gualba > Sant Celoni > Granollers Centre > Barcelona-Sant Andreu > Barcelona-El Clot > Barcelona-Passeig De Gracia > Barcelona-Sants
2026-04-23,15886,MD,Media Distancia,Área Nordeste,MD,Par (↓ Sur/Destino),79315,Portbou,71801,Barcelona-Sants,12,Portbou > Llançà > Figueres > Flaçà > Girona > Caldes De Malavella > Sils > Maçanet-Massanes > Sant Celoni > Barcelona-El Clot > Barcelona-Passeig De Gracia > Barcelona-Sants
2026-04-23,15888,MD,Media Distancia,Área Nordeste,REGIONAL,Par (↓ Sur/Destino),79315,Portbou,71801,Barcelona-Sants,17,Portbou > Llançà > Figueres > Flaçà > Girona > Caldes De Malavella > Sils > Maçanet-Massanes > Hostalric > Riells I Viabrea-Breda > Gualba > Sant Celoni > Granollers Centre > Barcelona-Sant Andreu > Barcelona-El Clot > Barcelona-Passeig De Gracia > Barcelona-Sants
2026-04-23,15900,MD,Media Distancia,Área Nordeste,REGIONAL,Par (↓ Sur/Destino),71801,Barcelona-Sants,79316,Cerbère,28,Barcelona-Sants > Barcelona-Passeig De Gracia > Barcelona-El Clot > Barcelona-Sant Andreu > Granollers Centre > Sant Celoni > Gualba > Riells I Viabrea-Breda > Hostalric > Maçanet-Massanes > Sils > Caldes De Malavella > Riudellots > Fornells De La Selva > Girona > Celrà > Bordils-Juià > Flaçà > Sant Jordi Desvalls > Camallera > Sant Miquel De Fluvià > Vilamalla > Figueres > Vilajuïga > Llançà > Colera > Portbou > Cerbère
2026-04-23,15902,MD,Media Distancia,Área Nordeste,REGIONAL,Par (↓ Sur/Destino),71801,Barcelona-Sants,79316,Cerbère,28,Barcelona-Sants > Barcelona-Passeig De Gracia > Barcelona-El Clot > Barcelona-Sant Andreu > Granollers Centre > Sant Celoni > Gualba > Riells I Viabrea-Breda > Hostalric > Maçanet-Massanes > Sils > Caldes De Malavella > Riudellots > Fornells De La Selva > Girona > Celrà > Bordils-Juià > Flaçà > Sant Jordi Desvalls > Camallera > Sant Miquel De Fluvià > Vilamalla > Figueres > Vilajuïga > Llançà > Colera > Portbou > Cerbère
2026-04-23,15904,MD,Media Distancia,Área Nordeste,REGIONAL,Par (↓ Sur/Destino),71801,Barcelona-Sants,79316,Cerbère,28,Barcelona-Sants > Barcelona-Passeig De Gracia > Barcelona-El Clot > Barcelona-Sant Andreu > Granollers Centre > Sant Celoni > Gualba > Riells I Viabrea-Breda > Hostalric > Maçanet-Massanes > Sils > Caldes De Malavella > Riudellots > Fornells De La Selva > Girona > Celrà > Bordils-Juià > Flaçà > Sant Jordi Desvalls > Camallera > Sant Miquel De Fluvià > Vilamalla > Figueres > Vilajuïga > Llançà > Colera > Portbou > Cerbère
2026-04-23,15906,MD,Media Distancia,Área Nordeste,REGIONAL,Par (↓ Sur/Destino),71801,Barcelona-Sants,79316,Cerbère,28,Barcelona-Sants > Barcelona-Passeig De Gracia > Barcelona-El Clot > Barcelona-Sant Andreu > Granollers Centre > Sant Celoni > Gualba > Riells I Viabrea-Breda > Hostalric > Maçanet-Massanes > Sils > Caldes De Malavella > Riudellots > Fornells De La Selva > Girona > Celrà > Bordils-Juià > Flaçà > Sant Jordi Desvalls > Camallera > Sant Miquel De Fluvià > Vilamalla > Figueres > Vilajuïga > Llançà > Colera > Portbou > Cerbère
2026-04-23,15908,MD,Media Distancia,Área Nordeste,REGIONAL,Par (↓ Sur/Destino),71801,Barcelona-Sants,79316,Cerbère,28,Barcelona-Sants > Barcelona-Passeig De Gracia > Barcelona-El Clot > Barcelona-Sant Andreu > Granollers Centre > Sant Celoni > Gualba > Riells I Viabrea-Breda > Hostalric > Maçanet-Massanes > Sils > Caldes De Malavella > Riudellots > Fornells De La Selva > Girona > Celrà > Bordils-Juià > Flaçà > Sant Jordi Desvalls > Camallera > Sant Miquel De Fluvià > Vilamalla > Figueres > Vilajuïga > Llançà > Colera > Portbou > Cerbère
2026-04-23,15910,MD,Media Distancia,Área Nordeste,REGIONAL,Par (↓ Sur/Destino),71801,Barcelona-Sants,79316,Cerbère,28,Barcelona-Sants > Barcelona-Passeig De Gracia > Barcelona-El Clot > Barcelona-Sant Andreu > Granollers Centre > Sant Celoni > Gualba > Riells I Viabrea-Breda > Hostalric > Maçanet-Massanes > Sils > Caldes De Malavella > Riudellots > Fornells De La Selva > Girona > Celrà > Bordils-Juià > Flaçà > Sant Jordi Desvalls > Camallera > Sant Miquel De Fluvià > Vilamalla > Figueres > Vilajuïga > Llançà > Colera > Portbou > Cerbère
2026-04-23,15912,MD,Media Distancia,Área Nordeste,REGIONAL,Par (↓ Sur/Destino),71801,Barcelona-Sants,79316,Cerbère,28,Barcelona-Sants > Barcelona-Passeig De Gracia > Barcelona-El Clot > Barcelona-Sant Andreu > Granollers Centre > Sant Celoni > Gualba > Riells I Viabrea-Breda > Hostalric > Maçanet-Massanes > Sils > Caldes De Malavella > Riudellots > Fornells De La Selva > Girona > Celrà > Bordils-Juià > Flaçà > Sant Jordi Desvalls > Camallera > Sant Miquel De Fluvià > Vilamalla > Figueres > Vilajuïga > Llançà > Colera > Portbou > Cerbère
2026-04-23,15914,MD,Media Distancia,Área Nordeste,REGIONAL,Par (↓ Sur/Destino),71801,Barcelona-Sants,79316,Cerbère,28,Barcelona-Sants > Barcelona-Passeig De Gracia > Barcelona-El Clot > Barcelona-Sant Andreu > Granollers Centre > Sant Celoni > Gualba > Riells I Viabrea-Breda > Hostalric > Maçanet-Massanes > Sils > Caldes De Malavella > Riudellots > Fornells De La Selva > Girona > Celrà > Bordils-Juià > Flaçà > Sant Jordi Desvalls > Camallera > Sant Miquel De Fluvià > Vilamalla > Figueres > Vilajuïga > Llançà > Colera > Portbou > Cerbère
2026-04-23,15916,MD,Media Distancia,Área Nordeste,REGIONAL,Par (↓ Sur/Destino),71801,Barcelona-Sants,79316,Cerbère,28,Barcelona-Sants > Barcelona-Passeig De Gracia > Barcelona-El Clot > Barcelona-Sant Andreu > Granollers Centre > Sant Celoni > Gualba > Riells I Viabrea-Breda > Hostalric > Maçanet-Massanes > Sils > Caldes De Malavella > Riudellots > Fornells De La Selva > Girona > Celrà > Bordils-Juià > Flaçà > Sant Jordi Desvalls > Camallera > Sant Miquel De Fluvià > Vilamalla > Figueres > Vilajuïga > Llançà > Colera > Portbou > Cerbère
2026-04-23,15918,MD,Media Distancia,Área Nordeste,REGIONAL,Par (↓ Sur/Destino),71801,Barcelona-Sants,79316,Cerbère,28,Barcelona-Sants > Barcelona-Passeig De Gracia > Barcelona-El Clot > Barcelona-Sant Andreu > Granollers Centre > Sant Celoni > Gualba > Riells I Viabrea-Breda > Hostalric > Maçanet-Massanes > Sils > Caldes De Malavella > Riudellots > Fornells De La Selva > Girona > Celrà > Bordils-Juià > Flaçà > Sant Jordi Desvalls > Camallera > Sant Miquel De Fluvià > Vilamalla > Figueres > Vilajuïga > Llançà > Colera > Portbou > Cerbère
2026-04-23,16000,MD,Media Distancia,Área Norte,REG.EXP.,Par (↓ Sur/Destino),11600,Irun,11200,Miranda De Ebro,28,Irun > Lezo-Errenteria > Pasaia > Herrera (apd) > Intxaurrondo > Ategorrieta (apd) > Gros > San Sebastián/Donostia > Hernani-Centro > Andoain Centro/Erdia > Villabona-Zizurkil > Tolosa Centro > Tolosa > Ordizia/Ordicia > Beasain > Ormaiztegi > Zumarraga > Legazpi > Brinkola-Onyati > Altsasu/Alsasua-Estación > Araia > Salvatierra/Agurain > Alegría De álava-Dulantzi > Vitoria/Gasteiz > Nanclares/Langraiz > La Puebla De Arganzón > Manzanos > Miranda De Ebro
2026-04-23,16001,MD,Media Distancia,Área Norte,REG.EXP.,Impar (↑ Norte/Origen),11200,Miranda De Ebro,11600,Irun,21,Miranda De Ebro > Manzanos > La Puebla De Arganzón > Nanclares/Langraiz > Vitoria/Gasteiz > Alegría De álava-Dulantzi > Salvatierra/Agurain > Araia > Altsasu/Alsasua-Estación > Legazpi > Zumarraga > Beasain > Ordizia/Ordicia > Tolosa > Villabona-Zizurkil > Andoain Centro/Erdia > Hernani-Centro > San Sebastián/Donostia > Pasaia > Lezo-Errenteria > Irun
2026-04-23,16004,MD,Media Distancia,Área Norte,REG.EXP.,Par (↓ Sur/Destino),11600,Irun,11200,Miranda De Ebro,17,Irun > Lezo-Errenteria > Pasaia > San Sebastián/Donostia > Tolosa > Ordizia/Ordicia > Beasain > Zumarraga > Legazpi > Altsasu/Alsasua-Estación > Araia > Salvatierra/Agurain > Alegría De álava-Dulantzi > Vitoria/Gasteiz > Nanclares/Langraiz > La Puebla De Arganzón > Miranda De Ebro
2026-04-23,16011,MD,Media Distancia,Área Norte,REG.EXP.,Impar (↑ Norte/Origen),11200,Miranda De Ebro,71100,Zaragoza Miraflores,24,Miranda De Ebro > Manzanos > La Puebla De Arganzón > Nanclares/Langraiz > Vitoria/Gasteiz > Alegría De álava-Dulantzi > Salvatierra/Agurain > Araia > Altsasu/Alsasua-Pueblo > Etxarri-Aranatz > Uharte-Arakil > Pamplona/Iruña > Tafalla > Olite/Erriberri > Marcilla De Navarra > Villafranca De Navarra > Castejón De Ebro > Tudela De Navarra > Ribaforada > Cortes De Navarra > Zaragoza-Delicias > Zaragoza Portillo > Zaragoza Goya > Zaragoza Miraflores
2026-04-23,16017,MD,Media Distancia,Área Norte,REG.EXP.,Impar (↑ Norte/Origen),80100,Pamplona/Iruña,11200,Miranda De Ebro,12,Pamplona/Iruña > Uharte-Arakil > Etxarri-Aranatz > Altsasu/Alsasua-Pueblo > Araia > Salvatierra/Agurain > Alegría De álava-Dulantzi > Vitoria/Gasteiz > Nanclares/Langraiz > La Puebla De Arganzón > Manzanos > Miranda De Ebro
2026-04-23,16018,MD,Media Distancia,Área Norte,REG.EXP.,Par (↓ Sur/Destino),11200,Miranda De Ebro,11014,Burgos Rosa Manzano,4,Miranda De Ebro > Pancorbo > Briviesca > Burgos Rosa Manzano
2026-04-23,16019,MD,Media Distancia,Área Norte,REG.EXP.,Impar (↑ Norte/Origen),11014,Burgos Rosa Manzano,80100,Pamplona/Iruña,12,Burgos Rosa Manzano > Briviesca > Pancorbo > Miranda De Ebro > Vitoria/Gasteiz > Alegría De álava-Dulantzi > Salvatierra/Agurain > Araia > Altsasu/Alsasua-Pueblo > Etxarri-Aranatz > Uharte-Arakil > Pamplona/Iruña
2026-04-23,16019,MD,Media Distancia,Área Norte,REG.EXP.,Impar (↑ Norte/Origen),11200,Miranda De Ebro,80100,Pamplona/Iruña,9,Miranda De Ebro > Vitoria/Gasteiz > Alegría De álava-Dulantzi > Salvatierra/Agurain > Araia > Altsasu/Alsasua-Pueblo > Etxarri-Aranatz > Uharte-Arakil > Pamplona/Iruña
2026-04-23,16020,MD,Media Distancia,Área Norte,REG.EXP.,Par (↓ Sur/Destino),80100,Pamplona/Iruña,71100,Zaragoza Miraflores,20,Pamplona/Iruña > Tafalla > Olite/Erriberri > Marcilla De Navarra > Villafranca De Navarra > Castejón De Ebro > Tudela De Navarra > Ribaforada > Cortes De Navarra > Gallur > Luceni > Pedrola > Cabanyas De Ebro > Alagón > Casetas > Utebo > Zaragoza-Delicias > Zaragoza Portillo > Zaragoza Goya > Zaragoza Miraflores
2026-04-23,16021,MD,Media Distancia,Área Norte,REGIONAL,Impar (↑ Norte/Origen),11200,Miranda De Ebro,11300,Altsasu/Alsasua-Estación,9,Miranda De Ebro > Manzanos > La Puebla De Arganzón > Nanclares/Langraiz > Vitoria/Gasteiz > Alegría De álava-Dulantzi > Salvatierra/Agurain > Araia > Altsasu/Alsasua-Estación
2026-04-23,16022,MD,Media Distancia,Área Norte,REGIONAL,Par (↓ Sur/Destino),11300,Altsasu/Alsasua-Estación,11200,Miranda De Ebro,9,Altsasu/Alsasua-Estación > Araia > Salvatierra/Agurain > Alegría De álava-Dulantzi > Vitoria/Gasteiz > Nanclares/Langraiz > La Puebla De Arganzón > Manzanos > Miranda De Ebro
2026-04-23,16023,MD,Media Distancia,Área Norte,REGIONAL,Impar (↑ Norte/Origen),11200,Miranda De Ebro,11300,Altsasu/Alsasua-Estación,9,Miranda De Ebro > Manzanos > La Puebla De Arganzón > Nanclares/Langraiz > Vitoria/Gasteiz > Alegría De álava-Dulantzi > Salvatierra/Agurain > Araia > Altsasu/Alsasua-Estación
2026-04-23,16024,MD,Media Distancia,Área Norte,REGIONAL,Par (↓ Sur/Destino),11300,Altsasu/Alsasua-Estación,11200,Miranda De Ebro,9,Altsasu/Alsasua-Estación > Araia > Salvatierra/Agurain > Alegría De álava-Dulantzi > Vitoria/Gasteiz > Nanclares/Langraiz > La Puebla De Arganzón > Manzanos > Miranda De Ebro
2026-04-23,16025,MD,Media Distancia,Área Norte,REGIONAL,Impar (↑ Norte/Origen),11200,Miranda De Ebro,11300,Altsasu/Alsasua-Estación,9,Miranda De Ebro > Manzanos > La Puebla De Arganzón > Nanclares/Langraiz > Vitoria/Gasteiz > Alegría De álava-Dulantzi > Salvatierra/Agurain > Araia > Altsasu/Alsasua-Estación
2026-04-23,16026,MD,Media Distancia,Área Norte,REGIONAL,Par (↓ Sur/Destino),11300,Altsasu/Alsasua-Estación,11200,Miranda De Ebro,9,Altsasu/Alsasua-Estación > Araia > Salvatierra/Agurain > Alegría De álava-Dulantzi > Vitoria/Gasteiz > Nanclares/Langraiz > La Puebla De Arganzón > Manzanos > Miranda De Ebro
2026-04-23,16027,MD,Media Distancia,Área Norte,REG.EXP.,Impar (↑ Norte/Origen),81200,Castejón De Ebro,11200,Miranda De Ebro,16,Castejón De Ebro > Villafranca De Navarra > Marcilla De Navarra > Olite/Erriberri > Tafalla > Pamplona/Iruña > Uharte-Arakil > Etxarri-Aranatz > Altsasu/Alsasua-Pueblo > Araia > Salvatierra/Agurain > Alegría De álava-Dulantzi > Vitoria/Gasteiz > Nanclares/Langraiz > La Puebla De Arganzón > Miranda De Ebro
2026-04-23,16070,MD,Media Distancia,Área Norte,REG.EXP.,Par (↓ Sur/Destino),81100,Logroño,71100,Zaragoza Miraflores,20,Logroño > Alcanadre > Calahorra > Rincón De Soto > Alfaro > Castejón De Ebro > Tudela De Navarra > Ribaforada > Cortes De Navarra > Gallur > Luceni > Pedrola > Cabanyas De Ebro > Alagón > Casetas > Utebo > Zaragoza-Delicias > Zaragoza Portillo > Zaragoza Goya > Zaragoza Miraflores
2026-04-23,16071,MD,Media Distancia,Área Norte,REG.EXP.,Impar (↑ Norte/Origen),81200,Castejón De Ebro,81100,Logroño,7,Castejón De Ebro > Alfaro > Rincón De Soto > Calahorra > Alcanadre > Agoncillo > Logroño
2026-04-23,16111,MD,Media Distancia,Área Norte,REG.EXP.,Impar (↑ Norte/Origen),11200,Miranda De Ebro,81200,Castejón De Ebro,17,Miranda De Ebro > Manzanos > La Puebla De Arganzón > Nanclares/Langraiz > Vitoria/Gasteiz > Alegría De álava-Dulantzi > Salvatierra/Agurain > Araia > Altsasu/Alsasua-Pueblo > Etxarri-Aranatz > Uharte-Arakil > Pamplona/Iruña > Tafalla > Olite/Erriberri > Marcilla De Navarra > Villafranca De Navarra > Castejón De Ebro
2026-04-23,16204,MD,Media Distancia,Área Norte,REG.EXP.,Par (↓ Sur/Destino),11300,Altsasu/Alsasua-Estación,11200,Miranda De Ebro,9,Altsasu/Alsasua-Estación > Araia > Salvatierra/Agurain > Alegría De álava-Dulantzi > Vitoria/Gasteiz > Nanclares/Langraiz > La Puebla De Arganzón > Manzanos > Miranda De Ebro
2026-04-23,16207,MD,Media Distancia,Área Norte,REG.EXP.,Impar (↑ Norte/Origen),11200,Miranda De Ebro,11300,Altsasu/Alsasua-Estación,9,Miranda De Ebro > Manzanos > La Puebla De Arganzón > Nanclares/Langraiz > Vitoria/Gasteiz > Alegría De álava-Dulantzi > Salvatierra/Agurain > Araia > Altsasu/Alsasua-Estación
2026-04-23,17000,MD,Media Distancia,Área Centro,MD,Par (↓ Sur/Destino),17000,Madrid-Chamartín-Clara Campoamor,60400,Alcazar de San Juan,8,Madrid-Chamartín-Clara Campoamor > Madrid - Atocha Cercanías > Aranjuez > Castillejo-Añover > Villasequilla > Villacañas > Quero > Alcazar de San Juan
2026-04-23,17008,MD,Media Distancia,Área Centro,MD,Par (↓ Sur/Destino),18000,Madrid - Atocha Cercanías,60400,Alcazar de San Juan,5,Madrid - Atocha Cercanías > Aranjuez > Villacañas > Quero > Alcazar de San Juan
2026-04-23,17012,MD,Media Distancia,Área Centro,REG.EXP.,Par (↓ Sur/Destino),18000,Madrid - Atocha Cercanías,37500,Mérida,13,Madrid - Atocha Cercanías > Leganés > Fuenlabrada > Illescas > Torrijos > Talavera De La Reina > Oropesa De Toledo > Navalmoral De La Mata > Casatejada > Monfragüe-Plasencia > Plasencia > Cáceres > Mérida
2026-04-23,17018,MD,Media Distancia,Área Centro,REG.EXP.,Par (↓ Sur/Destino),18000,Madrid - Atocha Cercanías,35400,Cáceres,15,Madrid - Atocha Cercanías > Leganés > Fuenlabrada > Illescas > Torrijos > Talavera De La Reina > Oropesa De Toledo > Navalmoral De La Mata > Casatejada > Monfragüe-Plasencia > Plasencia > Mirabel > Casas de Millan > Cañaveral > Cáceres
2026-04-23,17021,MD,Media Distancia,Área Centro,REG.EXP.,Impar (↑ Norte/Origen),35400,Cáceres,18000,Madrid - Atocha Cercanías,15,Cáceres > Cañaveral > Casas de Millan > Mirabel > Plasencia > Monfragüe-Plasencia > Casatejada > Navalmoral De La Mata > Oropesa De Toledo > Talavera De La Reina > Torrijos > Illescas > Fuenlabrada > Leganés > Madrid - Atocha Cercanías
2026-04-23,17026,MD,Media Distancia,Área Centro,REG.EXP.,Par (↓ Sur/Destino),37500,Mérida,18000,Madrid - Atocha Cercanías,13,Mérida > Cáceres > Plasencia > Monfragüe-Plasencia > Casatejada > Navalmoral De La Mata > Oropesa De Toledo > Talavera De La Reina > Torrijos > Illescas > Fuenlabrada > Leganés > Madrid - Atocha Cercanías
2026-04-23,17028,MD,Media Distancia,Área Centro,REGIONAL,Par (↓ Sur/Destino),35400,Cáceres,35406,Valencia de Alcantara,4,Cáceres > Arroyo-Malpartida > San Vicente de Alcantara > Valencia de Alcantara
2026-04-23,17029,MD,Media Distancia,Área Centro,REGIONAL,Impar (↑ Norte/Origen),35406,Valencia de Alcantara,35400,Cáceres,4,Valencia de Alcantara > San Vicente de Alcantara > Arroyo-Malpartida > Cáceres
2026-04-23,17030,MD,Media Distancia,Área Centro,MD,Par (↓ Sur/Destino),35400,Cáceres,37606,Badajoz,2,Cáceres > Badajoz
2026-04-23,17031,MD,Media Distancia,Área Centro,MD,Impar (↑ Norte/Origen),37606,Badajoz,35400,Cáceres,2,Badajoz > Cáceres
2026-04-23,17032,MD,Media Distancia,Área Centro,MD,Par (↓ Sur/Destino),35400,Cáceres,37606,Badajoz,2,Cáceres > Badajoz
2026-04-23,17033,MD,Media Distancia,Área Centro,MD,Impar (↑ Norte/Origen),37606,Badajoz,35400,Cáceres,2,Badajoz > Cáceres
2026-04-23,17041,MD,Media Distancia,Área Centro,MD,Impar (↑ Norte/Origen),37200,Ciudad Real,17000,Madrid-Chamartín-Clara Campoamor,12,Ciudad Real > Almagro > Daimiel > Manzanares > Cinco Casas > Alcazar de San Juan > Quero > Villacañas > Villasequilla > Aranjuez > Madrid - Atocha Cercanías > Madrid-Chamartín-Clara Campoamor
2026-04-23,17042,MD,Media Distancia,Área Centro,MD,Par (↓ Sur/Destino),60400,Alcazar de San Juan,37200,Ciudad Real,6,Alcazar de San Juan > Cinco Casas > Manzanares > Daimiel > Almagro > Ciudad Real
2026-04-23,17043,MD,Media Distancia,Área Centro,MD,Impar (↑ Norte/Origen),37200,Ciudad Real,60400,Alcazar de San Juan,5,Ciudad Real > Almagro > Daimiel > Manzanares > Alcazar de San Juan
2026-04-23,17044,MD,Media Distancia,Área Centro,MD,Par (↓ Sur/Destino),60400,Alcazar de San Juan,37200,Ciudad Real,6,Alcazar de San Juan > Cinco Casas > Manzanares > Daimiel > Almagro > Ciudad Real
2026-04-23,17045,MD,Media Distancia,Área Centro,MD,Impar (↑ Norte/Origen),37200,Ciudad Real,60400,Alcazar de San Juan,5,Ciudad Real > Almagro > Daimiel > Manzanares > Alcazar de San Juan
2026-04-23,17050,MD,Media Distancia,Área Centro,REG.EXP.,Par (↓ Sur/Destino),04040,Zaragoza-Delicias,79400,Barcelona-Estació De França,28,Zaragoza-Delicias > Zaragoza Portillo > Zaragoza Goya > Zaragoza Miraflores > Quinto > La Zaida-Sástago > La Puebla De Híjar > Samper > Caspe > Nonaspe > Faió-La Pobla De Massaluca (fayón) > Riba-Roja D'ebre > Flix > Ascó > Móra La Nova > Capçanes > Marçà-Falset > Les Borges Del Camp > Reus > Vila-Seca > Tarragona > Altafulla-Tamarit > Torredembarra > Sant Vicenç De Calders > Vilanova I La Geltrú > Barcelona-Sants > Barcelona-Passeig De Gracia > Barcelona-Estació De França
2026-04-23,17052,MD,Media Distancia,Área Centro,REGIONAL,Par (↓ Sur/Destino),04040,Zaragoza-Delicias,78400,Lleida-Pirineus,11,Zaragoza-Delicias > Zaragoza Portillo > Zaragoza Goya > Zaragoza Miraflores > Villanueva De Gállego > Tardienta > Grañen > Sariñena > Monzon-Rio Cinca > Binefar > Lleida-Pirineus
2026-04-23,17052,MD,Media Distancia,Área Centro,REGIONAL,Par (↓ Sur/Destino),04040,Zaragoza-Delicias,78302,Binefar,10,Zaragoza-Delicias > Zaragoza Portillo > Zaragoza Goya > Zaragoza Miraflores > Villanueva De Gállego > Tardienta > Grañen > Sariñena > Monzon-Rio Cinca > Binefar
2026-04-23,17056,MD,Media Distancia,Área Centro,REG.EXP.,Par (↓ Sur/Destino),04040,Zaragoza-Delicias,79400,Barcelona-Estació De França,29,Zaragoza-Delicias > Zaragoza Portillo > Zaragoza Goya > Zaragoza Miraflores > Quinto > La Zaida-Sástago > La Puebla De Híjar > Samper > Caspe > Fabara > Nonaspe > Faió-La Pobla De Massaluca (fayón) > Riba-Roja D'ebre > Flix > Ascó > Móra La Nova > Capçanes > Marçà-Falset > Les Borges Del Camp > Reus > Vila-Seca > Tarragona > Altafulla-Tamarit > Torredembarra > Sant Vicenç De Calders > Vilanova I La Geltrú > Barcelona-Sants > Barcelona-Passeig De Gracia > Barcelona-Estació De França
2026-04-23,17100,MD,Media Distancia,Área Centro,REGIONAL,Par (↓ Sur/Destino),10400,Ávila,17000,Madrid-Chamartín-Clara Campoamor,21,Ávila > Herradón-La Cañada > Navalperal > Las Navas Del Marqués > El Pimpollar > Santa María De La Alameda-Peguerinos > Robledo De Chavela > Zarzalejo > El Escorial > Las Zorreras-Navalquejigo > San Yago > Villalba De Guadarrama > Pinar De Las Rozas > Las Rozas (apd) > Pozuelo > Aravaca (apd-Cgd) > Madrid-Principe Pio > Madrid - Atocha Cercanías > Madrid-Recoletos > Madrid-Nuevos Ministerios > Madrid-Chamartín-Clara Campoamor
2026-04-23,17102,MD,Media Distancia,Área Centro,REGIONAL,Par (↓ Sur/Destino),10400,Ávila,18000,Madrid - Atocha Cercanías,22,Ávila > Herradón-La Cañada > Navalperal > Las Navas Del Marqués > Santa María De La Alameda-Peguerinos > Robledo De Chavela > Zarzalejo > El Escorial > Las Zorreras-Navalquejigo > San Yago > Villalba De Guadarrama > Galapagar-La Navata > Torrelodones > Las Matas > Pinar De Las Rozas > Pitis > Mirasierra-Paco De Lucía > Madrid-Ramón Y Cajal > Madrid-Chamartín-Clara Campoamor > Madrid-Nuevos Ministerios > Madrid-Recoletos > Madrid - Atocha Cercanías
2026-04-23,17104,MD,Media Distancia,Área Centro,REGIONAL,Par (↓ Sur/Destino),10400,Ávila,18000,Madrid - Atocha Cercanías,23,Ávila > Herradón-La Cañada > Navalperal > Las Navas Del Marqués > El Pimpollar > Santa María De La Alameda-Peguerinos > Robledo De Chavela > Zarzalejo > El Escorial > Las Zorreras-Navalquejigo > San Yago > Villalba De Guadarrama > Galapagar-La Navata > Torrelodones > Las Matas > Pinar De Las Rozas > Pitis > Mirasierra-Paco De Lucía > Madrid-Ramón Y Cajal > Madrid-Chamartín-Clara Campoamor > Madrid-Nuevos Ministerios > Madrid-Recoletos > Madrid - Atocha Cercanías
2026-04-23,17106,MD,Media Distancia,Área Centro,REGIONAL,Par (↓ Sur/Destino),10400,Ávila,17000,Madrid-Chamartín-Clara Campoamor,20,Ávila > Herradón-La Cañada > Navalperal > Las Navas Del Marqués > Santa María De La Alameda-Peguerinos > Robledo De Chavela > Zarzalejo > El Escorial > Las Zorreras-Navalquejigo > San Yago > Villalba De Guadarrama > Pinar De Las Rozas > Las Rozas (apd) > Pozuelo > Aravaca (apd-Cgd) > Madrid-Principe Pio > Madrid - Atocha Cercanías > Madrid-Recoletos > Madrid-Nuevos Ministerios > Madrid-Chamartín-Clara Campoamor
2026-04-23,17113,MD,Media Distancia,Área Centro,REGIONAL,Impar (↑ Norte/Origen),18000,Madrid - Atocha Cercanías,10400,Ávila,23,Madrid - Atocha Cercanías > Madrid-Recoletos > Madrid-Nuevos Ministerios > Madrid-Chamartín-Clara Campoamor > Madrid-Ramón Y Cajal > Mirasierra-Paco De Lucía > Pitis > Pinar De Las Rozas > Las Matas > Torrelodones > Galapagar-La Navata > Villalba De Guadarrama > San Yago > Las Zorreras-Navalquejigo > El Escorial > Zarzalejo > Robledo De Chavela > Santa María De La Alameda-Peguerinos > El Pimpollar > Las Navas Del Marqués > Navalperal > Herradón-La Cañada > Ávila
2026-04-23,17120,MD,Media Distancia,Área Centro,REGIONAL,Par (↓ Sur/Destino),12100,Segovia,18000,Madrid - Atocha Cercanías,26,Segovia > Navas De Riofrío- La Losa > Ortigosa Del Monte > Otero-Herreros > Los ángeles De San Rafael > El Espinar > San Rafael > Gudillos > Tablada > Cercedilla > Los Molinos-Guadarrama > Collado Mediano > Alpedrete-Mataespesa > Los Negrales > Villalba De Guadarrama > Galapagar-La Navata > Torrelodones > Las Matas > Pinar De Las Rozas > Pitis > Mirasierra-Paco De Lucía > Madrid-Ramón Y Cajal > Madrid-Chamartín-Clara Campoamor > Madrid-Nuevos Ministerios > Madrid-Recoletos > Madrid - Atocha Cercanías
2026-04-23,17121,MD,Media Distancia,Área Centro,REGIONAL,Impar (↑ Norte/Origen),12006,Cercedilla,12100,Segovia,9,Cercedilla > Tablada > San Rafael > El Espinar > Los ángeles De San Rafael > Otero-Herreros > Ortigosa Del Monte > Navas De Riofrío- La Losa > Segovia
2026-04-23,17122,MD,Media Distancia,Área Centro,REGIONAL,Par (↓ Sur/Destino),12100,Segovia,18000,Madrid - Atocha Cercanías,26,Segovia > Navas De Riofrío- La Losa > Ortigosa Del Monte > Otero-Herreros > Los ángeles De San Rafael > El Espinar > San Rafael > Gudillos > Tablada > Cercedilla > Los Molinos-Guadarrama > Collado Mediano > Alpedrete-Mataespesa > Los Negrales > Villalba De Guadarrama > Galapagar-La Navata > Torrelodones > Las Matas > Pinar De Las Rozas > Pitis > Mirasierra-Paco De Lucía > Madrid-Ramón Y Cajal > Madrid-Chamartín-Clara Campoamor > Madrid-Nuevos Ministerios > Madrid-Recoletos > Madrid - Atocha Cercanías
2026-04-23,17123,MD,Media Distancia,Área Centro,REGIONAL,Impar (↑ Norte/Origen),18000,Madrid - Atocha Cercanías,12100,Segovia,18,Madrid - Atocha Cercanías > Madrid-Recoletos > Madrid-Nuevos Ministerios > Madrid-Chamartín-Clara Campoamor > Villalba De Guadarrama > Los Negrales > Alpedrete-Mataespesa > Collado Mediano > Los Molinos-Guadarrama > Cercedilla > Tablada > San Rafael > El Espinar > Los ángeles De San Rafael > Otero-Herreros > Ortigosa Del Monte > Navas De Riofrío- La Losa > Segovia
2026-04-23,17124,MD,Media Distancia,Área Centro,REGIONAL,Par (↓ Sur/Destino),12100,Segovia,18000,Madrid - Atocha Cercanías,24,Segovia > Navas De Riofrío- La Losa > Ortigosa Del Monte > Otero-Herreros > Los ángeles De San Rafael > El Espinar > San Rafael > Cercedilla > Los Molinos-Guadarrama > Collado Mediano > Alpedrete-Mataespesa > Los Negrales > Villalba De Guadarrama > Galapagar-La Navata > Torrelodones > Las Matas > Pinar De Las Rozas > Pitis > Mirasierra-Paco De Lucía > Madrid-Ramón Y Cajal > Madrid-Chamartín-Clara Campoamor > Madrid-Nuevos Ministerios > Madrid-Recoletos > Madrid - Atocha Cercanías
2026-04-23,17125,MD,Media Distancia,Área Centro,REGIONAL,Impar (↑ Norte/Origen),18000,Madrid - Atocha Cercanías,12100,Segovia,24,Madrid - Atocha Cercanías > Madrid-Recoletos > Madrid-Nuevos Ministerios > Madrid-Chamartín-Clara Campoamor > Madrid-Ramón Y Cajal > Mirasierra-Paco De Lucía > Pitis > Pinar De Las Rozas > Las Matas > Torrelodones > Galapagar-La Navata > Villalba De Guadarrama > Los Negrales > Alpedrete-Mataespesa > Collado Mediano > Los Molinos-Guadarrama > Cercedilla > San Rafael > El Espinar > Los ángeles De San Rafael > Otero-Herreros > Ortigosa Del Monte > Navas De Riofrío- La Losa > Segovia
2026-04-23,17126,MD,Media Distancia,Área Centro,REGIONAL,Par (↓ Sur/Destino),12100,Segovia,18000,Madrid - Atocha Cercanías,25,Segovia > Navas De Riofrío- La Losa > Ortigosa Del Monte > Otero-Herreros > Los ángeles De San Rafael > El Espinar > San Rafael > Tablada > Cercedilla > Los Molinos-Guadarrama > Collado Mediano > Alpedrete-Mataespesa > Los Negrales > Villalba De Guadarrama > Galapagar-La Navata > Torrelodones > Las Matas > Pinar De Las Rozas > Pitis > Mirasierra-Paco De Lucía > Madrid-Ramón Y Cajal > Madrid-Chamartín-Clara Campoamor > Madrid-Nuevos Ministerios > Madrid-Recoletos > Madrid - Atocha Cercanías
2026-04-23,17127,MD,Media Distancia,Área Centro,REGIONAL,Impar (↑ Norte/Origen),18000,Madrid - Atocha Cercanías,12100,Segovia,25,Madrid - Atocha Cercanías > Madrid-Recoletos > Madrid-Nuevos Ministerios > Madrid-Chamartín-Clara Campoamor > Madrid-Ramón Y Cajal > Mirasierra-Paco De Lucía > Pitis > Pinar De Las Rozas > Las Matas > Torrelodones > Galapagar-La Navata > Villalba De Guadarrama > Los Negrales > Alpedrete-Mataespesa > Collado Mediano > Los Molinos-Guadarrama > Cercedilla > Tablada > San Rafael > El Espinar > Los ángeles De San Rafael > Otero-Herreros > Ortigosa Del Monte > Navas De Riofrío- La Losa > Segovia
2026-04-23,17128,MD,Media Distancia,Área Centro,REGIONAL,Par (↓ Sur/Destino),12100,Segovia,18000,Madrid - Atocha Cercanías,25,Segovia > Navas De Riofrío- La Losa > Ortigosa Del Monte > Otero-Herreros > Los ángeles De San Rafael > El Espinar > San Rafael > Tablada > Cercedilla > Los Molinos-Guadarrama > Collado Mediano > Alpedrete-Mataespesa > Los Negrales > Villalba De Guadarrama > Galapagar-La Navata > Torrelodones > Las Matas > Pinar De Las Rozas > Pitis > Mirasierra-Paco De Lucía > Madrid-Ramón Y Cajal > Madrid-Chamartín-Clara Campoamor > Madrid-Nuevos Ministerios > Madrid-Recoletos > Madrid - Atocha Cercanías
2026-04-23,17129,MD,Media Distancia,Área Centro,REGIONAL,Impar (↑ Norte/Origen),18000,Madrid - Atocha Cercanías,12100,Segovia,25,Madrid - Atocha Cercanías > Madrid-Recoletos > Madrid-Nuevos Ministerios > Madrid-Chamartín-Clara Campoamor > Madrid-Ramón Y Cajal > Mirasierra-Paco De Lucía > Pitis > Pinar De Las Rozas > Las Matas > Torrelodones > Galapagar-La Navata > Villalba De Guadarrama > Los Negrales > Alpedrete-Mataespesa > Collado Mediano > Los Molinos-Guadarrama > Cercedilla > Tablada > San Rafael > El Espinar > Los ángeles De San Rafael > Otero-Herreros > Ortigosa Del Monte > Navas De Riofrío- La Losa > Segovia
2026-04-23,17130,MD,Media Distancia,Área Centro,REGIONAL,Par (↓ Sur/Destino),12100,Segovia,18000,Madrid - Atocha Cercanías,24,Segovia > Navas De Riofrío- La Losa > Ortigosa Del Monte > Otero-Herreros > Los ángeles De San Rafael > El Espinar > San Rafael > Cercedilla > Los Molinos-Guadarrama > Collado Mediano > Alpedrete-Mataespesa > Los Negrales > Villalba De Guadarrama > Galapagar-La Navata > Torrelodones > Las Matas > Pinar De Las Rozas > Pitis > Mirasierra-Paco De Lucía > Madrid-Ramón Y Cajal > Madrid-Chamartín-Clara Campoamor > Madrid-Nuevos Ministerios > Madrid-Recoletos > Madrid - Atocha Cercanías
2026-04-23,17131,MD,Media Distancia,Área Centro,REGIONAL,Impar (↑ Norte/Origen),18000,Madrid - Atocha Cercanías,12100,Segovia,24,Madrid - Atocha Cercanías > Madrid-Recoletos > Madrid-Nuevos Ministerios > Madrid-Chamartín-Clara Campoamor > Madrid-Ramón Y Cajal > Mirasierra-Paco De Lucía > Pitis > Pinar De Las Rozas > Las Matas > Torrelodones > Galapagar-La Navata > Villalba De Guadarrama > Los Negrales > Alpedrete-Mataespesa > Collado Mediano > Los Molinos-Guadarrama > Cercedilla > San Rafael > El Espinar > Los ángeles De San Rafael > Otero-Herreros > Ortigosa Del Monte > Navas De Riofrío- La Losa > Segovia
2026-04-23,17132,MD,Media Distancia,Área Centro,REGIONAL,Par (↓ Sur/Destino),12100,Segovia,18000,Madrid - Atocha Cercanías,24,Segovia > Navas De Riofrío- La Losa > Ortigosa Del Monte > Otero-Herreros > Los ángeles De San Rafael > El Espinar > San Rafael > Cercedilla > Los Molinos-Guadarrama > Collado Mediano > Alpedrete-Mataespesa > Los Negrales > Villalba De Guadarrama > Galapagar-La Navata > Torrelodones > Las Matas > Pinar De Las Rozas > Pitis > Mirasierra-Paco De Lucía > Madrid-Ramón Y Cajal > Madrid-Chamartín-Clara Campoamor > Madrid-Nuevos Ministerios > Madrid-Recoletos > Madrid - Atocha Cercanías
2026-04-23,17133,MD,Media Distancia,Área Centro,REGIONAL,Impar (↑ Norte/Origen),18000,Madrid - Atocha Cercanías,12100,Segovia,24,Madrid - Atocha Cercanías > Madrid-Recoletos > Madrid-Nuevos Ministerios > Madrid-Chamartín-Clara Campoamor > Madrid-Ramón Y Cajal > Mirasierra-Paco De Lucía > Pitis > Pinar De Las Rozas > Las Matas > Torrelodones > Galapagar-La Navata > Villalba De Guadarrama > Los Negrales > Alpedrete-Mataespesa > Collado Mediano > Los Molinos-Guadarrama > Cercedilla > San Rafael > El Espinar > Los ángeles De San Rafael > Otero-Herreros > Ortigosa Del Monte > Navas De Riofrío- La Losa > Segovia
2026-04-23,17134,MD,Media Distancia,Área Centro,REGIONAL,Par (↓ Sur/Destino),12100,Segovia,18000,Madrid - Atocha Cercanías,25,Segovia > Navas De Riofrío- La Losa > Ortigosa Del Monte > Otero-Herreros > Los ángeles De San Rafael > El Espinar > San Rafael > Tablada > Cercedilla > Los Molinos-Guadarrama > Collado Mediano > Alpedrete-Mataespesa > Los Negrales > Villalba De Guadarrama > Galapagar-La Navata > Torrelodones > Las Matas > Pinar De Las Rozas > Pitis > Mirasierra-Paco De Lucía > Madrid-Ramón Y Cajal > Madrid-Chamartín-Clara Campoamor > Madrid-Nuevos Ministerios > Madrid-Recoletos > Madrid - Atocha Cercanías
2026-04-23,17135,MD,Media Distancia,Área Centro,REGIONAL,Impar (↑ Norte/Origen),18000,Madrid - Atocha Cercanías,12100,Segovia,26,Madrid - Atocha Cercanías > Madrid-Recoletos > Madrid-Nuevos Ministerios > Madrid-Chamartín-Clara Campoamor > Madrid-Ramón Y Cajal > Mirasierra-Paco De Lucía > Pitis > Pinar De Las Rozas > Las Matas > Torrelodones > Galapagar-La Navata > Villalba De Guadarrama > Los Negrales > Alpedrete-Mataespesa > Collado Mediano > Los Molinos-Guadarrama > Cercedilla > Tablada > Gudillos > San Rafael > El Espinar > Los ángeles De San Rafael > Otero-Herreros > Ortigosa Del Monte > Navas De Riofrío- La Losa > Segovia
2026-04-23,17136,MD,Media Distancia,Área Centro,REGIONAL,Par (↓ Sur/Destino),12100,Segovia,12006,Cercedilla,9,Segovia > Navas De Riofrío- La Losa > Ortigosa Del Monte > Otero-Herreros > Los ángeles De San Rafael > El Espinar > San Rafael > Tablada > Cercedilla
2026-04-23,17139,MD,Media Distancia,Área Centro,REGIONAL,Impar (↑ Norte/Origen),18000,Madrid - Atocha Cercanías,12100,Segovia,26,Madrid - Atocha Cercanías > Madrid-Recoletos > Madrid-Nuevos Ministerios > Madrid-Chamartín-Clara Campoamor > Madrid-Ramón Y Cajal > Mirasierra-Paco De Lucía > Pitis > Pinar De Las Rozas > Las Matas > Torrelodones > Galapagar-La Navata > Villalba De Guadarrama > Los Negrales > Alpedrete-Mataespesa > Collado Mediano > Los Molinos-Guadarrama > Cercedilla > Tablada > Gudillos > San Rafael > El Espinar > Los ángeles De San Rafael > Otero-Herreros > Ortigosa Del Monte > Navas De Riofrío- La Losa > Segovia
2026-04-23,17151,MD,Media Distancia,Área Centro,REGIONAL,Impar (↑ Norte/Origen),18000,Madrid - Atocha Cercanías,10400,Ávila,23,Madrid - Atocha Cercanías > Madrid-Recoletos > Madrid-Nuevos Ministerios > Madrid-Chamartín-Clara Campoamor > Madrid-Ramón Y Cajal > Mirasierra-Paco De Lucía > Pitis > Pinar De Las Rozas > Las Matas > Torrelodones > Galapagar-La Navata > Villalba De Guadarrama > San Yago > Las Zorreras-Navalquejigo > El Escorial > Zarzalejo > Robledo De Chavela > Santa María De La Alameda-Peguerinos > El Pimpollar > Las Navas Del Marqués > Navalperal > Herradón-La Cañada > Ávila
2026-04-23,17154,MD,Media Distancia,Área Centro,REGIONAL,Par (↓ Sur/Destino),10400,Ávila,18000,Madrid - Atocha Cercanías,23,Ávila > Herradón-La Cañada > Navalperal > Las Navas Del Marqués > El Pimpollar > Santa María De La Alameda-Peguerinos > Robledo De Chavela > Zarzalejo > El Escorial > Las Zorreras-Navalquejigo > San Yago > Villalba De Guadarrama > Galapagar-La Navata > Torrelodones > Las Matas > Pinar De Las Rozas > Pitis > Mirasierra-Paco De Lucía > Madrid-Ramón Y Cajal > Madrid-Chamartín-Clara Campoamor > Madrid-Nuevos Ministerios > Madrid-Recoletos > Madrid - Atocha Cercanías
2026-04-23,17161,MD,Media Distancia,Área Centro,REGIONAL,Impar (↑ Norte/Origen),17000,Madrid-Chamartín-Clara Campoamor,10400,Ávila,21,Madrid-Chamartín-Clara Campoamor > Madrid-Ramón Y Cajal > Mirasierra-Paco De Lucía > Pitis > Pinar De Las Rozas > Las Matas > Torrelodones > Galapagar-La Navata > Villalba De Guadarrama > San Yago > Las Zorreras-Navalquejigo > El Escorial > Zarzalejo > Robledo De Chavela > Santa María De La Alameda-Peguerinos > El Pimpollar > Las Navas Del Marqués > Navalperal > Herradón-La Cañada > Guimorcondo > Ávila
2026-04-23,17161,MD,Media Distancia,Área Centro,REGIONAL,Impar (↑ Norte/Origen),18000,Madrid - Atocha Cercanías,10400,Ávila,24,Madrid - Atocha Cercanías > Madrid-Recoletos > Madrid-Nuevos Ministerios > Madrid-Chamartín-Clara Campoamor > Madrid-Ramón Y Cajal > Mirasierra-Paco De Lucía > Pitis > Pinar De Las Rozas > Las Matas > Torrelodones > Galapagar-La Navata > Villalba De Guadarrama > San Yago > Las Zorreras-Navalquejigo > El Escorial > Zarzalejo > Robledo De Chavela > Santa María De La Alameda-Peguerinos > El Pimpollar > Las Navas Del Marqués > Navalperal > Herradón-La Cañada > Guimorcondo > Ávila
2026-04-23,17190,MD,Media Distancia,Área Centro,PROXIMDAD,Par (↓ Sur/Destino),18000,Madrid - Atocha Cercanías,35005,Illescas,5,Madrid - Atocha Cercanías > Leganés > Fuenlabrada > Humanes > Illescas
2026-04-23,17191,MD,Media Distancia,Área Centro,PROXIMDAD,Impar (↑ Norte/Origen),35005,Illescas,18000,Madrid - Atocha Cercanías,5,Illescas > Humanes > Fuenlabrada > Leganés > Madrid - Atocha Cercanías
2026-04-23,17192,MD,Media Distancia,Área Centro,PROXIMDAD,Par (↓ Sur/Destino),18000,Madrid - Atocha Cercanías,35005,Illescas,5,Madrid - Atocha Cercanías > Leganés > Fuenlabrada > Humanes > Illescas
2026-04-23,17193,MD,Media Distancia,Área Centro,PROXIMDAD,Impar (↑ Norte/Origen),35005,Illescas,18000,Madrid - Atocha Cercanías,5,Illescas > Humanes > Fuenlabrada > Leganés > Madrid - Atocha Cercanías
2026-04-23,17200,MD,Media Distancia,Área Centro,REG.EXP.,Par (↓ Sur/Destino),10600,Valladolid,10400,Ávila,8,Valladolid > Viana > Valdestillas > Matapozuelos > Pozaldez > Medina Del Campo > Arévalo > Ávila
2026-04-23,17201,MD,Media Distancia,Área Centro,REG.EXP.,Impar (↑ Norte/Origen),10400,Ávila,10610,Valladolid-Universidad,9,Ávila > Arévalo > Medina Del Campo > Pozaldez > Matapozuelos > Valdestillas > Viana > Valladolid > Valladolid-Universidad
2026-04-23,17203,MD,Media Distancia,Área Centro,REG.EXP.,Impar (↑ Norte/Origen),10400,Ávila,10600,Valladolid,8,Ávila > Arévalo > Medina Del Campo > Pozaldez > Matapozuelos > Valdestillas > Viana > Valladolid
2026-04-23,17218,MD,Media Distancia,Área Centro,REG.EXP.,Par (↓ Sur/Destino),10600,Valladolid,10400,Ávila,8,Valladolid > Viana > Valdestillas > Matapozuelos > Pozaldez > Medina Del Campo > Arévalo > Ávila
2026-04-23,17221,MD,Media Distancia,Área Centro,REG.EXP.,Impar (↑ Norte/Origen),10400,Ávila,10600,Valladolid,8,Ávila > Arévalo > Medina Del Campo > Pozaldez > Matapozuelos > Valdestillas > Viana > Valladolid
2026-04-23,17226,MD,Media Distancia,Área Centro,PROXIMDAD,Par (↓ Sur/Destino),10600,Valladolid,10500,Medina Del Campo,6,Valladolid > Viana > Valdestillas > Matapozuelos > Pozaldez > Medina Del Campo
2026-04-23,17227,MD,Media Distancia,Área Centro,PROXIMDAD,Impar (↑ Norte/Origen),10500,Medina Del Campo,10600,Valladolid,6,Medina Del Campo > Pozaldez > Matapozuelos > Valdestillas > Viana > Valladolid
2026-04-23,17229,MD,Media Distancia,Área Centro,PROXIMDAD,Impar (↑ Norte/Origen),10500,Medina Del Campo,10600,Valladolid,6,Medina Del Campo > Pozaldez > Matapozuelos > Valdestillas > Viana > Valladolid
2026-04-23,17300,MD,Media Distancia,Área Centro,REG.EXP.,Par (↓ Sur/Destino),17000,Madrid-Chamartín-Clara Campoamor,82100,Soria,10,Madrid-Chamartín-Clara Campoamor > Alcala De Henares > Guadalajara > Jadraque > Siguenza > Torralba > Almazan > Tardelcuende > Quintana Redonda > Soria
2026-04-23,17301,MD,Media Distancia,Área Centro,REG.EXP.,Impar (↑ Norte/Origen),82100,Soria,17000,Madrid-Chamartín-Clara Campoamor,9,Soria > Quintana Redonda > Tardelcuende > Almazan > Siguenza > Jadraque > Guadalajara > Alcala De Henares > Madrid-Chamartín-Clara Campoamor
2026-04-23,17302,MD,Media Distancia,Área Centro,REG.EXP.,Par (↓ Sur/Destino),17000,Madrid-Chamartín-Clara Campoamor,82100,Soria,10,Madrid-Chamartín-Clara Campoamor > Alcala De Henares > Guadalajara > Jadraque > Siguenza > Torralba > Almazan > Tardelcuende > Quintana Redonda > Soria
2026-04-23,17303,MD,Media Distancia,Área Centro,REG.EXP.,Impar (↑ Norte/Origen),82100,Soria,17000,Madrid-Chamartín-Clara Campoamor,9,Soria > Quintana Redonda > Tardelcuende > Almazan > Siguenza > Jadraque > Guadalajara > Alcala De Henares > Madrid-Chamartín-Clara Campoamor
2026-04-23,17304,MD,Media Distancia,Área Centro,REG.EXP.,Par (↓ Sur/Destino),17000,Madrid-Chamartín-Clara Campoamor,82100,Soria,9,Madrid-Chamartín-Clara Campoamor > Alcala De Henares > Guadalajara > Jadraque > Siguenza > Almazan > Tardelcuende > Quintana Redonda > Soria
2026-04-23,17305,MD,Media Distancia,Área Centro,REG.EXP.,Impar (↑ Norte/Origen),82100,Soria,17000,Madrid-Chamartín-Clara Campoamor,10,Soria > Quintana Redonda > Tardelcuende > Almazan > Torralba > Siguenza > Jadraque > Guadalajara > Alcala De Henares > Madrid-Chamartín-Clara Campoamor
2026-04-23,17306,MD,Media Distancia,Área Centro,REG.EXP.,Par (↓ Sur/Destino),17000,Madrid-Chamartín-Clara Campoamor,82100,Soria,9,Madrid-Chamartín-Clara Campoamor > Alcala De Henares > Guadalajara > Jadraque > Siguenza > Almazan > Tardelcuende > Quintana Redonda > Soria
2026-04-23,17307,MD,Media Distancia,Área Centro,REG.EXP.,Impar (↑ Norte/Origen),82100,Soria,17000,Madrid-Chamartín-Clara Campoamor,13,Soria > Quintana Redonda > Tardelcuende > Almazan > Torralba > Siguenza > Matillas > Jadraque > Carrascosa De Henares > Espinosa De Henares > Guadalajara > Alcala De Henares > Madrid-Chamartín-Clara Campoamor
2026-04-23,17307,MD,Media Distancia,Área Centro,REG.EXP.,Impar (↑ Norte/Origen),82100,Soria,70300,Baides,7,Soria > Quintana Redonda > Tardelcuende > Almazan > Torralba > Siguenza > Baides
2026-04-23,17307,MD,Media Distancia,Área Centro,REG.EXP.,Impar (↑ Norte/Origen),70300,Baides,17000,Madrid-Chamartín-Clara Campoamor,8,Baides > Matillas > Jadraque > Carrascosa De Henares > Espinosa De Henares > Guadalajara > Alcala De Henares > Madrid-Chamartín-Clara Campoamor
2026-04-23,17402,MD,Media Distancia,Área Centro,REGIONAL,Par (↓ Sur/Destino),17000,Madrid-Chamartín-Clara Campoamor,70302,Siguenza,9,Madrid-Chamartín-Clara Campoamor > San Fernando Henares > Torrejón De Ardoz > Alcala De Henares > Alcalá Henares-Universidad (apd) > Meco (apd-Cgd) > Azuqueca > Guadalajara > Siguenza
2026-04-23,17408,MD,Media Distancia,Área Centro,REGIONAL,Par (↓ Sur/Destino),17000,Madrid-Chamartín-Clara Campoamor,70302,Siguenza,20,Madrid-Chamartín-Clara Campoamor > Madrid-Nuevos Ministerios > Madrid-Recoletos > Madrid - Atocha Cercanías > Asamblea De Mad. Entrevías > El Pozo > Vallecas > Santa Eugenia > Vicálvaro > Coslada (apd) > San Fernando Henares > Torrejón De Ardoz > Soto Del Henares > La Garena > Alcala De Henares > Alcalá Henares-Universidad (apd) > Meco (apd-Cgd) > Azuqueca > Guadalajara > Siguenza
2026-04-23,17501,MD,Media Distancia,Área Centro,REG.EXP.,Impar (↑ Norte/Origen),79400,Barcelona-Estació De França,04040,Zaragoza-Delicias,28,Barcelona-Estació De França > Barcelona-Passeig De Gracia > Barcelona-Sants > Vilanova I La Geltrú > Sant Vicenç De Calders > Torredembarra > Altafulla-Tamarit > Tarragona > Vila-Seca > Reus > Les Borges Del Camp > Marçà-Falset > Capçanes > Móra La Nova > Ascó > Flix > Riba-Roja D'ebre > Faió-La Pobla De Massaluca (fayón) > Nonaspe > Caspe > Samper > La Puebla De Híjar > La Zaida-Sástago > Quinto > Zaragoza Miraflores > Zaragoza Goya > Zaragoza Portillo > Zaragoza-Delicias
2026-04-23,17503,MD,Media Distancia,Área Centro,REGIONAL,Impar (↑ Norte/Origen),78400,Lleida-Pirineus,04040,Zaragoza-Delicias,11,Lleida-Pirineus > Binefar > Monzon-Rio Cinca > Sariñena > Grañen > Tardienta > Villanueva De Gállego > Zaragoza Miraflores > Zaragoza Goya > Zaragoza Portillo > Zaragoza-Delicias
2026-04-23,17505,MD,Media Distancia,Área Centro,REG.EXP.,Impar (↑ Norte/Origen),79400,Barcelona-Estació De França,04040,Zaragoza-Delicias,29,Barcelona-Estació De França > Barcelona-Passeig De Gracia > Barcelona-Sants > Vilanova I La Geltrú > Sant Vicenç De Calders > Torredembarra > Altafulla-Tamarit > Tarragona > Vila-Seca > Reus > Les Borges Del Camp > Marçà-Falset > Capçanes > Móra La Nova > Ascó > Flix > Riba-Roja D'ebre > Faió-La Pobla De Massaluca (fayón) > Nonaspe > Fabara > Caspe > Samper > La Puebla De Híjar > La Zaida-Sástago > Quinto > Zaragoza Miraflores > Zaragoza Goya > Zaragoza Portillo > Zaragoza-Delicias
2026-04-23,17702,MD,Media Distancia,Área Centro,REGIONAL,Par (↓ Sur/Destino),18000,Madrid - Atocha Cercanías,35200,Talavera De La Reina,7,Madrid - Atocha Cercanías > Leganés > Fuenlabrada > Illescas > Torrijos > Montearagón > Talavera De La Reina
2026-04-23,17703,MD,Media Distancia,Área Centro,REGIONAL,Impar (↑ Norte/Origen),35200,Talavera De La Reina,18000,Madrid - Atocha Cercanías,5,Talavera De La Reina > Torrijos > Illescas > Fuenlabrada > Madrid - Atocha Cercanías
2026-04-23,17705,MD,Media Distancia,Área Centro,REGIONAL,Impar (↑ Norte/Origen),35200,Talavera De La Reina,18000,Madrid - Atocha Cercanías,6,Talavera De La Reina > Torrijos > Illescas > Fuenlabrada > Leganés > Madrid - Atocha Cercanías
2026-04-23,17706,MD,Media Distancia,Área Centro,REGIONAL,Par (↓ Sur/Destino),18000,Madrid - Atocha Cercanías,35200,Talavera De La Reina,6,Madrid - Atocha Cercanías > Leganés > Fuenlabrada > Illescas > Torrijos > Talavera De La Reina
2026-04-23,17707,MD,Media Distancia,Área Centro,REGIONAL,Impar (↑ Norte/Origen),35200,Talavera De La Reina,18000,Madrid - Atocha Cercanías,7,Talavera De La Reina > Montearagón > Torrijos > Illescas > Fuenlabrada > Leganés > Madrid - Atocha Cercanías
2026-04-23,17801,MD,Media Distancia,Área Centro,REGIONAL,Impar (↑ Norte/Origen),37606,Badajoz,37406,Villanueva de La Serena,10,Badajoz > Guadiana del Caudillo > Montijo-El Molino > Montijo > Garrovilla-Las Vegas > Mérida > Guareña > Valdetorres > Don Benito > Villanueva de La Serena
2026-04-23,17803,MD,Media Distancia,Área Centro,REG.EXP.,Impar (↑ Norte/Origen),37606,Badajoz,37311,Cabeza de Buey,14,Badajoz > Guadiana del Caudillo > Montijo-El Molino > Montijo > Garrovilla-Las Vegas > Mérida > Guareña > Valdetorres > Don Benito > Villanueva de La Serena > Campanario > Castuera > Almorchon > Cabeza de Buey
2026-04-23,17806,MD,Media Distancia,Área Centro,REG.EXP.,Par (↓ Sur/Destino),37311,Cabeza de Buey,37606,Badajoz,14,Cabeza de Buey > Almorchon > Castuera > Campanario > Villanueva de La Serena > Don Benito > Valdetorres > Guareña > Mérida > Garrovilla-Las Vegas > Montijo > Montijo-El Molino > Guadiana del Caudillo > Badajoz
2026-04-23,17810,MD,Media Distancia,Área Centro,REGIONAL,Par (↓ Sur/Destino),37406,Villanueva de La Serena,37606,Badajoz,10,Villanueva de La Serena > Don Benito > Valdetorres > Guareña > Mérida > Garrovilla-Las Vegas > Montijo > Montijo-El Molino > Guadiana del Caudillo > Badajoz
2026-04-23,17812,MD,Media Distancia,Área Centro,REG.EXP.,Par (↓ Sur/Destino),37311,Cabeza de Buey,37606,Badajoz,14,Cabeza de Buey > Almorchon > Castuera > Campanario > Villanueva de La Serena > Don Benito > Valdetorres > Guareña > Mérida > Garrovilla-Las Vegas > Montijo > Montijo-El Molino > Guadiana del Caudillo > Badajoz
2026-04-23,17815,MD,Media Distancia,Área Centro,REGIONAL,Impar (↑ Norte/Origen),40100,Zafra,37500,Mérida,7,Zafra > Zafra Feria > Los Santos De Maimona > Villafranca De Los Barros > Almendralejo > Calamonte > Mérida
2026-04-23,17817,MD,Media Distancia,Área Centro,REGIONAL,Impar (↑ Norte/Origen),40100,Zafra,37500,Mérida,7,Zafra > Zafra Feria > Los Santos De Maimona > Villafranca De Los Barros > Almendralejo > Calamonte > Mérida
2026-04-23,17823,MD,Media Distancia,Área Centro,REGIONAL,Impar (↑ Norte/Origen),37500,Mérida,40100,Zafra,7,Mérida > Calamonte > Almendralejo > Villafranca De Los Barros > Los Santos De Maimona > Zafra Feria > Zafra
2026-04-23,17902,MD,Media Distancia,Área Centro,MD,Par (↓ Sur/Destino),18000,Madrid - Atocha Cercanías,51003,Sevilla-Santa Justa,18,Madrid - Atocha Cercanías > Leganés > Illescas > Torrijos > Talavera De La Reina > Oropesa De Toledo > Navalmoral De La Mata > Monfragüe-Plasencia > Plasencia > Cáceres > Mérida > Calamonte > Almendralejo > Villafranca De Los Barros > Los Santos De Maimona > Zafra Feria > Zafra > Sevilla-Santa Justa
2026-04-23,17902,MD,Media Distancia,Área Centro,MD,Par (↓ Sur/Destino),18000,Madrid - Atocha Cercanías,40107,Fuente Del Arco,19,Madrid - Atocha Cercanías > Leganés > Illescas > Torrijos > Talavera De La Reina > Oropesa De Toledo > Navalmoral De La Mata > Monfragüe-Plasencia > Plasencia > Cáceres > Mérida > Calamonte > Almendralejo > Villafranca De Los Barros > Los Santos De Maimona > Zafra Feria > Zafra > Llerena > Fuente Del Arco
2026-04-23,17902,MD,Media Distancia,Área Centro,MD,Par (↓ Sur/Destino),40107,Fuente Del Arco,51003,Sevilla-Santa Justa,8,Fuente Del Arco > Guadalcanal > Cazalla-Constantina > Pedroso > Villanueva Del Río-Minas > Tocina > Los Rosales > Sevilla-Santa Justa
2026-04-23,17907,MD,Media Distancia,Área Centro,MD,Impar (↑ Norte/Origen),51003,Sevilla-Santa Justa,18000,Madrid - Atocha Cercanías,18,Sevilla-Santa Justa > Zafra > Zafra Feria > Los Santos De Maimona > Villafranca De Los Barros > Almendralejo > Calamonte > Mérida > Cáceres > Plasencia > Monfragüe-Plasencia > Navalmoral De La Mata > Oropesa De Toledo > Talavera De La Reina > Torrijos > Illescas > Leganés > Madrid - Atocha Cercanías
2026-04-23,17907,MD,Media Distancia,Área Centro,MD,Impar (↑ Norte/Origen),51003,Sevilla-Santa Justa,40107,Fuente Del Arco,8,Sevilla-Santa Justa > Los Rosales > Tocina > Villanueva Del Río-Minas > Pedroso > Cazalla-Constantina > Guadalcanal > Fuente Del Arco
2026-04-23,17907,MD,Media Distancia,Área Centro,MD,Impar (↑ Norte/Origen),40107,Fuente Del Arco,18000,Madrid - Atocha Cercanías,19,Fuente Del Arco > Llerena > Zafra > Zafra Feria > Los Santos De Maimona > Villafranca De Los Barros > Almendralejo > Calamonte > Mérida > Cáceres > Plasencia > Monfragüe-Plasencia > Navalmoral De La Mata > Oropesa De Toledo > Talavera De La Reina > Torrijos > Illescas > Leganés > Madrid - Atocha Cercanías
2026-04-23,18001,MD,Media Distancia,Área Varias,MD,Impar (↑ Norte/Origen),10000,Madrid-Principe Pio,10600,Valladolid,13,Madrid-Principe Pio > Villalba De Guadarrama > El Escorial > Zarzalejo > Robledo De Chavela > Santa María De La Alameda-Peguerinos > Las Navas Del Marqués > Navalperal > Herradón-La Cañada > Ávila > Arévalo > Medina Del Campo > Valladolid
2026-04-23,18002,MD,Media Distancia,Área Varias,MD,Par (↓ Sur/Destino),15100,Leon,10000,Madrid-Principe Pio,20,Leon > Sahagun > Villada > Paredes de Nava > Palencia > Venta De Baños > Valladolid-Universidad > Valladolid > Medina Del Campo > Arévalo > Ávila > Herradón-La Cañada > Navalperal > Las Navas Del Marqués > Santa María De La Alameda-Peguerinos > Robledo De Chavela > Zarzalejo > El Escorial > Villalba De Guadarrama > Madrid-Principe Pio
2026-04-23,18003,MD,Media Distancia,Área Varias,MD,Impar (↑ Norte/Origen),10000,Madrid-Principe Pio,15100,Leon,13,Madrid-Principe Pio > Villalba De Guadarrama > El Escorial > Ávila > Arévalo > Medina Del Campo > Valladolid > Venta De Baños > Palencia > Paredes de Nava > Villada > Sahagun > Leon
2026-04-23,18004,MD,Media Distancia,Área Varias,MD,Par (↓ Sur/Destino),10600,Valladolid,10000,Madrid-Principe Pio,17,Valladolid > Viana > Valdestillas > Matapozuelos > Pozaldez > Medina Del Campo > Arévalo > Ávila > Herradón-La Cañada > Navalperal > Las Navas Del Marqués > Santa María De La Alameda-Peguerinos > Robledo De Chavela > Zarzalejo > El Escorial > Villalba De Guadarrama > Madrid-Principe Pio
2026-04-23,18005,MD,Media Distancia,Área Varias,MD,Impar (↑ Norte/Origen),10000,Madrid-Principe Pio,15100,Leon,19,Madrid-Principe Pio > Villalba De Guadarrama > El Escorial > Zarzalejo > Robledo De Chavela > Santa María De La Alameda-Peguerinos > Las Navas Del Marqués > Navalperal > Herradón-La Cañada > Ávila > Arévalo > Medina Del Campo > Valladolid > Venta De Baños > Palencia > Paredes de Nava > Villada > Sahagun > Leon
2026-04-23,18006,MD,Media Distancia,Área Varias,MD,Par (↓ Sur/Destino),15100,Leon,10000,Madrid-Principe Pio,19,Leon > Sahagun > Villada > Paredes de Nava > Palencia > Venta De Baños > Valladolid > Medina Del Campo > Arévalo > Ávila > Herradón-La Cañada > Navalperal > Las Navas Del Marqués > Santa María De La Alameda-Peguerinos > Robledo De Chavela > Zarzalejo > El Escorial > Villalba De Guadarrama > Madrid-Principe Pio
2026-04-23,18007,MD,Media Distancia,Área Varias,MD,Impar (↑ Norte/Origen),10000,Madrid-Principe Pio,14100,Palencia,16,Madrid-Principe Pio > Villalba De Guadarrama > El Escorial > Zarzalejo > Robledo De Chavela > Santa María De La Alameda-Peguerinos > Las Navas Del Marqués > Navalperal > Herradón-La Cañada > Ávila > Arévalo > Medina Del Campo > Valladolid > Dueñas > Venta De Baños > Palencia
2026-04-23,18008,MD,Media Distancia,Área Varias,REG.EXP.,Par (↓ Sur/Destino),11208,Vitoria/Gasteiz,10000,Madrid-Principe Pio,18,Vitoria/Gasteiz > Miranda De Ebro > Briviesca > Burgos Rosa Manzano > Venta De Baños > Valladolid > Medina Del Campo > Arévalo > Ávila > Herradón-La Cañada > Navalperal > Las Navas Del Marqués > Santa María De La Alameda-Peguerinos > Robledo De Chavela > Zarzalejo > El Escorial > Villalba De Guadarrama > Madrid-Principe Pio
2026-04-23,18009,MD,Media Distancia,Área Varias,REG.EXP.,Impar (↑ Norte/Origen),10000,Madrid-Principe Pio,11208,Vitoria/Gasteiz,18,Madrid-Principe Pio > Villalba De Guadarrama > El Escorial > Zarzalejo > Robledo De Chavela > Santa María De La Alameda-Peguerinos > Las Navas Del Marqués > Navalperal > Herradón-La Cañada > Ávila > Arévalo > Medina Del Campo > Valladolid > Venta De Baños > Burgos Rosa Manzano > Briviesca > Miranda De Ebro > Vitoria/Gasteiz
2026-04-23,18010,MD,Media Distancia,Área Varias,MD,Par (↓ Sur/Destino),11300,Altsasu/Alsasua-Estación,10000,Madrid-Principe Pio,20,Altsasu/Alsasua-Estación > Araia > Salvatierra/Agurain > Alegría De álava-Dulantzi > Vitoria/Gasteiz > Miranda De Ebro > Pancorbo > Briviesca > Burgos Rosa Manzano > Villaquirán > Quintana Del Puente > Magaz > Venta De Baños > Valladolid > Medina Del Campo > Arévalo > Ávila > El Escorial > Villalba De Guadarrama > Madrid-Principe Pio
2026-04-23,18010,MD,Media Distancia,Área Varias,MD,Par (↓ Sur/Destino),11300,Altsasu/Alsasua-Estación,14100,Palencia,13,Altsasu/Alsasua-Estación > Araia > Salvatierra/Agurain > Alegría De álava-Dulantzi > Vitoria/Gasteiz > Miranda De Ebro > Pancorbo > Briviesca > Burgos Rosa Manzano > Villaquirán > Quintana Del Puente > Magaz > Palencia
2026-04-23,18010,MD,Media Distancia,Área Varias,MD,Par (↓ Sur/Destino),14100,Palencia,10000,Madrid-Principe Pio,9,Palencia > Venta De Baños > Valladolid > Medina Del Campo > Arévalo > Ávila > El Escorial > Villalba De Guadarrama > Madrid-Principe Pio
2026-04-23,18011,MD,Media Distancia,Área Varias,MD,Impar (↑ Norte/Origen),10000,Madrid-Principe Pio,10600,Valladolid,13,Madrid-Principe Pio > Villalba De Guadarrama > El Escorial > Zarzalejo > Robledo De Chavela > Santa María De La Alameda-Peguerinos > Las Navas Del Marqués > Navalperal > Herradón-La Cañada > Ávila > Arévalo > Medina Del Campo > Valladolid
2026-04-23,18012,MD,Media Distancia,Área Varias,MD,Par (↓ Sur/Destino),11600,Irun,10000,Madrid-Principe Pio,28,Irun > Lezo-Errenteria > Pasaia > San Sebastián/Donostia > Hernani-Centro > Andoain Centro/Erdia > Villabona-Zizurkil > Tolosa > Ordizia/Ordicia > Beasain > Zumarraga > Legazpi > Altsasu/Alsasua-Estación > Araia > Salvatierra/Agurain > Alegría De álava-Dulantzi > Vitoria/Gasteiz > Miranda De Ebro > Briviesca > Burgos Rosa Manzano > Venta De Baños > Valladolid > Medina Del Campo > Arévalo > Ávila > El Escorial > Villalba De Guadarrama > Madrid-Principe Pio
2026-04-23,18012,MD,Media Distancia,Área Varias,MD,Par (↓ Sur/Destino),11600,Irun,14100,Palencia,21,Irun > Lezo-Errenteria > Pasaia > San Sebastián/Donostia > Hernani-Centro > Andoain Centro/Erdia > Villabona-Zizurkil > Tolosa > Ordizia/Ordicia > Beasain > Zumarraga > Legazpi > Altsasu/Alsasua-Estación > Araia > Salvatierra/Agurain > Alegría De álava-Dulantzi > Vitoria/Gasteiz > Miranda De Ebro > Briviesca > Burgos Rosa Manzano > Palencia
2026-04-23,18012,MD,Media Distancia,Área Varias,MD,Par (↓ Sur/Destino),14100,Palencia,10000,Madrid-Principe Pio,9,Palencia > Venta De Baños > Valladolid > Medina Del Campo > Arévalo > Ávila > El Escorial > Villalba De Guadarrama > Madrid-Principe Pio
2026-04-23,18014,MD,Media Distancia,Área Varias,MD,Par (↓ Sur/Destino),11600,Irun,10000,Madrid-Principe Pio,36,Irun > Lezo-Errenteria > Pasaia > San Sebastián/Donostia > Hernani-Centro > Andoain Centro/Erdia > Villabona-Zizurkil > Tolosa > Ordizia/Ordicia > Beasain > Zumarraga > Legazpi > Altsasu/Alsasua-Estación > Araia > Salvatierra/Agurain > Alegría De álava-Dulantzi > Vitoria/Gasteiz > Miranda De Ebro > Briviesca > Burgos Rosa Manzano > Venta De Baños > Valladolid > Medina Del Campo > Arévalo > Ávila > Guimorcondo > Herradón-La Cañada > Navalperal > Las Navas Del Marqués > El Pimpollar > Santa María De La Alameda-Peguerinos > Robledo De Chavela > Zarzalejo > El Escorial > Villalba De Guadarrama > Madrid-Principe Pio
2026-04-23,18014,MD,Media Distancia,Área Varias,MD,Par (↓ Sur/Destino),11600,Irun,14100,Palencia,21,Irun > Lezo-Errenteria > Pasaia > San Sebastián/Donostia > Hernani-Centro > Andoain Centro/Erdia > Villabona-Zizurkil > Tolosa > Ordizia/Ordicia > Beasain > Zumarraga > Legazpi > Altsasu/Alsasua-Estación > Araia > Salvatierra/Agurain > Alegría De álava-Dulantzi > Vitoria/Gasteiz > Miranda De Ebro > Briviesca > Burgos Rosa Manzano > Palencia
2026-04-23,18014,MD,Media Distancia,Área Varias,MD,Par (↓ Sur/Destino),14100,Palencia,10000,Madrid-Principe Pio,17,Palencia > Venta De Baños > Valladolid > Medina Del Campo > Arévalo > Ávila > Guimorcondo > Herradón-La Cañada > Navalperal > Las Navas Del Marqués > El Pimpollar > Santa María De La Alameda-Peguerinos > Robledo De Chavela > Zarzalejo > El Escorial > Villalba De Guadarrama > Madrid-Principe Pio
2026-04-23,18018,MD,Media Distancia,Área Varias,REG.EXP.,Par (↓ Sur/Destino),60400,Alcazar de San Juan,65000,Valencia-Estaciò Del Nord,12,Alcazar de San Juan > Campo de Criptana > Socuellamos > Villarrobledo > Minaya > La Roda de Albacete > La Gineta > Albacete-Los Llanos > Almansa > La Encina > Xàtiva > Valencia-Estaciò Del Nord
2026-04-23,18019,MD,Media Distancia,Área Varias,REG.EXP.,Impar (↑ Norte/Origen),71100,Zaragoza Miraflores,81200,Castejón De Ebro,11,Zaragoza Miraflores > Zaragoza Goya > Zaragoza Portillo > Zaragoza-Delicias > Alagón > Luceni > Gallur > Cortes De Navarra > Ribaforada > Tudela De Navarra > Castejón De Ebro
2026-04-23,18021,MD,Media Distancia,Área Varias,REG.EXP.,Impar (↑ Norte/Origen),71100,Zaragoza Miraflores,11200,Miranda De Ebro,31,Zaragoza Miraflores > Zaragoza Goya > Zaragoza Portillo > Zaragoza-Delicias > Utebo > Casetas > Alagón > Cabanyas De Ebro > Pedrola > Luceni > Gallur > Cortes De Navarra > Ribaforada > Tudela De Navarra > Castejón De Ebro > Villafranca De Navarra > Marcilla De Navarra > Olite/Erriberri > Tafalla > Pamplona/Iruña > Uharte-Arakil > Etxarri-Aranatz > Altsasu/Alsasua-Pueblo > Araia > Salvatierra/Agurain > Alegría De álava-Dulantzi > Vitoria/Gasteiz > Nanclares/Langraiz > La Puebla De Arganzón > Manzanos > Miranda De Ebro
2026-04-23,18022,MD,Media Distancia,Área Varias,REG.EXP.,Par (↓ Sur/Destino),80100,Pamplona/Iruña,71100,Zaragoza Miraflores,14,Pamplona/Iruña > Tafalla > Olite/Erriberri > Marcilla De Navarra > Villafranca De Navarra > Castejón De Ebro > Tudela De Navarra > Ribaforada > Cortes De Navarra > Alagón > Zaragoza-Delicias > Zaragoza Portillo > Zaragoza Goya > Zaragoza Miraflores
2026-04-23,18023,MD,Media Distancia,Área Varias,REG.EXP.,Impar (↑ Norte/Origen),71100,Zaragoza Miraflores,80100,Pamplona/Iruña,14,Zaragoza Miraflores > Zaragoza Goya > Zaragoza Portillo > Zaragoza-Delicias > Alagón > Cortes De Navarra > Ribaforada > Tudela De Navarra > Castejón De Ebro > Villafranca De Navarra > Marcilla De Navarra > Olite/Erriberri > Tafalla > Pamplona/Iruña
2026-04-23,18024,MD,Media Distancia,Área Varias,REG.EXP.,Par (↓ Sur/Destino),37200,Ciudad Real,65000,Valencia-Estaciò Del Nord,16,Ciudad Real > Almagro > Daimiel > Manzanares > Alcazar de San Juan > Campo de Criptana > Socuellamos > Villarrobledo > Minaya > La Roda de Albacete > La Gineta > Albacete-Los Llanos > Almansa > La Encina > Xàtiva > Valencia-Estaciò Del Nord
2026-04-23,18024,MD,Media Distancia,Área Varias,REG.EXP.,Par (↓ Sur/Destino),60400,Alcazar de San Juan,65000,Valencia-Estaciò Del Nord,12,Alcazar de San Juan > Campo de Criptana > Socuellamos > Villarrobledo > Minaya > La Roda de Albacete > La Gineta > Albacete-Los Llanos > Almansa > La Encina > Xàtiva > Valencia-Estaciò Del Nord
2026-04-23,18027,MD,Media Distancia,Área Varias,REG.EXP.,Impar (↑ Norte/Origen),65000,Valencia-Estaciò Del Nord,60400,Alcazar de San Juan,13,Valencia-Estaciò Del Nord > Silla > Xàtiva > La Encina > Almansa > Albacete-Los Llanos > La Gineta > La Roda de Albacete > Minaya > Villarrobledo > Socuellamos > Campo de Criptana > Alcazar de San Juan
2026-04-23,18027,MD,Media Distancia,Área Varias,REG.EXP.,Impar (↑ Norte/Origen),65000,Valencia-Estaciò Del Nord,37200,Ciudad Real,17,Valencia-Estaciò Del Nord > Silla > Xàtiva > La Encina > Almansa > Albacete-Los Llanos > La Gineta > La Roda de Albacete > Minaya > Villarrobledo > Socuellamos > Campo de Criptana > Alcazar de San Juan > Manzanares > Daimiel > Almagro > Ciudad Real
2026-04-23,18029,MD,Media Distancia,Área Varias,REG.EXP.,Impar (↑ Norte/Origen),11200,Miranda De Ebro,71100,Zaragoza Miraflores,31,Miranda De Ebro > Manzanos > La Puebla De Arganzón > Nanclares/Langraiz > Vitoria/Gasteiz > Alegría De álava-Dulantzi > Salvatierra/Agurain > Araia > Altsasu/Alsasua-Pueblo > Etxarri-Aranatz > Uharte-Arakil > Pamplona/Iruña > Tafalla > Olite/Erriberri > Marcilla De Navarra > Villafranca De Navarra > Castejón De Ebro > Tudela De Navarra > Ribaforada > Cortes De Navarra > Gallur > Luceni > Pedrola > Cabanyas De Ebro > Alagón > Casetas > Utebo > Zaragoza-Delicias > Zaragoza Portillo > Zaragoza Goya > Zaragoza Miraflores
2026-04-23,18030,MD,Media Distancia,Área Varias,MD,Par (↓ Sur/Destino),17000,Madrid-Chamartín-Clara Campoamor,03100,Jaen,15,Madrid-Chamartín-Clara Campoamor > Madrid - Atocha Cercanías > Aranjuez > Villasequilla > Villacañas > Quero > Alcazar de San Juan > Manzanares > Valdepeñas > Santa Cruz de Mudela > Almuradiel-Viso del Marques > Vilches > Linares-Baeza > Mengibar-Artichuela (apd-Cgd) > Jaen
2026-04-23,18031,MD,Media Distancia,Área Varias,MD,Impar (↑ Norte/Origen),03100,Jaen,17000,Madrid-Chamartín-Clara Campoamor,13,Jaen > Linares-Baeza > Vilches > Almuradiel-Viso del Marques > Santa Cruz de Mudela > Valdepeñas > Manzanares > Cinco Casas > Alcazar de San Juan > Villacañas > Aranjuez > Madrid - Atocha Cercanías > Madrid-Chamartín-Clara Campoamor
2026-04-23,18032,MD,Media Distancia,Área Varias,MD,Par (↓ Sur/Destino),17000,Madrid-Chamartín-Clara Campoamor,03100,Jaen,15,Madrid-Chamartín-Clara Campoamor > Madrid - Atocha Cercanías > Aranjuez > Villasequilla > Villacañas > Alcazar de San Juan > Cinco Casas > Manzanares > Valdepeñas > Santa Cruz de Mudela > Almuradiel-Viso del Marques > Vilches > Linares-Baeza > Mengibar-Artichuela (apd-Cgd) > Jaen
2026-04-23,18033,MD,Media Distancia,Área Varias,MD,Impar (↑ Norte/Origen),03100,Jaen,17000,Madrid-Chamartín-Clara Campoamor,13,Jaen > Mengibar-Artichuela (apd-Cgd) > Linares-Baeza > Vilches > Almuradiel-Viso del Marques > Santa Cruz de Mudela > Valdepeñas > Manzanares > Alcazar de San Juan > Villacañas > Aranjuez > Madrid - Atocha Cercanías > Madrid-Chamartín-Clara Campoamor
2026-04-23,18034,MD,Media Distancia,Área Varias,MD,Par (↓ Sur/Destino),17000,Madrid-Chamartín-Clara Campoamor,03100,Jaen,8,Madrid-Chamartín-Clara Campoamor > Madrid - Atocha Cercanías > Alcazar de San Juan > Manzanares > Valdepeñas > Vilches > Linares-Baeza > Jaen
2026-04-23,18035,MD,Media Distancia,Área Varias,MD,Impar (↑ Norte/Origen),03100,Jaen,17000,Madrid-Chamartín-Clara Campoamor,13,Jaen > Mengibar-Artichuela (apd-Cgd) > Linares-Baeza > Vilches > Almuradiel-Viso del Marques > Santa Cruz de Mudela > Valdepeñas > Manzanares > Alcazar de San Juan > Villacañas > Aranjuez > Madrid - Atocha Cercanías > Madrid-Chamartín-Clara Campoamor
2026-04-23,18036,MD,Media Distancia,Área Varias,MD,Par (↓ Sur/Destino),17000,Madrid-Chamartín-Clara Campoamor,03100,Jaen,14,Madrid-Chamartín-Clara Campoamor > Madrid - Atocha Cercanías > Aranjuez > Villasequilla > Villacañas > Alcazar de San Juan > Manzanares > Valdepeñas > Santa Cruz de Mudela > Almuradiel-Viso del Marques > Vilches > Linares-Baeza > Mengibar-Artichuela (apd-Cgd) > Jaen
2026-04-23,18037,MD,Media Distancia,Área Varias,MD,Impar (↑ Norte/Origen),03100,Jaen,17000,Madrid-Chamartín-Clara Campoamor,12,Jaen > Mengibar-Artichuela (apd-Cgd) > Linares-Baeza > Vilches > Almuradiel-Viso del Marques > Santa Cruz de Mudela > Valdepeñas > Manzanares > Alcazar de San Juan > Aranjuez > Madrid - Atocha Cercanías > Madrid-Chamartín-Clara Campoamor
2026-04-23,18039,MD,Media Distancia,Área Varias,REG.EXP.,Impar (↑ Norte/Origen),71100,Zaragoza Miraflores,80100,Pamplona/Iruña,8,Zaragoza Miraflores > Zaragoza Goya > Zaragoza Portillo > Zaragoza-Delicias > Tudela De Navarra > Castejón De Ebro > Tafalla > Pamplona/Iruña
2026-04-23,18040,MD,Media Distancia,Área Varias,MD,Par (↓ Sur/Destino),17000,Madrid-Chamartín-Clara Campoamor,60600,Albacete-Los Llanos,15,Madrid-Chamartín-Clara Campoamor > Madrid - Atocha Cercanías > Aranjuez > Villasequilla > Tembleque > El Romeral > Villacañas > Quero > Alcazar de San Juan > Campo de Criptana > Socuellamos > Villarrobledo > La Roda de Albacete > La Gineta > Albacete-Los Llanos
2026-04-23,18041,MD,Media Distancia,Área Varias,MD,Impar (↑ Norte/Origen),60600,Albacete-Los Llanos,17000,Madrid-Chamartín-Clara Campoamor,13,Albacete-Los Llanos > La Roda de Albacete > Villarrobledo > Socuellamos > Campo de Criptana > Alcazar de San Juan > Quero > Villacañas > Villasequilla > Castillejo-Añover > Aranjuez > Madrid - Atocha Cercanías > Madrid-Chamartín-Clara Campoamor
2026-04-23,18042,MD,Media Distancia,Área Varias,MD,Par (↓ Sur/Destino),17000,Madrid-Chamartín-Clara Campoamor,60600,Albacete-Los Llanos,11,Madrid-Chamartín-Clara Campoamor > Madrid - Atocha Cercanías > Aranjuez > Villasequilla > Villacañas > Alcazar de San Juan > Campo de Criptana > Socuellamos > Villarrobledo > La Roda de Albacete > Albacete-Los Llanos
2026-04-23,18043,MD,Media Distancia,Área Varias,MD,Impar (↑ Norte/Origen),60600,Albacete-Los Llanos,17000,Madrid-Chamartín-Clara Campoamor,15,Albacete-Los Llanos > La Gineta > La Roda de Albacete > Villarrobledo > Socuellamos > Campo de Criptana > Alcazar de San Juan > Quero > Villacañas > El Romeral > Tembleque > Villasequilla > Aranjuez > Madrid - Atocha Cercanías > Madrid-Chamartín-Clara Campoamor
2026-04-23,18044,MD,Media Distancia,Área Varias,REG.EXP.,Par (↓ Sur/Destino),17000,Madrid-Chamartín-Clara Campoamor,60600,Albacete-Los Llanos,11,Madrid-Chamartín-Clara Campoamor > Madrid - Atocha Cercanías > Aranjuez > Villasequilla > Villacañas > Alcazar de San Juan > Campo de Criptana > Socuellamos > Villarrobledo > La Roda de Albacete > Albacete-Los Llanos
2026-04-23,18045,MD,Media Distancia,Área Varias,REG.EXP.,Impar (↑ Norte/Origen),60600,Albacete-Los Llanos,17000,Madrid-Chamartín-Clara Campoamor,12,Albacete-Los Llanos > La Roda de Albacete > Villarrobledo > Socuellamos > Campo de Criptana > Alcazar de San Juan > Quero > Villacañas > Villasequilla > Aranjuez > Madrid - Atocha Cercanías > Madrid-Chamartín-Clara Campoamor
2026-04-23,18046,MD,Media Distancia,Área Varias,REG.EXP.,Par (↓ Sur/Destino),80100,Pamplona/Iruña,71100,Zaragoza Miraflores,8,Pamplona/Iruña > Tafalla > Castejón De Ebro > Tudela De Navarra > Zaragoza-Delicias > Zaragoza Portillo > Zaragoza Goya > Zaragoza Miraflores
2026-04-23,18047,MD,Media Distancia,Área Varias,MD,Impar (↑ Norte/Origen),60600,Albacete-Los Llanos,18000,Madrid - Atocha Cercanías,12,Albacete-Los Llanos > La Gineta > La Roda de Albacete > Villarrobledo > Socuellamos > Campo de Criptana > Alcazar de San Juan > Quero > Villacañas > Villasequilla > Aranjuez > Madrid - Atocha Cercanías
2026-04-23,18047,MD,Media Distancia,Área Varias,MD,Impar (↑ Norte/Origen),60400,Alcazar de San Juan,18000,Madrid - Atocha Cercanías,6,Alcazar de San Juan > Quero > Villacañas > Villasequilla > Aranjuez > Madrid - Atocha Cercanías
2026-04-23,18048,MD,Media Distancia,Área Varias,REG.EXP.,Par (↓ Sur/Destino),81200,Castejón De Ebro,71100,Zaragoza Miraflores,11,Castejón De Ebro > Tudela De Navarra > Ribaforada > Cortes De Navarra > Gallur > Luceni > Alagón > Zaragoza-Delicias > Zaragoza Portillo > Zaragoza Goya > Zaragoza Miraflores
2026-04-23,18049,MD,Media Distancia,Área Varias,MD,Impar (↑ Norte/Origen),60600,Albacete-Los Llanos,17000,Madrid-Chamartín-Clara Campoamor,13,Albacete-Los Llanos > La Roda de Albacete > Villarrobledo > Socuellamos > Campo de Criptana > Alcazar de San Juan > Quero > Villacañas > Villasequilla > Castillejo-Añover > Aranjuez > Madrid - Atocha Cercanías > Madrid-Chamartín-Clara Campoamor
2026-04-23,18049,MD,Media Distancia,Área Varias,MD,Impar (↑ Norte/Origen),60400,Alcazar de San Juan,17000,Madrid-Chamartín-Clara Campoamor,8,Alcazar de San Juan > Quero > Villacañas > Villasequilla > Castillejo-Añover > Aranjuez > Madrid - Atocha Cercanías > Madrid-Chamartín-Clara Campoamor
2026-04-23,18054,MD,Media Distancia,Área Varias,REG.EXP.,Par (↓ Sur/Destino),65400,Tortosa,79400,Barcelona-Estació De França,16,Tortosa > Camp-Redó > L'Aldea-Amposta > Camarles-Deltebre > L'ampolla-Perelló-Deltebre > L'ametlla De Mar > L'HOSPITALET DE L'INFANT > Cambrils > Vila-Seca > Tarragona > Altafulla-Tamarit > Torredembarra > Sant Vicenç De Calders > Barcelona-Sants > Barcelona-Passeig De Gracia > Barcelona-Estació De França
2026-04-23,18055,MD,Media Distancia,Área Varias,REG.EXP.,Impar (↑ Norte/Origen),79400,Barcelona-Estació De França,65400,Tortosa,16,Barcelona-Estació De França > Barcelona-Passeig De Gracia > Barcelona-Sants > Sant Vicenç De Calders > Torredembarra > Altafulla-Tamarit > Tarragona > Vila-Seca > Cambrils > L'HOSPITALET DE L'INFANT > L'ametlla De Mar > L'ampolla-Perelló-Deltebre > Camarles-Deltebre > L'Aldea-Amposta > Camp-Redó > Tortosa
2026-04-23,18061,MD,Media Distancia,Área Varias,MD,Impar (↑ Norte/Origen),10000,Madrid-Principe Pio,11600,Irun,28,Madrid-Principe Pio > Villalba De Guadarrama > El Escorial > Ávila > Arévalo > Medina Del Campo > Valladolid > Venta De Baños > Burgos Rosa Manzano > Briviesca > Miranda De Ebro > Vitoria/Gasteiz > Alegría De álava-Dulantzi > Salvatierra/Agurain > Araia > Altsasu/Alsasua-Estación > Legazpi > Zumarraga > Beasain > Ordizia/Ordicia > Tolosa > Villabona-Zizurkil > Andoain Centro/Erdia > Hernani-Centro > San Sebastián/Donostia > Pasaia > Lezo-Errenteria > Irun
2026-04-23,18061,MD,Media Distancia,Área Varias,MD,Impar (↑ Norte/Origen),10000,Madrid-Principe Pio,14100,Palencia,9,Madrid-Principe Pio > Villalba De Guadarrama > El Escorial > Ávila > Arévalo > Medina Del Campo > Valladolid > Venta De Baños > Palencia
2026-04-23,18061,MD,Media Distancia,Área Varias,MD,Impar (↑ Norte/Origen),14100,Palencia,11600,Irun,21,Palencia > Burgos Rosa Manzano > Briviesca > Miranda De Ebro > Vitoria/Gasteiz > Alegría De álava-Dulantzi > Salvatierra/Agurain > Araia > Altsasu/Alsasua-Estación > Legazpi > Zumarraga > Beasain > Ordizia/Ordicia > Tolosa > Villabona-Zizurkil > Andoain Centro/Erdia > Hernani-Centro > San Sebastián/Donostia > Pasaia > Lezo-Errenteria > Irun
2026-04-23,18063,MD,Media Distancia,Área Varias,MD,Impar (↑ Norte/Origen),10000,Madrid-Principe Pio,11600,Irun,31,Madrid-Principe Pio > Villalba De Guadarrama > El Escorial > Zarzalejo > Robledo De Chavela > Santa María De La Alameda-Peguerinos > Las Navas Del Marqués > Navalperal > Herradón-La Cañada > Ávila > Arévalo > Medina Del Campo > Valladolid > Venta De Baños > Burgos Rosa Manzano > Briviesca > Miranda De Ebro > Vitoria/Gasteiz > Alegría De álava-Dulantzi > Salvatierra/Agurain > Araia > Altsasu/Alsasua-Estación > Legazpi > Zumarraga > Beasain > Ordizia/Ordicia > Tolosa > San Sebastián/Donostia > Pasaia > Lezo-Errenteria > Irun
2026-04-23,18063,MD,Media Distancia,Área Varias,MD,Impar (↑ Norte/Origen),10000,Madrid-Principe Pio,14100,Palencia,15,Madrid-Principe Pio > Villalba De Guadarrama > El Escorial > Zarzalejo > Robledo De Chavela > Santa María De La Alameda-Peguerinos > Las Navas Del Marqués > Navalperal > Herradón-La Cañada > Ávila > Arévalo > Medina Del Campo > Valladolid > Venta De Baños > Palencia
2026-04-23,18063,MD,Media Distancia,Área Varias,MD,Impar (↑ Norte/Origen),14100,Palencia,11600,Irun,18,Palencia > Burgos Rosa Manzano > Briviesca > Miranda De Ebro > Vitoria/Gasteiz > Alegría De álava-Dulantzi > Salvatierra/Agurain > Araia > Altsasu/Alsasua-Estación > Legazpi > Zumarraga > Beasain > Ordizia/Ordicia > Tolosa > San Sebastián/Donostia > Pasaia > Lezo-Errenteria > Irun
2026-04-23,18065,MD,Media Distancia,Área Varias,MD,Impar (↑ Norte/Origen),10000,Madrid-Principe Pio,11300,Altsasu/Alsasua-Estación,25,Madrid-Principe Pio > Villalba De Guadarrama > El Escorial > Zarzalejo > Robledo De Chavela > Santa María De La Alameda-Peguerinos > Las Navas Del Marqués > Navalperal > Herradón-La Cañada > Ávila > Arévalo > Medina Del Campo > Valladolid > Venta De Baños > Magaz > Quintana Del Puente > Villaquirán > Burgos Rosa Manzano > Briviesca > Miranda De Ebro > Vitoria/Gasteiz > Alegría De álava-Dulantzi > Salvatierra/Agurain > Araia > Altsasu/Alsasua-Estación
2026-04-23,18065,MD,Media Distancia,Área Varias,MD,Impar (↑ Norte/Origen),10000,Madrid-Principe Pio,14100,Palencia,15,Madrid-Principe Pio > Villalba De Guadarrama > El Escorial > Zarzalejo > Robledo De Chavela > Santa María De La Alameda-Peguerinos > Las Navas Del Marqués > Navalperal > Herradón-La Cañada > Ávila > Arévalo > Medina Del Campo > Valladolid > Venta De Baños > Palencia
2026-04-23,18065,MD,Media Distancia,Área Varias,MD,Impar (↑ Norte/Origen),14100,Palencia,11300,Altsasu/Alsasua-Estación,12,Palencia > Magaz > Quintana Del Puente > Villaquirán > Burgos Rosa Manzano > Briviesca > Miranda De Ebro > Vitoria/Gasteiz > Alegría De álava-Dulantzi > Salvatierra/Agurain > Araia > Altsasu/Alsasua-Estación
2026-04-23,18066,MD,Media Distancia,Área Varias,MD,Par (↓ Sur/Destino),14100,Palencia,10000,Madrid-Principe Pio,15,Palencia > Venta De Baños > Valladolid > Medina Del Campo > Arévalo > Ávila > Herradón-La Cañada > Navalperal > Las Navas Del Marqués > Santa María De La Alameda-Peguerinos > Robledo De Chavela > Zarzalejo > El Escorial > Villalba De Guadarrama > Madrid-Principe Pio
2026-04-23,18068,MD,Media Distancia,Área Varias,REG.EXP.,Par (↓ Sur/Destino),81200,Castejón De Ebro,71100,Zaragoza Miraflores,15,Castejón De Ebro > Tudela De Navarra > Ribaforada > Cortes De Navarra > Gallur > Luceni > Pedrola > Cabanyas De Ebro > Alagón > Casetas > Utebo > Zaragoza-Delicias > Zaragoza Portillo > Zaragoza Goya > Zaragoza Miraflores
2026-04-23,18071,MD,Media Distancia,Área Varias,REG.EXP.,Impar (↑ Norte/Origen),71100,Zaragoza Miraflores,11200,Miranda De Ebro,29,Zaragoza Miraflores > Zaragoza Goya > Zaragoza Portillo > Zaragoza-Delicias > Utebo > Casetas > Alagón > Luceni > Gallur > Cortes De Navarra > Ribaforada > Tudela De Navarra > Castejón De Ebro > Villafranca De Navarra > Marcilla De Navarra > Olite/Erriberri > Tafalla > Pamplona/Iruña > Uharte-Arakil > Etxarri-Aranatz > Altsasu/Alsasua-Pueblo > Araia > Salvatierra/Agurain > Alegría De álava-Dulantzi > Vitoria/Gasteiz > Nanclares/Langraiz > La Puebla De Arganzón > Manzanos > Miranda De Ebro
2026-04-23,18072,MD,Media Distancia,Área Varias,REG.EXP.,Par (↓ Sur/Destino),81100,Logroño,71100,Zaragoza Miraflores,20,Logroño > Alcanadre > Calahorra > Rincón De Soto > Alfaro > Castejón De Ebro > Tudela De Navarra > Ribaforada > Cortes De Navarra > Gallur > Luceni > Pedrola > Cabanyas De Ebro > Alagón > Casetas > Utebo > Zaragoza-Delicias > Zaragoza Portillo > Zaragoza Goya > Zaragoza Miraflores
2026-04-23,18073,MD,Media Distancia,Área Varias,REG.EXP.,Impar (↑ Norte/Origen),71100,Zaragoza Miraflores,81100,Logroño,20,Zaragoza Miraflores > Zaragoza Goya > Zaragoza Portillo > Zaragoza-Delicias > Utebo > Casetas > Alagón > Cabanyas De Ebro > Pedrola > Luceni > Gallur > Cortes De Navarra > Ribaforada > Tudela De Navarra > Castejón De Ebro > Alfaro > Rincón De Soto > Calahorra > Alcanadre > Logroño
2026-04-23,18074,MD,Media Distancia,Área Varias,REG.EXP.,Par (↓ Sur/Destino),80100,Pamplona/Iruña,71100,Zaragoza Miraflores,20,Pamplona/Iruña > Tafalla > Olite/Erriberri > Marcilla De Navarra > Villafranca De Navarra > Castejón De Ebro > Tudela De Navarra > Ribaforada > Cortes De Navarra > Gallur > Luceni > Pedrola > Cabanyas De Ebro > Alagón > Casetas > Utebo > Zaragoza-Delicias > Zaragoza Portillo > Zaragoza Goya > Zaragoza Miraflores
2026-04-23,18074,MD,Media Distancia,Área Varias,REG.EXP.,Par (↓ Sur/Destino),81200,Castejón De Ebro,71100,Zaragoza Miraflores,15,Castejón De Ebro > Tudela De Navarra > Ribaforada > Cortes De Navarra > Gallur > Luceni > Pedrola > Cabanyas De Ebro > Alagón > Casetas > Utebo > Zaragoza-Delicias > Zaragoza Portillo > Zaragoza Goya > Zaragoza Miraflores
2026-04-23,18075,MD,Media Distancia,Área Varias,REG.EXP.,Impar (↑ Norte/Origen),71100,Zaragoza Miraflores,81100,Logroño,21,Zaragoza Miraflores > Zaragoza Goya > Zaragoza Portillo > Zaragoza-Delicias > Utebo > Casetas > Alagón > Cabanyas De Ebro > Pedrola > Luceni > Gallur > Cortes De Navarra > Ribaforada > Tudela De Navarra > Castejón De Ebro > Alfaro > Rincón De Soto > Calahorra > Féculas-Navarra > Alcanadre > Logroño
2026-04-23,18076,MD,Media Distancia,Área Varias,REG.EXP.,Par (↓ Sur/Destino),81100,Logroño,71100,Zaragoza Miraflores,20,Logroño > Agoncillo > Alcanadre > Calahorra > Rincón De Soto > Alfaro > Castejón De Ebro > Tudela De Navarra > Ribaforada > Cortes De Navarra > Gallur > Luceni > Pedrola > Cabanyas De Ebro > Alagón > Utebo > Zaragoza-Delicias > Zaragoza Portillo > Zaragoza Goya > Zaragoza Miraflores
2026-04-23,18077,MD,Media Distancia,Área Varias,REG.EXP.,Impar (↑ Norte/Origen),71100,Zaragoza Miraflores,80100,Pamplona/Iruña,20,Zaragoza Miraflores > Zaragoza Goya > Zaragoza Portillo > Zaragoza-Delicias > Utebo > Casetas > Alagón > Cabanyas De Ebro > Pedrola > Luceni > Gallur > Cortes De Navarra > Ribaforada > Tudela De Navarra > Castejón De Ebro > Villafranca De Navarra > Marcilla De Navarra > Olite/Erriberri > Tafalla > Pamplona/Iruña
2026-04-23,18078,MD,Media Distancia,Área Varias,REG.EXP.,Par (↓ Sur/Destino),81100,Logroño,71100,Zaragoza Miraflores,20,Logroño > Alcanadre > Féculas-Navarra > Calahorra > Rincón De Soto > Alfaro > Castejón De Ebro > Tudela De Navarra > Ribaforada > Cortes De Navarra > Gallur > Luceni > Cabanyas De Ebro > Alagón > Casetas > Utebo > Zaragoza-Delicias > Zaragoza Portillo > Zaragoza Goya > Zaragoza Miraflores
2026-04-23,18079,MD,Media Distancia,Área Varias,REG.EXP.,Impar (↑ Norte/Origen),71100,Zaragoza Miraflores,81200,Castejón De Ebro,15,Zaragoza Miraflores > Zaragoza Goya > Zaragoza Portillo > Zaragoza-Delicias > Utebo > Casetas > Alagón > Cabanyas De Ebro > Pedrola > Luceni > Gallur > Cortes De Navarra > Ribaforada > Tudela De Navarra > Castejón De Ebro
2026-04-23,18079,MD,Media Distancia,Área Varias,REG.EXP.,Impar (↑ Norte/Origen),71100,Zaragoza Miraflores,81100,Logroño,20,Zaragoza Miraflores > Zaragoza Goya > Zaragoza Portillo > Zaragoza-Delicias > Utebo > Casetas > Alagón > Cabanyas De Ebro > Pedrola > Luceni > Gallur > Cortes De Navarra > Ribaforada > Tudela De Navarra > Castejón De Ebro > Alfaro > Rincón De Soto > Calahorra > Alcanadre > Logroño
2026-04-23,18081,MD,Media Distancia,Área Varias,MD,Impar (↑ Norte/Origen),37200,Ciudad Real,60911,Alicante/Alacant,15,Ciudad Real > Almagro > Daimiel > Manzanares > Alcazar de San Juan > Campo de Criptana > Socuellamos > Villarrobledo > La Roda de Albacete > Albacete-Los Llanos > Almansa > Villena > Elda-Petrer > Universidad De Alicante > Alicante/Alacant
2026-04-23,18081,MD,Media Distancia,Área Varias,MD,Impar (↑ Norte/Origen),37200,Ciudad Real,60902,Villena,12,Ciudad Real > Almagro > Daimiel > Manzanares > Alcazar de San Juan > Campo de Criptana > Socuellamos > Villarrobledo > La Roda de Albacete > Albacete-Los Llanos > Almansa > Villena
2026-04-23,18083,MD,Media Distancia,Área Varias,MD,Impar (↑ Norte/Origen),60911,Alicante/Alacant,37200,Ciudad Real,16,Alicante/Alacant > Universidad De Alicante > Elda-Petrer > Villena > Caudete > Almansa > Albacete-Los Llanos > La Roda de Albacete > Villarrobledo > Socuellamos > Campo de Criptana > Alcazar de San Juan > Manzanares > Daimiel > Almagro > Ciudad Real
2026-04-23,18083,MD,Media Distancia,Área Varias,MD,Impar (↑ Norte/Origen),60902,Villena,37200,Ciudad Real,13,Villena > Caudete > Almansa > Albacete-Los Llanos > La Roda de Albacete > Villarrobledo > Socuellamos > Campo de Criptana > Alcazar de San Juan > Manzanares > Daimiel > Almagro > Ciudad Real
2026-04-23,18084,MD,Media Distancia,Área Varias,REG.EXP.,Par (↓ Sur/Destino),65312,Vinaròs,79400,Barcelona-Estació De França,17,Vinaròs > Ulldecona-Alcanar-La Sénia > Tortosa > L'Aldea-Amposta > Camarles-Deltebre > L'ampolla-Perelló-Deltebre > L'ametlla De Mar > L'HOSPITALET DE L'INFANT > Cambrils > Vila-Seca > Tarragona > Altafulla-Tamarit > Torredembarra > Sant Vicenç De Calders > Barcelona-Sants > Barcelona-Passeig De Gracia > Barcelona-Estació De França
2026-04-23,18093,MD,Media Distancia,Área Varias,REG.EXP.,Impar (↑ Norte/Origen),79400,Barcelona-Estació De França,65000,Valencia-Estaciò Del Nord,27,Barcelona-Estació De França > Barcelona-Passeig De Gracia > Barcelona-Sants > Sant Vicenç De Calders > Torredembarra > Altafulla-Tamarit > Tarragona > Vila-Seca > Cambrils > L'HOSPITALET DE L'INFANT > L'ametlla De Mar > L'ampolla-Perelló-Deltebre > L'Aldea-Amposta > Tortosa > Ulldecona-Alcanar-La Sénia > Vinaròs > Benicarló-Peñíscola > Alcalà De Xivert > Torreblanca > Orpesa/Oropesa Del Mar > Benicàssim > Castelló > Vila-Real > Nules-La Vilavella > Sagunt/Sagunto > Valencia-Cabanyal > Valencia-Estaciò Del Nord
2026-04-23,18096,MD,Media Distancia,Área Varias,REG.EXP.,Par (↓ Sur/Destino),65000,Valencia-Estaciò Del Nord,79400,Barcelona-Estació De França,28,Valencia-Estaciò Del Nord > Valencia-Cabanyal > Sagunt/Sagunto > Nules-La Vilavella > Vila-Real > Castelló > Benicàssim > Orpesa/Oropesa Del Mar > Torreblanca > Alcalà De Xivert > Benicarló-Peñíscola > Vinaròs > Ulldecona-Alcanar-La Sénia > Tortosa > L'Aldea-Amposta > L'ampolla-Perelló-Deltebre > L'ametlla De Mar > L'HOSPITALET DE L'INFANT > Cambrils > Vila-Seca > Tarragona > Altafulla-Tamarit > Torredembarra > Sant Vicenç De Calders > Vilanova I La Geltrú > Barcelona-Sants > Barcelona-Passeig De Gracia > Barcelona-Estació De França
2026-04-23,18100,MD,Media Distancia,Área Varias,REG.EXP.,Par (↓ Sur/Destino),14223,Santander,10600,Valladolid,29,Santander > Valdecilla > Maliaño > Renedo > Torrelavega/Tanos > Los Corrales De Buelna > Bárcena > Reinosa > Mataporquera > Quintanilla de Las Torres > Aguilar de Campoo > Mave > Alar del Rey-San Quirce > Herrera de Pisuerga > Espinosa de Villagonzalo (apd) > Osorno > Fromista > Piña > Amusco > El Carrion > Monzon de Campos > Palencia > Venta De Baños > Dueñas > Cubillas de Santa Marta > Corcos-Aguilarejo > Cabezon del Pisuerga > Valladolid-Universidad > Valladolid
2026-04-23,18101,MD,Media Distancia,Área Varias,REG.EXP.,Impar (↑ Norte/Origen),10600,Valladolid,14223,Santander,25,Valladolid > Valladolid-Universidad > Cabezon del Pisuerga > Corcos-Aguilarejo > Cubillas de Santa Marta > Dueñas > Venta De Baños > Palencia > El Carrion > Piña > Fromista > Osorno > Espinosa de Villagonzalo (apd) > Herrera de Pisuerga > Alar del Rey-San Quirce > Aguilar de Campoo > Mataporquera > Reinosa > Bárcena > Los Corrales De Buelna > Torrelavega/Tanos > Renedo > Maliaño > Valdecilla > Santander
2026-04-23,18102,MD,Media Distancia,Área Varias,REG.EXP.,Par (↓ Sur/Destino),14223,Santander,10600,Valladolid,29,Santander > Valdecilla > Maliaño > Renedo > Torrelavega/Tanos > Los Corrales De Buelna > Bárcena > Reinosa > Mataporquera > Quintanilla de Las Torres > Aguilar de Campoo > Mave > Alar del Rey-San Quirce > Herrera de Pisuerga > Espinosa de Villagonzalo (apd) > Osorno > Fromista > Piña > Amusco > El Carrion > Monzon de Campos > Palencia > Venta De Baños > Dueñas > Cubillas de Santa Marta > Corcos-Aguilarejo > Cabezon del Pisuerga > Valladolid-Universidad > Valladolid
2026-04-23,18104,MD,Media Distancia,Área Varias,REG.EXP.,Par (↓ Sur/Destino),14223,Santander,10600,Valladolid,21,Santander > Valdecilla > Maliaño > Renedo > Torrelavega/Tanos > Los Corrales De Buelna > Bárcena > Reinosa > Mataporquera > Aguilar de Campoo > Alar del Rey-San Quirce > Herrera de Pisuerga > Espinosa de Villagonzalo (apd) > Osorno > Fromista > Piña > El Carrion > Palencia > Venta De Baños > Valladolid-Universidad > Valladolid
2026-04-23,18105,MD,Media Distancia,Área Varias,REG.EXP.,Impar (↑ Norte/Origen),10600,Valladolid,14223,Santander,29,Valladolid > Valladolid-Universidad > Cabezon del Pisuerga > Corcos-Aguilarejo > Cubillas de Santa Marta > Dueñas > Venta De Baños > Palencia > Monzon de Campos > El Carrion > Amusco > Piña > Fromista > Osorno > Espinosa de Villagonzalo (apd) > Herrera de Pisuerga > Alar del Rey-San Quirce > Mave > Aguilar de Campoo > Quintanilla de Las Torres > Mataporquera > Reinosa > Bárcena > Los Corrales De Buelna > Torrelavega/Tanos > Renedo > Maliaño > Valdecilla > Santander
2026-04-23,18120,MD,Media Distancia,Área Varias,REG.EXP.,Par (↓ Sur/Destino),65400,Tortosa,79400,Barcelona-Estació De França,14,Tortosa > L'Aldea-Amposta > L'ampolla-Perelló-Deltebre > L'ametlla De Mar > L'HOSPITALET DE L'INFANT > Cambrils > Vila-Seca > Tarragona > Altafulla-Tamarit > Torredembarra > Sant Vicenç De Calders > Barcelona-Sants > Barcelona-Passeig De Gracia > Barcelona-Estació De França
2026-04-23,18121,MD,Media Distancia,Área Varias,REG.EXP.,Impar (↑ Norte/Origen),79400,Barcelona-Estació De França,65400,Tortosa,16,Barcelona-Estació De França > Barcelona-Passeig De Gracia > Barcelona-Sants > Sant Vicenç De Calders > Torredembarra > Altafulla-Tamarit > Tarragona > Vila-Seca > Cambrils > L'HOSPITALET DE L'INFANT > L'ametlla De Mar > L'ampolla-Perelló-Deltebre > Camarles-Deltebre > L'Aldea-Amposta > Camp-Redó > Tortosa
2026-04-23,18122,MD,Media Distancia,Área Varias,REG.EXP.,Par (↓ Sur/Destino),65400,Tortosa,79400,Barcelona-Estació De França,14,Tortosa > L'Aldea-Amposta > L'ampolla-Perelló-Deltebre > L'ametlla De Mar > L'HOSPITALET DE L'INFANT > Cambrils > Vila-Seca > Tarragona > Altafulla-Tamarit > Torredembarra > Sant Vicenç De Calders > Barcelona-Sants > Barcelona-Passeig De Gracia > Barcelona-Estació De França
2026-04-23,18123,MD,Media Distancia,Área Varias,REG.EXP.,Impar (↑ Norte/Origen),79400,Barcelona-Estació De França,65400,Tortosa,14,Barcelona-Estació De França > Barcelona-Passeig De Gracia > Barcelona-Sants > Sant Vicenç De Calders > Torredembarra > Altafulla-Tamarit > Tarragona > Vila-Seca > Cambrils > L'HOSPITALET DE L'INFANT > L'ametlla De Mar > L'ampolla-Perelló-Deltebre > L'Aldea-Amposta > Tortosa
2026-04-23,18124,MD,Media Distancia,Área Varias,REG.EXP.,Par (↓ Sur/Destino),65400,Tortosa,79400,Barcelona-Estació De França,16,Tortosa > Camp-Redó > L'Aldea-Amposta > Camarles-Deltebre > L'ampolla-Perelló-Deltebre > L'ametlla De Mar > L'HOSPITALET DE L'INFANT > Cambrils > Vila-Seca > Tarragona > Altafulla-Tamarit > Torredembarra > Sant Vicenç De Calders > Barcelona-Sants > Barcelona-Passeig De Gracia > Barcelona-Estació De França
2026-04-23,18125,MD,Media Distancia,Área Varias,REG.EXP.,Impar (↑ Norte/Origen),79400,Barcelona-Estació De França,65400,Tortosa,16,Barcelona-Estació De França > Barcelona-Passeig De Gracia > Barcelona-Sants > Sant Vicenç De Calders > Torredembarra > Altafulla-Tamarit > Tarragona > Vila-Seca > Cambrils > L'HOSPITALET DE L'INFANT > L'ametlla De Mar > L'ampolla-Perelló-Deltebre > Camarles-Deltebre > L'Aldea-Amposta > Camp-Redó > Tortosa
2026-04-23,18126,MD,Media Distancia,Área Varias,REG.EXP.,Par (↓ Sur/Destino),65400,Tortosa,79400,Barcelona-Estació De França,14,Tortosa > L'Aldea-Amposta > L'ampolla-Perelló-Deltebre > L'ametlla De Mar > L'HOSPITALET DE L'INFANT > Cambrils > Vila-Seca > Tarragona > Altafulla-Tamarit > Torredembarra > Sant Vicenç De Calders > Barcelona-Sants > Barcelona-Passeig De Gracia > Barcelona-Estació De França
2026-04-23,18127,MD,Media Distancia,Área Varias,REG.EXP.,Impar (↑ Norte/Origen),79400,Barcelona-Estació De França,65400,Tortosa,14,Barcelona-Estació De França > Barcelona-Passeig De Gracia > Barcelona-Sants > Sant Vicenç De Calders > Torredembarra > Altafulla-Tamarit > Tarragona > Vila-Seca > Cambrils > L'HOSPITALET DE L'INFANT > L'ametlla De Mar > L'ampolla-Perelló-Deltebre > L'Aldea-Amposta > Tortosa
2026-04-23,18128,MD,Media Distancia,Área Varias,REG.EXP.,Par (↓ Sur/Destino),65400,Tortosa,79400,Barcelona-Estació De França,15,Tortosa > Camp-Redó > L'Aldea-Amposta > L'ampolla-Perelló-Deltebre > L'ametlla De Mar > L'HOSPITALET DE L'INFANT > Cambrils > Vila-Seca > Tarragona > Altafulla-Tamarit > Torredembarra > Sant Vicenç De Calders > Barcelona-Sants > Barcelona-Passeig De Gracia > Barcelona-Estació De França
2026-04-23,18129,MD,Media Distancia,Área Varias,REG.EXP.,Impar (↑ Norte/Origen),79400,Barcelona-Estació De França,65400,Tortosa,16,Barcelona-Estació De França > Barcelona-Passeig De Gracia > Barcelona-Sants > Sant Vicenç De Calders > Torredembarra > Altafulla-Tamarit > Tarragona > Vila-Seca > Cambrils > L'HOSPITALET DE L'INFANT > L'ametlla De Mar > L'ampolla-Perelló-Deltebre > Camarles-Deltebre > L'Aldea-Amposta > Camp-Redó > Tortosa
2026-04-23,18130,MD,Media Distancia,Área Varias,REG.EXP.,Par (↓ Sur/Destino),65400,Tortosa,79400,Barcelona-Estació De França,14,Tortosa > L'Aldea-Amposta > L'ampolla-Perelló-Deltebre > L'ametlla De Mar > L'HOSPITALET DE L'INFANT > Cambrils > Vila-Seca > Tarragona > Altafulla-Tamarit > Torredembarra > Sant Vicenç De Calders > Barcelona-Sants > Barcelona-Passeig De Gracia > Barcelona-Estació De França
2026-04-23,18131,MD,Media Distancia,Área Varias,REG.EXP.,Impar (↑ Norte/Origen),79400,Barcelona-Estació De França,65400,Tortosa,14,Barcelona-Estació De França > Barcelona-Passeig De Gracia > Barcelona-Sants > Sant Vicenç De Calders > Torredembarra > Altafulla-Tamarit > Tarragona > Vila-Seca > Cambrils > L'HOSPITALET DE L'INFANT > L'ametlla De Mar > L'ampolla-Perelló-Deltebre > L'Aldea-Amposta > Tortosa
2026-04-23,18132,MD,Media Distancia,Área Varias,REG.EXP.,Par (↓ Sur/Destino),65400,Tortosa,79400,Barcelona-Estació De França,14,Tortosa > L'Aldea-Amposta > L'ampolla-Perelló-Deltebre > L'ametlla De Mar > L'HOSPITALET DE L'INFANT > Cambrils > Vila-Seca > Tarragona > Altafulla-Tamarit > Torredembarra > Sant Vicenç De Calders > Barcelona-Sants > Barcelona-Passeig De Gracia > Barcelona-Estació De França
2026-04-23,18133,MD,Media Distancia,Área Varias,REG.EXP.,Impar (↑ Norte/Origen),79400,Barcelona-Estació De França,65400,Tortosa,14,Barcelona-Estació De França > Barcelona-Passeig De Gracia > Barcelona-Sants > Sant Vicenç De Calders > Torredembarra > Altafulla-Tamarit > Tarragona > Vila-Seca > Cambrils > L'HOSPITALET DE L'INFANT > L'ametlla De Mar > L'ampolla-Perelló-Deltebre > L'Aldea-Amposta > Tortosa
2026-04-23,18134,MD,Media Distancia,Área Varias,REG.EXP.,Par (↓ Sur/Destino),65400,Tortosa,79400,Barcelona-Estació De França,16,Tortosa > Camp-Redó > L'Aldea-Amposta > Camarles-Deltebre > L'ampolla-Perelló-Deltebre > L'ametlla De Mar > L'HOSPITALET DE L'INFANT > Cambrils > Vila-Seca > Tarragona > Altafulla-Tamarit > Torredembarra > Sant Vicenç De Calders > Barcelona-Sants > Barcelona-Passeig De Gracia > Barcelona-Estació De França
2026-04-23,18135,MD,Media Distancia,Área Varias,REG.EXP.,Impar (↑ Norte/Origen),79400,Barcelona-Estació De França,65400,Tortosa,14,Barcelona-Estació De França > Barcelona-Passeig De Gracia > Barcelona-Sants > Sant Vicenç De Calders > Torredembarra > Altafulla-Tamarit > Tarragona > Vila-Seca > Cambrils > L'HOSPITALET DE L'INFANT > L'ametlla De Mar > L'ampolla-Perelló-Deltebre > L'Aldea-Amposta > Tortosa
2026-04-23,18170,MD,Media Distancia,Área Varias,MD,Par (↓ Sur/Destino),17000,Madrid-Chamartín-Clara Campoamor,37200,Ciudad Real,10,Madrid-Chamartín-Clara Campoamor > Madrid - Atocha Cercanías > Aranjuez > Villacañas > Alcazar de San Juan > Cinco Casas > Manzanares > Daimiel > Almagro > Ciudad Real
2026-04-23,18171,MD,Media Distancia,Área Varias,MD,Impar (↑ Norte/Origen),60400,Alcazar de San Juan,17000,Madrid-Chamartín-Clara Campoamor,5,Alcazar de San Juan > Villacañas > Aranjuez > Madrid - Atocha Cercanías > Madrid-Chamartín-Clara Campoamor
2026-04-23,18181,MD,Media Distancia,Área Varias,MD,Impar (↑ Norte/Origen),37200,Ciudad Real,60911,Alicante/Alacant,16,Ciudad Real > Almagro > Daimiel > Manzanares > Alcazar de San Juan > Campo de Criptana > Socuellamos > Villarrobledo > La Roda de Albacete > Albacete-Los Llanos > Almansa > Caudete > Villena > Elda-Petrer > Universidad De Alicante > Alicante/Alacant
2026-04-23,18181,MD,Media Distancia,Área Varias,MD,Impar (↑ Norte/Origen),37200,Ciudad Real,60902,Villena,13,Ciudad Real > Almagro > Daimiel > Manzanares > Alcazar de San Juan > Campo de Criptana > Socuellamos > Villarrobledo > La Roda de Albacete > Albacete-Los Llanos > Almansa > Caudete > Villena
2026-04-23,18183,MD,Media Distancia,Área Varias,MD,Impar (↑ Norte/Origen),60911,Alicante/Alacant,37200,Ciudad Real,15,Alicante/Alacant > Universidad De Alicante > Elda-Petrer > Villena > Almansa > Albacete-Los Llanos > La Roda de Albacete > Villarrobledo > Socuellamos > Campo de Criptana > Alcazar de San Juan > Manzanares > Daimiel > Almagro > Ciudad Real
2026-04-23,18183,MD,Media Distancia,Área Varias,MD,Impar (↑ Norte/Origen),60902,Villena,37200,Ciudad Real,12,Villena > Almansa > Albacete-Los Llanos > La Roda de Albacete > Villarrobledo > Socuellamos > Campo de Criptana > Alcazar de San Juan > Manzanares > Daimiel > Almagro > Ciudad Real
2026-04-23,18189,MD,Media Distancia,Área Varias,REG.EXP.,Impar (↑ Norte/Origen),79400,Barcelona-Estació De França,65312,Vinaròs,17,Barcelona-Estació De França > Barcelona-Passeig De Gracia > Barcelona-Sants > Sant Vicenç De Calders > Torredembarra > Altafulla-Tamarit > Tarragona > Vila-Seca > Cambrils > L'HOSPITALET DE L'INFANT > L'ametlla De Mar > L'ampolla-Perelló-Deltebre > Camarles-Deltebre > L'Aldea-Amposta > Tortosa > Ulldecona-Alcanar-La Sénia > Vinaròs
2026-04-23,18211,MD,Media Distancia,Área Varias,PROXIMDAD,Impar (↑ Norte/Origen),10600,Valladolid,14100,Palencia,8,Valladolid > Valladolid-Universidad > Cabezon del Pisuerga > Corcos-Aguilarejo > Cubillas de Santa Marta > Dueñas > Venta De Baños > Palencia
2026-04-23,18212,MD,Media Distancia,Área Varias,PROXIMDAD,Par (↓ Sur/Destino),14100,Palencia,10600,Valladolid,8,Palencia > Venta De Baños > Dueñas > Cubillas de Santa Marta > Corcos-Aguilarejo > Cabezon del Pisuerga > Valladolid-Universidad > Valladolid
2026-04-23,18214,MD,Media Distancia,Área Varias,REG.EXP.,Par (↓ Sur/Destino),15100,Leon,14100,Palencia,12,Leon > Palanquinos > Santas Martas > El Burgo Ranero > Sahagun > Grajal > Villada > Cisneros > Paredes de Nava > Becerril > Grijota > Palencia
2026-04-23,18215,MD,Media Distancia,Área Varias,REG.EXP.,Impar (↑ Norte/Origen),14100,Palencia,15100,Leon,12,Palencia > Grijota > Becerril > Paredes de Nava > Cisneros > Villada > Grajal > Sahagun > El Burgo Ranero > Santas Martas > Palanquinos > Leon
2026-04-23,18216,MD,Media Distancia,Área Varias,PROXIMDAD,Par (↓ Sur/Destino),14100,Palencia,10600,Valladolid,8,Palencia > Venta De Baños > Dueñas > Cubillas de Santa Marta > Corcos-Aguilarejo > Cabezon del Pisuerga > Valladolid-Universidad > Valladolid
2026-04-23,18217,MD,Media Distancia,Área Varias,PROXIMDAD,Impar (↑ Norte/Origen),10600,Valladolid,14100,Palencia,8,Valladolid > Valladolid-Universidad > Cabezon del Pisuerga > Corcos-Aguilarejo > Cubillas de Santa Marta > Dueñas > Venta De Baños > Palencia
2026-04-23,18218,MD,Media Distancia,Área Varias,PROXIMDAD,Par (↓ Sur/Destino),14100,Palencia,10500,Medina Del Campo,13,Palencia > Venta De Baños > Dueñas > Cubillas de Santa Marta > Corcos-Aguilarejo > Cabezon del Pisuerga > Valladolid-Universidad > Valladolid > Viana > Valdestillas > Matapozuelos > Pozaldez > Medina Del Campo
2026-04-23,18219,MD,Media Distancia,Área Varias,PROXIMDAD,Impar (↑ Norte/Origen),10600,Valladolid,14100,Palencia,8,Valladolid > Valladolid-Universidad > Cabezon del Pisuerga > Corcos-Aguilarejo > Cubillas de Santa Marta > Dueñas > Venta De Baños > Palencia
2026-04-23,18300,MD,Media Distancia,Área Varias,REG.EXP.,Par (↓ Sur/Destino),10600,Valladolid,30110,Salamanca-La Alamedilla,15,Valladolid > Viana > Valdestillas > Matapozuelos > Pozaldez > Medina Del Campo > El Carpio > Fresno El Viejo > Cantalapiedra > El Pedroso de La Armuña > Pitiegua > Gomecello > Moriscos > Salamanca > Salamanca-La Alamedilla
2026-04-23,18302,MD,Media Distancia,Área Varias,REG.EXP.,Par (↓ Sur/Destino),30100,Salamanca,10600,Valladolid,7,Salamanca > Medina Del Campo > Pozaldez > Matapozuelos > Valdestillas > Viana > Valladolid
2026-04-23,18304,MD,Media Distancia,Área Varias,MD,Par (↓ Sur/Destino),10600,Valladolid,30110,Salamanca-La Alamedilla,4,Valladolid > Medina Del Campo > Salamanca > Salamanca-La Alamedilla
2026-04-23,18306,MD,Media Distancia,Área Varias,MD,Par (↓ Sur/Destino),30100,Salamanca,14100,Palencia,17,Salamanca > Moriscos > Gomecello > Pitiegua > El Pedroso de La Armuña > Cantalapiedra > Fresno El Viejo > El Carpio > Medina Del Campo > Pozaldez > Matapozuelos > Valdestillas > Viana > Valladolid > Valladolid-Universidad > Venta De Baños > Palencia
2026-04-23,18308,MD,Media Distancia,Área Varias,MD,Par (↓ Sur/Destino),14100,Palencia,30110,Salamanca-La Alamedilla,14,Palencia > Venta De Baños > Dueñas > Valladolid-Universidad > Valladolid > Medina Del Campo > Campillo > El Carpio > Fresno El Viejo > Cantalapiedra > El Pedroso de La Armuña > Gomecello > Salamanca > Salamanca-La Alamedilla
2026-04-23,18310,MD,Media Distancia,Área Varias,MD,Par (↓ Sur/Destino),30100,Salamanca,10600,Valladolid,3,Salamanca > Medina Del Campo > Valladolid
2026-04-23,18312,MD,Media Distancia,Área Varias,REG.EXP.,Par (↓ Sur/Destino),30100,Salamanca,10600,Valladolid,14,Salamanca > Gomecello > Pitiegua > El Pedroso de La Armuña > Cantalapiedra > Fresno El Viejo > El Carpio > Campillo > Medina Del Campo > Pozaldez > Matapozuelos > Valdestillas > Viana > Valladolid
2026-04-23,18314,MD,Media Distancia,Área Varias,MD,Par (↓ Sur/Destino),30100,Salamanca,10600,Valladolid,3,Salamanca > Medina Del Campo > Valladolid
2026-04-23,18316,MD,Media Distancia,Área Varias,MD,Par (↓ Sur/Destino),10600,Valladolid,30110,Salamanca-La Alamedilla,4,Valladolid > Medina Del Campo > Salamanca > Salamanca-La Alamedilla
2026-04-23,18318,MD,Media Distancia,Área Varias,REG.EXP.,Par (↓ Sur/Destino),10600,Valladolid,30110,Salamanca-La Alamedilla,12,Valladolid > Viana > Valdestillas > Matapozuelos > Pozaldez > Medina Del Campo > El Carpio > Fresno El Viejo > Cantalapiedra > Gomecello > Salamanca > Salamanca-La Alamedilla
2026-04-23,18321,MD,Media Distancia,Área Varias,REG.EXP.,Impar (↑ Norte/Origen),31200,Puebla de Sanabria,10600,Valladolid,16,Puebla de Sanabria > Linarejos-Pedroso > Cabañas de Aliste > Sarracin de Aliste > Abejera > Ferreruela de Tabara > Carbajales de Alba > Zamora > Toro > Nava del Rey > Medina Del Campo > Pozaldez > Matapozuelos > Valdestillas > Viana > Valladolid
2026-04-23,18322,MD,Media Distancia,Área Varias,REG.EXP.,Par (↓ Sur/Destino),10600,Valladolid,31200,Puebla de Sanabria,16,Valladolid > Viana > Valdestillas > Matapozuelos > Pozaldez > Medina Del Campo > Nava del Rey > Toro > Zamora > Carbajales de Alba > Ferreruela de Tabara > Abejera > Sarracin de Aliste > Cabañas de Aliste > Linarejos-Pedroso > Puebla de Sanabria
2026-04-23,18324,MD,Media Distancia,Área Varias,MD,Par (↓ Sur/Destino),30100,Salamanca,10600,Valladolid,3,Salamanca > Medina Del Campo > Valladolid
2026-04-23,18330,MD,Media Distancia,Área Varias,MD,Par (↓ Sur/Destino),60400,Alcazar de San Juan,37606,Badajoz,22,Alcazar de San Juan > Manzanares > Daimiel > Almagro > Ciudad Real > Puertollano > Brazatortas-Veredas > Almadenejos-Almaden > Guadalmez-Los Pedroches > Cabeza de Buey > Almorchon > Castuera > Campanario > Villanueva de La Serena > Don Benito > Valdetorres > Guareña > Mérida > Garrovilla-Las Vegas > Montijo > Montijo-El Molino > Badajoz
2026-04-23,18331,MD,Media Distancia,Área Varias,MD,Impar (↑ Norte/Origen),37606,Badajoz,60400,Alcazar de San Juan,22,Badajoz > Montijo-El Molino > Montijo > Garrovilla-Las Vegas > Mérida > Guareña > Valdetorres > Don Benito > Villanueva de La Serena > Campanario > Castuera > Almorchon > Cabeza de Buey > Guadalmez-Los Pedroches > Almadenejos-Almaden > Brazatortas-Veredas > Puertollano > Ciudad Real > Almagro > Daimiel > Manzanares > Alcazar de San Juan
2026-04-23,18500,MD,Media Distancia,Área Varias,REGIONAL,Par (↓ Sur/Destino),67200,Teruel,04040,Zaragoza-Delicias,13,Teruel > Cella > Santa Eulalia Del Campo > Villafranca del Campo > Monreal Del Campo > Torrijo Del Campo > Caminreal-Fuentes Claras > Calamocha Nueva > Cariñena > Longares > Arañales De Muel > Maria de Huerva > Zaragoza-Delicias
2026-04-23,18500,MD,Media Distancia,Área Varias,REGIONAL,Par (↓ Sur/Destino),67200,Teruel,67011,Encinacorba,17,Teruel > Cella > Santa Eulalia Del Campo > Villafranca del Campo > Monreal Del Campo > Torrijo Del Campo > Caminreal-Fuentes Claras > Calamocha Nueva > Navarrete > Lechago > Cuencabuena > Ferreruela > Villahermosa > Badules > Villadoz > Villarreal de Huerva > Encinacorba
2026-04-23,18500,MD,Media Distancia,Área Varias,REGIONAL,Par (↓ Sur/Destino),67020,Navarrete,04040,Zaragoza-Delicias,13,Navarrete > Lechago > Cuencabuena > Ferreruela > Villahermosa > Badules > Villadoz > Villarreal de Huerva > Cariñena > Longares > Arañales De Muel > Maria de Huerva > Zaragoza-Delicias
2026-04-23,18500,MD,Media Distancia,Área Varias,REGIONAL,Par (↓ Sur/Destino),67011,Encinacorba,04040,Zaragoza-Delicias,6,Encinacorba > Cariñena > Longares > Arañales De Muel > Maria de Huerva > Zaragoza-Delicias
2026-04-23,18502,MD,Media Distancia,Área Varias,MD,Par (↓ Sur/Destino),65000,Valencia-Estaciò Del Nord,04040,Zaragoza-Delicias,16,Valencia-Estaciò Del Nord > Sagunt/Sagunto > Segorbe > Barracas > Rubielos De Mora > Mora De Rubielos > Sarrión > Puebla De Valverde > Teruel > Cella > Santa Eulalia Del Campo > Monreal Del Campo > Calamocha Nueva > Cariñena > Arañales De Muel > Zaragoza-Delicias
2026-04-23,18502,MD,Media Distancia,Área Varias,MD,Par (↓ Sur/Destino),65000,Valencia-Estaciò Del Nord,67011,Encinacorba,16,Valencia-Estaciò Del Nord > Sagunt/Sagunto > Segorbe > Barracas > Rubielos De Mora > Mora De Rubielos > Sarrión > Puebla De Valverde > Teruel > Cella > Santa Eulalia Del Campo > Monreal Del Campo > Calamocha Nueva > Ferreruela > Villarreal de Huerva > Encinacorba
2026-04-23,18502,MD,Media Distancia,Área Varias,MD,Par (↓ Sur/Destino),67017,Ferreruela,04040,Zaragoza-Delicias,5,Ferreruela > Villarreal de Huerva > Cariñena > Arañales De Muel > Zaragoza-Delicias
2026-04-23,18502,MD,Media Distancia,Área Varias,MD,Par (↓ Sur/Destino),67011,Encinacorba,04040,Zaragoza-Delicias,4,Encinacorba > Cariñena > Arañales De Muel > Zaragoza-Delicias
2026-04-23,18504,MD,Media Distancia,Área Varias,MD,Par (↓ Sur/Destino),65000,Valencia-Estaciò Del Nord,04040,Zaragoza-Delicias,13,Valencia-Estaciò Del Nord > Sagunt/Sagunto > Segorbe > Barracas > Mora De Rubielos > Sarrión > Teruel > Cella > Santa Eulalia Del Campo > Monreal Del Campo > Calamocha Nueva > Cariñena > Zaragoza-Delicias
2026-04-23,18506,MD,Media Distancia,Área Varias,MD,Par (↓ Sur/Destino),65000,Valencia-Estaciò Del Nord,04040,Zaragoza-Delicias,16,Valencia-Estaciò Del Nord > Sagunt/Sagunto > Segorbe > Barracas > Mora De Rubielos > Sarrión > Teruel > Cella > Santa Eulalia Del Campo > Monreal Del Campo > Torrijo Del Campo > Caminreal-Fuentes Claras > Calamocha Nueva > Cariñena > Arañales De Muel > Zaragoza-Delicias
2026-04-23,18506,MD,Media Distancia,Área Varias,MD,Par (↓ Sur/Destino),65000,Valencia-Estaciò Del Nord,67011,Encinacorba,19,Valencia-Estaciò Del Nord > Sagunt/Sagunto > Segorbe > Barracas > Mora De Rubielos > Sarrión > Teruel > Cella > Santa Eulalia Del Campo > Monreal Del Campo > Torrijo Del Campo > Caminreal-Fuentes Claras > Calamocha Nueva > Ferreruela > Villahermosa > Badules > Villadoz > Villarreal de Huerva > Encinacorba
2026-04-23,18506,MD,Media Distancia,Área Varias,MD,Par (↓ Sur/Destino),67017,Ferreruela,04040,Zaragoza-Delicias,8,Ferreruela > Villahermosa > Badules > Villadoz > Villarreal de Huerva > Cariñena > Arañales De Muel > Zaragoza-Delicias
2026-04-23,18506,MD,Media Distancia,Área Varias,MD,Par (↓ Sur/Destino),67011,Encinacorba,04040,Zaragoza-Delicias,4,Encinacorba > Cariñena > Arañales De Muel > Zaragoza-Delicias
2026-04-23,18511,MD,Media Distancia,Área Varias,MD,Impar (↑ Norte/Origen),04040,Zaragoza-Delicias,65000,Valencia-Estaciò Del Nord,18,Zaragoza-Delicias > Arañales De Muel > Cariñena > Calamocha Nueva > Caminreal-Fuentes Claras > Torrijo Del Campo > Monreal Del Campo > Santa Eulalia Del Campo > Cella > Teruel > Puebla De Valverde > Sarrión > Mora De Rubielos > Rubielos De Mora > Barracas > Segorbe > Sagunt/Sagunto > Valencia-Estaciò Del Nord
2026-04-23,18511,MD,Media Distancia,Área Varias,MD,Impar (↑ Norte/Origen),04040,Zaragoza-Delicias,67017,Ferreruela,9,Zaragoza-Delicias > Arañales De Muel > Cariñena > Encinacorba > Villarreal de Huerva > Villadoz > Badules > Villahermosa > Ferreruela
2026-04-23,18511,MD,Media Distancia,Área Varias,MD,Impar (↑ Norte/Origen),67011,Encinacorba,65000,Valencia-Estaciò Del Nord,21,Encinacorba > Villarreal de Huerva > Villadoz > Badules > Villahermosa > Ferreruela > Calamocha Nueva > Caminreal-Fuentes Claras > Torrijo Del Campo > Monreal Del Campo > Santa Eulalia Del Campo > Cella > Teruel > Puebla De Valverde > Sarrión > Mora De Rubielos > Rubielos De Mora > Barracas > Segorbe > Sagunt/Sagunto > Valencia-Estaciò Del Nord
2026-04-23,18511,MD,Media Distancia,Área Varias,MD,Impar (↑ Norte/Origen),67011,Encinacorba,67017,Ferreruela,6,Encinacorba > Villarreal de Huerva > Villadoz > Badules > Villahermosa > Ferreruela
2026-04-23,18511,MD,Media Distancia,Área Varias,MD,Impar (↑ Norte/Origen),67013,Villarreal de Huerva,67017,Ferreruela,5,Villarreal de Huerva > Villadoz > Badules > Villahermosa > Ferreruela
2026-04-23,18515,MD,Media Distancia,Área Varias,MD,Impar (↑ Norte/Origen),04040,Zaragoza-Delicias,65000,Valencia-Estaciò Del Nord,13,Zaragoza-Delicias > Arañales De Muel > Cariñena > Calamocha Nueva > Monreal Del Campo > Santa Eulalia Del Campo > Cella > Teruel > Sarrión > Mora De Rubielos > Segorbe > Sagunt/Sagunto > Valencia-Estaciò Del Nord
2026-04-23,18515,MD,Media Distancia,Área Varias,MD,Impar (↑ Norte/Origen),04040,Zaragoza-Delicias,67017,Ferreruela,6,Zaragoza-Delicias > Arañales De Muel > Cariñena > Encinacorba > Villarreal de Huerva > Ferreruela
2026-04-23,18515,MD,Media Distancia,Área Varias,MD,Impar (↑ Norte/Origen),67011,Encinacorba,65000,Valencia-Estaciò Del Nord,13,Encinacorba > Villarreal de Huerva > Ferreruela > Calamocha Nueva > Monreal Del Campo > Santa Eulalia Del Campo > Cella > Teruel > Sarrión > Mora De Rubielos > Segorbe > Sagunt/Sagunto > Valencia-Estaciò Del Nord
2026-04-23,18515,MD,Media Distancia,Área Varias,MD,Impar (↑ Norte/Origen),67011,Encinacorba,67017,Ferreruela,3,Encinacorba > Villarreal de Huerva > Ferreruela
2026-04-23,18515,MD,Media Distancia,Área Varias,MD,Impar (↑ Norte/Origen),67013,Villarreal de Huerva,67017,Ferreruela,2,Villarreal de Huerva > Ferreruela
2026-04-23,18517,MD,Media Distancia,Área Varias,REGIONAL,Impar (↑ Norte/Origen),04040,Zaragoza-Delicias,67200,Teruel,13,Zaragoza-Delicias > Maria de Huerva > Arañales De Muel > Longares > Cariñena > Calamocha Nueva > Caminreal-Fuentes Claras > Torrijo Del Campo > Monreal Del Campo > Villafranca del Campo > Santa Eulalia Del Campo > Cella > Teruel
2026-04-23,18517,MD,Media Distancia,Área Varias,REGIONAL,Impar (↑ Norte/Origen),67011,Encinacorba,67200,Teruel,17,Encinacorba > Villarreal de Huerva > Villadoz > Badules > Villahermosa > Ferreruela > Cuencabuena > Lechago > Navarrete > Calamocha Nueva > Caminreal-Fuentes Claras > Torrijo Del Campo > Monreal Del Campo > Villafranca del Campo > Santa Eulalia Del Campo > Cella > Teruel
2026-04-23,18523,MD,Media Distancia,Área Varias,MD,Impar (↑ Norte/Origen),04040,Zaragoza-Delicias,65000,Valencia-Estaciò Del Nord,13,Zaragoza-Delicias > Arañales De Muel > Cariñena > Calamocha Nueva > Monreal Del Campo > Santa Eulalia Del Campo > Cella > Teruel > Sarrión > Mora De Rubielos > Segorbe > Sagunt/Sagunto > Valencia-Estaciò Del Nord
2026-04-23,18750,MD,Media Distancia,Área Varias,REGIONAL,Par (↓ Sur/Destino),70403,Arcos De Jalón,04040,Zaragoza-Delicias,11,Arcos De Jalón > Santa María De Huerta > Monreal de Ariza > Ariza > Cetina > Alhama De Aragón > Ateca > Terrer > Calatayud > Ricla-La Almunia > Zaragoza-Delicias
2026-04-23,18752,MD,Media Distancia,Área Varias,REGIONAL,Par (↓ Sur/Destino),70600,Calatayud,04040,Zaragoza-Delicias,3,Calatayud > Ricla-La Almunia > Zaragoza-Delicias
2026-04-23,18753,MD,Media Distancia,Área Varias,REGIONAL,Impar (↑ Norte/Origen),04040,Zaragoza-Delicias,70600,Calatayud,3,Zaragoza-Delicias > Ricla-La Almunia > Calatayud
2026-04-23,18753,MD,Media Distancia,Área Varias,REGIONAL,Impar (↑ Norte/Origen),04040,Zaragoza-Delicias,70500,Ariza,9,Zaragoza-Delicias > Ricla-La Almunia > Calatayud > Terrer > Ateca > Bubierca > Alhama De Aragón > Cetina > Ariza
2026-04-23,18754,MD,Media Distancia,Área Varias,REGIONAL,Par (↓ Sur/Destino),70403,Arcos De Jalón,04040,Zaragoza-Delicias,11,Arcos De Jalón > Santa María De Huerta > Monreal de Ariza > Ariza > Cetina > Alhama De Aragón > Ateca > Terrer > Calatayud > Ricla-La Almunia > Zaragoza-Delicias
2026-04-23,18755,MD,Media Distancia,Área Varias,REGIONAL,Impar (↑ Norte/Origen),04040,Zaragoza-Delicias,70403,Arcos De Jalón,11,Zaragoza-Delicias > Ricla-La Almunia > Calatayud > Terrer > Ateca > Alhama De Aragón > Cetina > Ariza > Monreal de Ariza > Santa María De Huerta > Arcos De Jalón
2026-04-23,18756,MD,Media Distancia,Área Varias,REGIONAL,Par (↓ Sur/Destino),70500,Ariza,04040,Zaragoza-Delicias,9,Ariza > Cetina > Alhama De Aragón > Bubierca > Ateca > Terrer > Calatayud > Ricla-La Almunia > Zaragoza-Delicias
2026-04-23,18770,MD,Media Distancia,Área Varias,REG.EXP.,Par (↓ Sur/Destino),37200,Ciudad Real,37606,Badajoz,16,Ciudad Real > Puertollano > Brazatortas-Veredas > Almadenejos-Almaden > Guadalmez-Los Pedroches > Cabeza de Buey > Almorchon > Castuera > Campanario > Villanueva de La Serena > Don Benito > Valdetorres > Guareña > Mérida > Montijo > Badajoz
2026-04-23,18773,MD,Media Distancia,Área Varias,REG.EXP.,Impar (↑ Norte/Origen),30002,Plasencia,51003,Sevilla-Santa Justa,10,Plasencia > Cáceres > Mérida > Calamonte > Almendralejo > Villafranca De Los Barros > Los Santos De Maimona > Zafra Feria > Zafra > Sevilla-Santa Justa
2026-04-23,18775,MD,Media Distancia,Área Varias,REG.EXP.,Impar (↑ Norte/Origen),35400,Cáceres,51003,Sevilla-Santa Justa,9,Cáceres > Mérida > Calamonte > Almendralejo > Villafranca De Los Barros > Los Santos De Maimona > Zafra Feria > Zafra > Sevilla-Santa Justa
2026-04-23,18775,MD,Media Distancia,Área Varias,REG.EXP.,Impar (↑ Norte/Origen),30002,Plasencia,51003,Sevilla-Santa Justa,18,Plasencia > Cáceres > Mérida > Calamonte > Almendralejo > Villafranca De Los Barros > Los Santos De Maimona > Zafra Feria > Zafra > Llerena > Fuente Del Arco > Guadalcanal > Cazalla-Constantina > Pedroso > Villanueva Del Río-Minas > Tocina > Los Rosales > Sevilla-Santa Justa
2026-04-23,18777,MD,Media Distancia,Área Varias,REG.EXP.,Impar (↑ Norte/Origen),37606,Badajoz,37200,Ciudad Real,19,Badajoz > Guadiana del Caudillo > Montijo-El Molino > Montijo > Garrovilla-Las Vegas > Mérida > Guareña > Valdetorres > Don Benito > Villanueva de La Serena > Campanario > Castuera > Almorchon > Cabeza de Buey > Guadalmez-Los Pedroches > Almadenejos-Almaden > Brazatortas-Veredas > Puertollano > Ciudad Real
2026-04-23,18779,MD,Media Distancia,Área Varias,REG.EXP.,Impar (↑ Norte/Origen),51003,Sevilla-Santa Justa,30002,Plasencia,10,Sevilla-Santa Justa > Zafra > Zafra Feria > Los Santos De Maimona > Villafranca De Los Barros > Almendralejo > Calamonte > Mérida > Cáceres > Plasencia
2026-04-23,18779,MD,Media Distancia,Área Varias,REG.EXP.,Impar (↑ Norte/Origen),51003,Sevilla-Santa Justa,40107,Fuente Del Arco,8,Sevilla-Santa Justa > Los Rosales > Tocina > Villanueva Del Río-Minas > Pedroso > Cazalla-Constantina > Guadalcanal > Fuente Del Arco
2026-04-23,18779,MD,Media Distancia,Área Varias,REG.EXP.,Impar (↑ Norte/Origen),51003,Sevilla-Santa Justa,35400,Cáceres,17,Sevilla-Santa Justa > Los Rosales > Tocina > Villanueva Del Río-Minas > Pedroso > Cazalla-Constantina > Guadalcanal > Fuente Del Arco > Llerena > Zafra > Zafra Feria > Los Santos De Maimona > Villafranca De Los Barros > Almendralejo > Calamonte > Mérida > Cáceres
2026-04-23,18779,MD,Media Distancia,Área Varias,REG.EXP.,Impar (↑ Norte/Origen),40107,Fuente Del Arco,30002,Plasencia,11,Fuente Del Arco > Llerena > Zafra > Zafra Feria > Los Santos De Maimona > Villafranca De Los Barros > Almendralejo > Calamonte > Mérida > Cáceres > Plasencia
2026-04-23,18779,MD,Media Distancia,Área Varias,REG.EXP.,Impar (↑ Norte/Origen),40107,Fuente Del Arco,35400,Cáceres,10,Fuente Del Arco > Llerena > Zafra > Zafra Feria > Los Santos De Maimona > Villafranca De Los Barros > Almendralejo > Calamonte > Mérida > Cáceres
2026-04-23,18900,MD,Media Distancia,Área Varias,MD,Par (↓ Sur/Destino),30100,Salamanca,10000,Madrid-Principe Pio,6,Salamanca > Peñaranda de Bracamonte > Ávila > El Escorial > Villalba De Guadarrama > Madrid-Principe Pio
2026-04-23,18901,MD,Media Distancia,Área Varias,MD,Impar (↑ Norte/Origen),10000,Madrid-Principe Pio,30110,Salamanca-La Alamedilla,15,Madrid-Principe Pio > Villalba De Guadarrama > El Escorial > Ávila > Cardeñosa de Avila > San Pedro del Arroyo > Crespos > Narros del Castillo > Peñaranda de Bracamonte > Villar de Gallimazo > Babilafuente > San Morales > Aldealengua > Salamanca > Salamanca-La Alamedilla
2026-04-23,18902,MD,Media Distancia,Área Varias,MD,Par (↓ Sur/Destino),30100,Salamanca,10000,Madrid-Principe Pio,6,Salamanca > Peñaranda de Bracamonte > Ávila > El Escorial > Villalba De Guadarrama > Madrid-Principe Pio
2026-04-23,18903,MD,Media Distancia,Área Varias,MD,Impar (↑ Norte/Origen),10000,Madrid-Principe Pio,30110,Salamanca-La Alamedilla,7,Madrid-Principe Pio > Villalba De Guadarrama > El Escorial > Ávila > Peñaranda de Bracamonte > Salamanca > Salamanca-La Alamedilla
2026-04-23,18904,MD,Media Distancia,Área Varias,MD,Par (↓ Sur/Destino),30100,Salamanca,10000,Madrid-Principe Pio,14,Salamanca > Aldealengua > San Morales > Babilafuente > Villar de Gallimazo > Peñaranda de Bracamonte > Narros del Castillo > Crespos > San Pedro del Arroyo > Cardeñosa de Avila > Ávila > El Escorial > Villalba De Guadarrama > Madrid-Principe Pio
2026-04-23,18905,MD,Media Distancia,Área Varias,MD,Impar (↑ Norte/Origen),10000,Madrid-Principe Pio,30110,Salamanca-La Alamedilla,7,Madrid-Principe Pio > Villalba De Guadarrama > El Escorial > Ávila > Peñaranda de Bracamonte > Salamanca > Salamanca-La Alamedilla
2026-04-23,18906,MD,Media Distancia,Área Varias,MD,Par (↓ Sur/Destino),30100,Salamanca,10000,Madrid-Principe Pio,6,Salamanca > Peñaranda de Bracamonte > Ávila > El Escorial > Villalba De Guadarrama > Madrid-Principe Pio
2026-04-23,18907,MD,Media Distancia,Área Varias,MD,Impar (↑ Norte/Origen),10000,Madrid-Principe Pio,30110,Salamanca-La Alamedilla,13,Madrid-Principe Pio > Villalba De Guadarrama > El Escorial > Zarzalejo > Robledo De Chavela > Santa María De La Alameda-Peguerinos > Las Navas Del Marqués > Navalperal > Herradón-La Cañada > Ávila > Peñaranda de Bracamonte > Salamanca > Salamanca-La Alamedilla
2026-04-23,18908,MD,Media Distancia,Área Varias,MD,Par (↓ Sur/Destino),30100,Salamanca,10000,Madrid-Principe Pio,6,Salamanca > Peñaranda de Bracamonte > Ávila > El Escorial > Villalba De Guadarrama > Madrid-Principe Pio
2026-04-23,18909,MD,Media Distancia,Área Varias,MD,Impar (↑ Norte/Origen),10000,Madrid-Principe Pio,30110,Salamanca-La Alamedilla,7,Madrid-Principe Pio > Villalba De Guadarrama > El Escorial > Ávila > Peñaranda de Bracamonte > Salamanca > Salamanca-La Alamedilla
2026-04-23,18910,MD,Media Distancia,Área Varias,MD,Par (↓ Sur/Destino),30100,Salamanca,10000,Madrid-Principe Pio,6,Salamanca > Peñaranda de Bracamonte > Ávila > El Escorial > Villalba De Guadarrama > Madrid-Principe Pio
2026-04-23,18911,MD,Media Distancia,Área Varias,MD,Impar (↑ Norte/Origen),10000,Madrid-Principe Pio,30110,Salamanca-La Alamedilla,7,Madrid-Principe Pio > Villalba De Guadarrama > El Escorial > Ávila > Peñaranda de Bracamonte > Salamanca > Salamanca-La Alamedilla
2026-04-23,18912,MD,Media Distancia,Área Varias,MD,Par (↓ Sur/Destino),30100,Salamanca,10000,Madrid-Principe Pio,12,Salamanca > Peñaranda de Bracamonte > Ávila > Herradón-La Cañada > Navalperal > Las Navas Del Marqués > Santa María De La Alameda-Peguerinos > Robledo De Chavela > Zarzalejo > El Escorial > Villalba De Guadarrama > Madrid-Principe Pio
2026-04-23,18913,MD,Media Distancia,Área Varias,MD,Impar (↑ Norte/Origen),10000,Madrid-Principe Pio,30110,Salamanca-La Alamedilla,13,Madrid-Principe Pio > Villalba De Guadarrama > El Escorial > Zarzalejo > Robledo De Chavela > Santa María De La Alameda-Peguerinos > Las Navas Del Marqués > Navalperal > Herradón-La Cañada > Ávila > Peñaranda de Bracamonte > Salamanca > Salamanca-La Alamedilla
2026-04-23,18921,MD,Media Distancia,Área Varias,MD,Impar (↑ Norte/Origen),10000,Madrid-Principe Pio,30110,Salamanca-La Alamedilla,15,Madrid-Principe Pio > Villalba De Guadarrama > El Escorial > Ávila > Cardeñosa de Avila > San Pedro del Arroyo > Crespos > Narros del Castillo > Peñaranda de Bracamonte > Villar de Gallimazo > Babilafuente > San Morales > Aldealengua > Salamanca > Salamanca-La Alamedilla
2026-04-23,30900,LD/MD,LD/MD/Ce fascículo,Fascículo,REGIONAL,Par (↓ Sur/Destino),79316,Cerbère,79315,Portbou,2,Cerbère > Portbou
2026-04-23,30902,LD/MD,LD/MD/Ce fascículo,Fascículo,REGIONAL,Par (↓ Sur/Destino),79316,Cerbère,79315,Portbou,2,Cerbère > Portbou
2026-04-23,30904,LD/MD,LD/MD/Ce fascículo,Fascículo,REGIONAL,Par (↓ Sur/Destino),79316,Cerbère,79315,Portbou,2,Cerbère > Portbou
2026-04-23,30906,LD/MD,LD/MD/Ce fascículo,Fascículo,REGIONAL,Par (↓ Sur/Destino),79316,Cerbère,79315,Portbou,2,Cerbère > Portbou
2026-04-23,30908,LD/MD,LD/MD/Ce fascículo,Fascículo,REGIONAL,Par (↓ Sur/Destino),79316,Cerbère,79315,Portbou,2,Cerbère > Portbou
2026-04-23,30910,LD/MD,LD/MD/Ce fascículo,Fascículo,REGIONAL,Par (↓ Sur/Destino),79316,Cerbère,79315,Portbou,2,Cerbère > Portbou
2026-04-23,30912,LD/MD,LD/MD/Ce fascículo,Fascículo,REGIONAL,Par (↓ Sur/Destino),79316,Cerbère,79315,Portbou,2,Cerbère > Portbou
2026-04-23,30914,LD/MD,LD/MD/Ce fascículo,Fascículo,REGIONAL,Par (↓ Sur/Destino),79316,Cerbère,79315,Portbou,2,Cerbère > Portbou
2026-04-23,30916,LD/MD,LD/MD/Ce fascículo,Fascículo,REGIONAL,Par (↓ Sur/Destino),79316,Cerbère,79315,Portbou,2,Cerbère > Portbou
2026-04-23,30918,LD/MD,LD/MD/Ce fascículo,Fascículo,REGIONAL,Par (↓ Sur/Destino),79316,Cerbère,79315,Portbou,2,Cerbère > Portbou
2026-04-23,31358,LD/MD,LD/MD/Ce fascículo,Fascículo,AVANT,Par (↓ Sur/Destino),08004,Segovia Guiomar,17000,Madrid-Chamartín-Clara Campoamor,2,Segovia Guiomar > Madrid-Chamartín-Clara Campoamor
2026-04-23,34023,MD,Ocasional MD/Ce,Ocas.,AVANT,Impar (↑ Norte/Origen),71801,Barcelona-Sants,04307,Figueres Vilafant,3,Barcelona-Sants > Girona > Figueres Vilafant
2026-04-23,34061,MD,Ocasional MD/Ce,Ocas.,AVANT,Impar (↑ Norte/Origen),03216,Valencia Joaquin Sorolla,03213,Requena Utiel,2,Valencia Joaquin Sorolla > Requena Utiel
2026-04-23,34062,MD,Ocasional MD/Ce,Ocas.,AVANT,Par (↓ Sur/Destino),71801,Barcelona-Sants,78400,Lleida-Pirineus,3,Barcelona-Sants > Camp Tarragona > Lleida-Pirineus
2026-04-23,34073,MD,Ocasional MD/Ce,Ocas.,AVANT,Impar (↑ Norte/Origen),71801,Barcelona-Sants,04307,Figueres Vilafant,3,Barcelona-Sants > Girona > Figueres Vilafant
2026-04-23,34074,MD,Ocasional MD/Ce,Ocas.,AVANT,Par (↓ Sur/Destino),03213,Requena Utiel,03216,Valencia Joaquin Sorolla,2,Requena Utiel > Valencia Joaquin Sorolla
2026-04-23,34080,MD,Ocasional MD/Ce,Ocas.,AVANT,Par (↓ Sur/Destino),10600,Valladolid,17000,Madrid-Chamartín-Clara Campoamor,2,Valladolid > Madrid-Chamartín-Clara Campoamor
2026-04-23,34082,MD,Ocasional MD/Ce,Ocas.,AVANT,Par (↓ Sur/Destino),04307,Figueres Vilafant,71801,Barcelona-Sants,3,Figueres Vilafant > Girona > Barcelona-Sants
2026-04-23,34088,MD,Ocasional MD/Ce,Ocas.,AVANT,Par (↓ Sur/Destino),10600,Valladolid,17000,Madrid-Chamartín-Clara Campoamor,3,Valladolid > Segovia Guiomar > Madrid-Chamartín-Clara Campoamor
2026-04-23,34092,MD,Ocasional MD/Ce,Ocas.,AVANT,Par (↓ Sur/Destino),04307,Figueres Vilafant,71801,Barcelona-Sants,3,Figueres Vilafant > Girona > Barcelona-Sants
2026-04-23,34093,MD,Ocasional MD/Ce,Ocas.,AVANT,Impar (↑ Norte/Origen),71801,Barcelona-Sants,04307,Figueres Vilafant,3,Barcelona-Sants > Girona > Figueres Vilafant
2026-04-23,34101,MD,Ocasional MD/Ce,Ocas.,AVANT,Impar (↑ Norte/Origen),17000,Madrid-Chamartín-Clara Campoamor,10600,Valladolid,3,Madrid-Chamartín-Clara Campoamor > Segovia Guiomar > Valladolid
2026-04-23,34102,MD,Ocasional MD/Ce,Ocas.,AVANT,Par (↓ Sur/Destino),04307,Figueres Vilafant,71801,Barcelona-Sants,3,Figueres Vilafant > Girona > Barcelona-Sants
2026-04-23,34113,MD,Ocasional MD/Ce,Ocas.,AVANT,Impar (↑ Norte/Origen),71801,Barcelona-Sants,04307,Figueres Vilafant,3,Barcelona-Sants > Girona > Figueres Vilafant
2026-04-23,34120,MD,Ocasional MD/Ce,Ocas.,AVANT,Par (↓ Sur/Destino),03213,Requena Utiel,03216,Valencia Joaquin Sorolla,2,Requena Utiel > Valencia Joaquin Sorolla
2026-04-23,34122,MD,Ocasional MD/Ce,Ocas.,AVANT,Par (↓ Sur/Destino),71801,Barcelona-Sants,78400,Lleida-Pirineus,3,Barcelona-Sants > Camp Tarragona > Lleida-Pirineus
2026-04-23,34123,MD,Ocasional MD/Ce,Ocas.,AVANT,Impar (↑ Norte/Origen),71801,Barcelona-Sants,04307,Figueres Vilafant,3,Barcelona-Sants > Girona > Figueres Vilafant
2026-04-23,34125,MD,Ocasional MD/Ce,Ocas.,AVANT,Impar (↑ Norte/Origen),71801,Barcelona-Sants,04307,Figueres Vilafant,3,Barcelona-Sants > Girona > Figueres Vilafant
2026-04-23,34130,MD,Ocasional MD/Ce,Ocas.,AVANT,Par (↓ Sur/Destino),04307,Figueres Vilafant,71801,Barcelona-Sants,3,Figueres Vilafant > Girona > Barcelona-Sants
2026-04-23,34137,MD,Ocasional MD/Ce,Ocas.,AVANT,Impar (↑ Norte/Origen),71801,Barcelona-Sants,04307,Figueres Vilafant,3,Barcelona-Sants > Girona > Figueres Vilafant
2026-04-23,34140,MD,Ocasional MD/Ce,Ocas.,AVANT,Par (↓ Sur/Destino),03213,Requena Utiel,03216,Valencia Joaquin Sorolla,2,Requena Utiel > Valencia Joaquin Sorolla
2026-04-23,34142,MD,Ocasional MD/Ce,Ocas.,AVANT,Par (↓ Sur/Destino),04307,Figueres Vilafant,71801,Barcelona-Sants,3,Figueres Vilafant > Girona > Barcelona-Sants
2026-04-23,34143,MD,Ocasional MD/Ce,Ocas.,AVANT,Impar (↑ Norte/Origen),71801,Barcelona-Sants,04307,Figueres Vilafant,3,Barcelona-Sants > Girona > Figueres Vilafant
2026-04-23,34153,MD,Ocasional MD/Ce,Ocas.,AVANT,Impar (↑ Norte/Origen),71801,Barcelona-Sants,04307,Figueres Vilafant,3,Barcelona-Sants > Girona > Figueres Vilafant
2026-04-23,34154,MD,Ocasional MD/Ce,Ocas.,AVANT,Par (↓ Sur/Destino),31412,A Coruña,22100,Ourense,3,A Coruña > Santiago de Compostela > Ourense
2026-04-23,34163,MD,Ocasional MD/Ce,Ocas.,AVANT,Impar (↑ Norte/Origen),71801,Barcelona-Sants,04307,Figueres Vilafant,3,Barcelona-Sants > Girona > Figueres Vilafant
2026-04-23,34171,MD,Ocasional MD/Ce,Ocas.,AVANT,Impar (↑ Norte/Origen),17000,Madrid-Chamartín-Clara Campoamor,10600,Valladolid,2,Madrid-Chamartín-Clara Campoamor > Valladolid
2026-04-23,34176,MD,Ocasional MD/Ce,Ocas.,AVANT,Par (↓ Sur/Destino),10600,Valladolid,17000,Madrid-Chamartín-Clara Campoamor,3,Valladolid > Segovia Guiomar > Madrid-Chamartín-Clara Campoamor
2026-04-23,34181,MD,Ocasional MD/Ce,Ocas.,AVANT,Impar (↑ Norte/Origen),03216,Valencia Joaquin Sorolla,03213,Requena Utiel,2,Valencia Joaquin Sorolla > Requena Utiel
2026-04-23,34182,MD,Ocasional MD/Ce,Ocas.,AVANT,Par (↓ Sur/Destino),04307,Figueres Vilafant,71801,Barcelona-Sants,3,Figueres Vilafant > Girona > Barcelona-Sants
2026-04-23,34183,MD,Ocasional MD/Ce,Ocas.,AVANT,Impar (↑ Norte/Origen),17000,Madrid-Chamartín-Clara Campoamor,10600,Valladolid,2,Madrid-Chamartín-Clara Campoamor > Valladolid
2026-04-23,34184,MD,Ocasional MD/Ce,Ocas.,AVANT,Par (↓ Sur/Destino),03213,Requena Utiel,03216,Valencia Joaquin Sorolla,2,Requena Utiel > Valencia Joaquin Sorolla
2026-04-23,34186,MD,Ocasional MD/Ce,Ocas.,AVANT,Par (↓ Sur/Destino),08004,Segovia Guiomar,17000,Madrid-Chamartín-Clara Campoamor,2,Segovia Guiomar > Madrid-Chamartín-Clara Campoamor
2026-04-23,34192,MD,Ocasional MD/Ce,Ocas.,AVANT,Par (↓ Sur/Destino),04307,Figueres Vilafant,71801,Barcelona-Sants,3,Figueres Vilafant > Girona > Barcelona-Sants
2026-04-23,34210,MD,Ocasional MD/Ce,Ocas.,AVANT,Par (↓ Sur/Destino),03213,Requena Utiel,03216,Valencia Joaquin Sorolla,2,Requena Utiel > Valencia Joaquin Sorolla
2026-04-23,34215,MD,Ocasional MD/Ce,Ocas.,AVANT,Impar (↑ Norte/Origen),03216,Valencia Joaquin Sorolla,03213,Requena Utiel,2,Valencia Joaquin Sorolla > Requena Utiel
2026-04-23,34262,MD,Ocasional MD/Ce,Ocas.,AVANT,Par (↓ Sur/Destino),04307,Figueres Vilafant,71801,Barcelona-Sants,3,Figueres Vilafant > Girona > Barcelona-Sants
2026-04-23,34292,MD,Ocasional MD/Ce,Ocas.,AVANT,Par (↓ Sur/Destino),04307,Figueres Vilafant,71801,Barcelona-Sants,3,Figueres Vilafant > Girona > Barcelona-Sants
2026-04-23,34295,MD,Ocasional MD/Ce,Ocas.,AVANT,Impar (↑ Norte/Origen),22100,Ourense,31412,A Coruña,3,Ourense > Santiago de Compostela > A Coruña
2026-04-23,34301,MD,Ocasional MD/Ce,Ocas.,AVANT,Impar (↑ Norte/Origen),03216,Valencia Joaquin Sorolla,03213,Requena Utiel,2,Valencia Joaquin Sorolla > Requena Utiel
2026-04-23,34302,MD,Ocasional MD/Ce,Ocas.,AVANT,Par (↓ Sur/Destino),04307,Figueres Vilafant,71801,Barcelona-Sants,3,Figueres Vilafant > Girona > Barcelona-Sants
2026-04-23,34309,MD,Ocasional MD/Ce,Ocas.,AVANT,Impar (↑ Norte/Origen),71801,Barcelona-Sants,04307,Figueres Vilafant,3,Barcelona-Sants > Girona > Figueres Vilafant
2026-04-23,34310,MD,Ocasional MD/Ce,Ocas.,AVANT,Par (↓ Sur/Destino),10600,Valladolid,17000,Madrid-Chamartín-Clara Campoamor,3,Valladolid > Segovia Guiomar > Madrid-Chamartín-Clara Campoamor
2026-04-23,34334,MD,Ocasional MD/Ce,Ocas.,AVANT,Par (↓ Sur/Destino),31412,A Coruña,22100,Ourense,3,A Coruña > Santiago de Compostela > Ourense
2026-04-23,34345,MD,Ocasional MD/Ce,Ocas.,AVANT,Impar (↑ Norte/Origen),22100,Ourense,31412,A Coruña,3,Ourense > Santiago de Compostela > A Coruña
2026-04-23,34364,MD,Ocasional MD/Ce,Ocas.,AVANT,Par (↓ Sur/Destino),31412,A Coruña,22100,Ourense,3,A Coruña > Santiago de Compostela > Ourense
2026-04-23,34366,MD,Ocasional MD/Ce,Ocas.,AVANT,Par (↓ Sur/Destino),10600,Valladolid,17000,Madrid-Chamartín-Clara Campoamor,3,Valladolid > Segovia Guiomar > Madrid-Chamartín-Clara Campoamor
2026-04-23,34381,MD,Ocasional MD/Ce,Ocas.,AVANT,Impar (↑ Norte/Origen),71801,Barcelona-Sants,04307,Figueres Vilafant,3,Barcelona-Sants > Girona > Figueres Vilafant
2026-04-23,34392,MD,Ocasional MD/Ce,Ocas.,AVANT,Par (↓ Sur/Destino),10600,Valladolid,17000,Madrid-Chamartín-Clara Campoamor,2,Valladolid > Madrid-Chamartín-Clara Campoamor
2026-04-23,34395,MD,Ocasional MD/Ce,Ocas.,AVANT,Impar (↑ Norte/Origen),22100,Ourense,31412,A Coruña,3,Ourense > Santiago de Compostela > A Coruña
2026-04-23,34404,MD,Ocasional MD/Ce,Ocas.,AVANT,Par (↓ Sur/Destino),31412,A Coruña,22100,Ourense,3,A Coruña > Santiago de Compostela > Ourense
2026-04-23,34405,MD,Ocasional MD/Ce,Ocas.,AVANT,Impar (↑ Norte/Origen),22100,Ourense,31412,A Coruña,3,Ourense > Santiago de Compostela > A Coruña
2026-04-23,34433,MD,Ocasional MD/Ce,Ocas.,AVANT,Impar (↑ Norte/Origen),78400,Lleida-Pirineus,71801,Barcelona-Sants,3,Lleida-Pirineus > Camp Tarragona > Barcelona-Sants
2026-04-23,34442,MD,Ocasional MD/Ce,Ocas.,AVANT,Par (↓ Sur/Destino),60911,Alicante/Alacant,61200,Murcia,4,Alicante/Alacant > ELX AV > Orihuela-Miguel Hernández > Murcia
2026-04-23,34609,MD,Ocasional MD/Ce,Ocas.,AVANT,Impar (↑ Norte/Origen),71801,Barcelona-Sants,04307,Figueres Vilafant,3,Barcelona-Sants > Girona > Figueres Vilafant
2026-04-23,34621,MD,Ocasional MD/Ce,Ocas.,AVANT,Impar (↑ Norte/Origen),78400,Lleida-Pirineus,71801,Barcelona-Sants,3,Lleida-Pirineus > Camp Tarragona > Barcelona-Sants
2026-04-23,34622,MD,Ocasional MD/Ce,Ocas.,AVANT,Par (↓ Sur/Destino),71801,Barcelona-Sants,78400,Lleida-Pirineus,3,Barcelona-Sants > Camp Tarragona > Lleida-Pirineus
2026-04-23,34662,MD,Ocasional MD/Ce,Ocas.,AVANT,Par (↓ Sur/Destino),04307,Figueres Vilafant,71801,Barcelona-Sants,3,Figueres Vilafant > Girona > Barcelona-Sants
2026-04-23,34712,MD,Ocasional MD/Ce,Ocas.,AVANT,Par (↓ Sur/Destino),04307,Figueres Vilafant,71801,Barcelona-Sants,3,Figueres Vilafant > Girona > Barcelona-Sants
2026-04-23,34763,MD,Ocasional MD/Ce,Ocas.,AVANT,Impar (↑ Norte/Origen),17000,Madrid-Chamartín-Clara Campoamor,08004,Segovia Guiomar,2,Madrid-Chamartín-Clara Campoamor > Segovia Guiomar
2026-04-23,34792,MD,Ocasional MD/Ce,Ocas.,AVANT,Par (↓ Sur/Destino),08004,Segovia Guiomar,17000,Madrid-Chamartín-Clara Campoamor,2,Segovia Guiomar > Madrid-Chamartín-Clara Campoamor
2026-04-23,34809,MD,Ocasional MD/Ce,Ocas.,AVANT,Impar (↑ Norte/Origen),17000,Madrid-Chamartín-Clara Campoamor,08004,Segovia Guiomar,2,Madrid-Chamartín-Clara Campoamor > Segovia Guiomar
2026-04-23,34813,MD,Ocasional MD/Ce,Ocas.,AVANT,Impar (↑ Norte/Origen),78400,Lleida-Pirineus,71801,Barcelona-Sants,3,Lleida-Pirineus > Camp Tarragona > Barcelona-Sants
2026-04-23,34823,MD,Ocasional MD/Ce,Ocas.,AVANT,Impar (↑ Norte/Origen),78400,Lleida-Pirineus,71801,Barcelona-Sants,2,Lleida-Pirineus > Barcelona-Sants
2026-04-23,34842,MD,Ocasional MD/Ce,Ocas.,AVANT,Par (↓ Sur/Destino),71801,Barcelona-Sants,78400,Lleida-Pirineus,3,Barcelona-Sants > Camp Tarragona > Lleida-Pirineus
2026-04-23,34853,MD,Ocasional MD/Ce,Ocas.,AVANT,Impar (↑ Norte/Origen),70600,Calatayud,04040,Zaragoza-Delicias,2,Calatayud > Zaragoza-Delicias
2026-04-23,34862,MD,Ocasional MD/Ce,Ocas.,AVANT,Par (↓ Sur/Destino),04040,Zaragoza-Delicias,70600,Calatayud,2,Zaragoza-Delicias > Calatayud
2026-04-23,34863,MD,Ocasional MD/Ce,Ocas.,AVANT,Impar (↑ Norte/Origen),61200,Murcia,60911,Alicante/Alacant,4,Murcia > Orihuela-Miguel Hernández > ELX AV > Alicante/Alacant
2026-04-23,34868,MD,Ocasional MD/Ce,Ocas.,AVANT,Par (↓ Sur/Destino),08004,Segovia Guiomar,17000,Madrid-Chamartín-Clara Campoamor,2,Segovia Guiomar > Madrid-Chamartín-Clara Campoamor
2026-04-23,34890,MD,Ocasional MD/Ce,Ocas.,AVANT,Par (↓ Sur/Destino),03213,Requena Utiel,03216,Valencia Joaquin Sorolla,2,Requena Utiel > Valencia Joaquin Sorolla
2026-04-23,34898,MD,Ocasional MD/Ce,Ocas.,AVANT,Par (↓ Sur/Destino),08004,Segovia Guiomar,17000,Madrid-Chamartín-Clara Campoamor,2,Segovia Guiomar > Madrid-Chamartín-Clara Campoamor
2026-04-23,34899,MD,Ocasional MD/Ce,Ocas.,AVANT,Impar (↑ Norte/Origen),17000,Madrid-Chamartín-Clara Campoamor,08004,Segovia Guiomar,2,Madrid-Chamartín-Clara Campoamor > Segovia Guiomar
2026-04-23,34903,MD,Ocasional MD/Ce,Ocas.,AVANT,Impar (↑ Norte/Origen),61200,Murcia,60911,Alicante/Alacant,4,Murcia > Orihuela-Miguel Hernández > ELX AV > Alicante/Alacant
2026-04-23,34909,MD,Ocasional MD/Ce,Ocas.,AVANT,Impar (↑ Norte/Origen),17000,Madrid-Chamartín-Clara Campoamor,08004,Segovia Guiomar,2,Madrid-Chamartín-Clara Campoamor > Segovia Guiomar
2026-04-23,34912,MD,Ocasional MD/Ce,Ocas.,AVANT,Par (↓ Sur/Destino),60911,Alicante/Alacant,61200,Murcia,4,Alicante/Alacant > ELX AV > Orihuela-Miguel Hernández > Murcia
2026-04-23,34913,MD,Ocasional MD/Ce,Ocas.,AVANT,Impar (↑ Norte/Origen),70600,Calatayud,04040,Zaragoza-Delicias,2,Calatayud > Zaragoza-Delicias
2026-04-23,34929,MD,Ocasional MD/Ce,Ocas.,AVANT,Impar (↑ Norte/Origen),17000,Madrid-Chamartín-Clara Campoamor,08004,Segovia Guiomar,2,Madrid-Chamartín-Clara Campoamor > Segovia Guiomar
2026-04-23,34942,MD,Ocasional MD/Ce,Ocas.,AVANT,Par (↓ Sur/Destino),04040,Zaragoza-Delicias,70600,Calatayud,2,Zaragoza-Delicias > Calatayud
2026-04-23,34943,MD,Ocasional MD/Ce,Ocas.,AVANT,Impar (↑ Norte/Origen),70600,Calatayud,04040,Zaragoza-Delicias,2,Calatayud > Zaragoza-Delicias
2026-04-23,34951,MD,Ocasional MD/Ce,Ocas.,AVANT,Impar (↑ Norte/Origen),03216,Valencia Joaquin Sorolla,03213,Requena Utiel,2,Valencia Joaquin Sorolla > Requena Utiel
2026-04-23,34958,MD,Ocasional MD/Ce,Ocas.,AVANT,Par (↓ Sur/Destino),08004,Segovia Guiomar,17000,Madrid-Chamartín-Clara Campoamor,2,Segovia Guiomar > Madrid-Chamartín-Clara Campoamor
2026-04-23,34962,MD,Ocasional MD/Ce,Ocas.,AVANT,Par (↓ Sur/Destino),04040,Zaragoza-Delicias,70600,Calatayud,2,Zaragoza-Delicias > Calatayud
2026-04-23,34963,MD,Ocasional MD/Ce,Ocas.,AVANT,Impar (↑ Norte/Origen),70600,Calatayud,04040,Zaragoza-Delicias,2,Calatayud > Zaragoza-Delicias
2026-04-23,34969,MD,Ocasional MD/Ce,Ocas.,AVANT,Impar (↑ Norte/Origen),17000,Madrid-Chamartín-Clara Campoamor,08004,Segovia Guiomar,2,Madrid-Chamartín-Clara Campoamor > Segovia Guiomar
2026-04-23,34972,MD,Ocasional MD/Ce,Ocas.,AVANT,Par (↓ Sur/Destino),04040,Zaragoza-Delicias,70600,Calatayud,2,Zaragoza-Delicias > Calatayud
2026-04-23,34982,MD,Ocasional MD/Ce,Ocas.,AVANT,Par (↓ Sur/Destino),04040,Zaragoza-Delicias,70600,Calatayud,2,Zaragoza-Delicias > Calatayud
2026-04-23,34988,MD,Ocasional MD/Ce,Ocas.,AVANT,Par (↓ Sur/Destino),08004,Segovia Guiomar,17000,Madrid-Chamartín-Clara Campoamor,2,Segovia Guiomar > Madrid-Chamartín-Clara Campoamor
2026-04-23,34993,MD,Ocasional MD/Ce,Ocas.,AVANT,Impar (↑ Norte/Origen),70600,Calatayud,04040,Zaragoza-Delicias,2,Calatayud > Zaragoza-Delicias
2026-04-23,35001,MD,Ocasional MD/Ce,Ocas.,MD,Impar (↑ Norte/Origen),51405,Cádiz,03100,Jaen,23,Cádiz > Segunda Aguada > Cádiz-Estadio > San Fernando-Bahía Sur > Puerto Real > Puerto De Santa María > Jerez De La Frontera > Jerez Aeropuerto > Lebrija > Las Cabezas De San Juan > Utrera > Dos Hermanas > Sevilla-Virgen Del Rocío > Sevilla-San Bernardo > Sevilla-Santa Justa > Lora Del Río > Peñaflor > Palma del Rio > Posadas > Cordoba > Villa del Rio > Andujar > Jaen
2026-04-23,35003,MD,Ocasional MD/Ce,Ocas.,MD,Impar (↑ Norte/Origen),51405,Cádiz,03100,Jaen,21,Cádiz > San Fernando-Bahía Sur > Puerto Real > Puerto De Santa María > Jerez De La Frontera > Jerez Aeropuerto > Lebrija > Las Cabezas De San Juan > Utrera > Dos Hermanas > Sevilla-Virgen Del Rocío > Sevilla-San Bernardo > Sevilla-Santa Justa > Lora Del Río > Peñaflor > Palma del Rio > Posadas > Cordoba > Villa del Rio > Andujar > Jaen
2026-04-23,35009,MD,Ocasional MD/Ce,Ocas.,MD,Impar (↑ Norte/Origen),51405,Cádiz,03100,Jaen,19,Cádiz > San Fernando-Bahía Sur > Puerto Real > Puerto De Santa María > Jerez De La Frontera > Jerez Aeropuerto > Lebrija > Utrera > Dos Hermanas > Sevilla-San Bernardo > Sevilla-Santa Justa > Lora Del Río > Peñaflor > Palma del Rio > Posadas > Cordoba > Villa del Rio > Andujar > Jaen
2026-04-23,35011,MD,Ocasional MD/Ce,Ocas.,MD,Impar (↑ Norte/Origen),51405,Cádiz,03100,Jaen,19,Cádiz > San Fernando-Bahía Sur > Puerto Real > Puerto De Santa María > Jerez De La Frontera > Lebrija > Utrera > Dos Hermanas > Sevilla-Virgen Del Rocío > Sevilla-San Bernardo > Sevilla-Santa Justa > Lora Del Río > Peñaflor > Palma del Rio > Posadas > Cordoba > Villa del Rio > Andujar > Jaen
2026-04-23,35011,MD,Ocasional MD/Ce,Ocas.,MD,Impar (↑ Norte/Origen),51003,Sevilla-Santa Justa,03100,Jaen,9,Sevilla-Santa Justa > Lora Del Río > Peñaflor > Palma del Rio > Posadas > Cordoba > Villa del Rio > Andujar > Jaen
2026-04-23,35017,MD,Ocasional MD/Ce,Ocas.,MD,Impar (↑ Norte/Origen),51405,Cádiz,03100,Jaen,18,Cádiz > San Fernando-Bahía Sur > Puerto De Santa María > Jerez De La Frontera > Jerez Aeropuerto > Lebrija > Utrera > Dos Hermanas > Sevilla-San Bernardo > Sevilla-Santa Justa > Lora Del Río > Peñaflor > Palma del Rio > Posadas > Cordoba > Villa del Rio > Andujar > Jaen
2026-04-23,35035,MD,Ocasional MD/Ce,Ocas.,MD,Impar (↑ Norte/Origen),03100,Jaen,51405,Cádiz,17,Jaen > Andujar > Villa del Rio > Cordoba > Posadas > Palma del Rio > Peñaflor > Lora Del Río > Sevilla-Santa Justa > Sevilla-San Bernardo > Dos Hermanas > Utrera > Lebrija > Jerez De La Frontera > Puerto De Santa María > San Fernando-Bahía Sur > Cádiz
2026-04-23,35050,MD,Ocasional MD/Ce,Ocas.,REG.EXP.,Par (↓ Sur/Destino),17000,Madrid-Chamartín-Clara Campoamor,04040,Zaragoza-Delicias,15,Madrid-Chamartín-Clara Campoamor > Guadalajara > Yunquera De Henares > Humanes De Mohernando > Espinosa De Henares > Carrascosa De Henares > Jadraque > Matillas > Siguenza > Torralba > Medinaceli > Arcos De Jalón > Ariza > Calatayud > Zaragoza-Delicias
2026-04-23,35050,MD,Ocasional MD/Ce,Ocas.,REG.EXP.,Par (↓ Sur/Destino),17000,Madrid-Chamartín-Clara Campoamor,70300,Baides,9,Madrid-Chamartín-Clara Campoamor > Guadalajara > Yunquera De Henares > Humanes De Mohernando > Espinosa De Henares > Carrascosa De Henares > Jadraque > Matillas > Baides
2026-04-23,35052,MD,Ocasional MD/Ce,Ocas.,REGIONAL,Par (↓ Sur/Destino),17000,Madrid-Chamartín-Clara Campoamor,04040,Zaragoza-Delicias,19,Madrid-Chamartín-Clara Campoamor > Alcala De Henares > Guadalajara > Yunquera De Henares > Humanes De Mohernando > Espinosa De Henares > Carrascosa De Henares > Jadraque > Matillas > Siguenza > Medinaceli > Arcos De Jalón > Santa María De Huerta > Ariza > Cetina > Alhama De Aragón > Ateca > Calatayud > Zaragoza-Delicias
2026-04-23,35052,MD,Ocasional MD/Ce,Ocas.,REGIONAL,Par (↓ Sur/Destino),17000,Madrid-Chamartín-Clara Campoamor,70300,Baides,10,Madrid-Chamartín-Clara Campoamor > Alcala De Henares > Guadalajara > Yunquera De Henares > Humanes De Mohernando > Espinosa De Henares > Carrascosa De Henares > Jadraque > Matillas > Baides
2026-04-23,35052,MD,Ocasional MD/Ce,Ocas.,REGIONAL,Par (↓ Sur/Destino),70300,Baides,04040,Zaragoza-Delicias,11,Baides > Siguenza > Medinaceli > Arcos De Jalón > Santa María De Huerta > Ariza > Cetina > Alhama De Aragón > Ateca > Calatayud > Zaragoza-Delicias
2026-04-23,35054,MD,Ocasional MD/Ce,Ocas.,REG.EXP.,Par (↓ Sur/Destino),17000,Madrid-Chamartín-Clara Campoamor,04040,Zaragoza-Delicias,15,Madrid-Chamartín-Clara Campoamor > Guadalajara > Yunquera De Henares > Humanes De Mohernando > Espinosa De Henares > Carrascosa De Henares > Jadraque > Matillas > Siguenza > Torralba > Medinaceli > Arcos De Jalón > Ariza > Calatayud > Zaragoza-Delicias
2026-04-23,35054,MD,Ocasional MD/Ce,Ocas.,REG.EXP.,Par (↓ Sur/Destino),17000,Madrid-Chamartín-Clara Campoamor,70300,Baides,9,Madrid-Chamartín-Clara Campoamor > Guadalajara > Yunquera De Henares > Humanes De Mohernando > Espinosa De Henares > Carrascosa De Henares > Jadraque > Matillas > Baides
2026-04-23,35062,MD,Ocasional MD/Ce,Ocas.,MD,Par (↓ Sur/Destino),02030,Antequera AV,55020,Algeciras,18,Antequera AV > Antequera-Santa Ana > Bobadilla > Campillos > Almargen-Cañete La Real > Setenil > Ronda > Arriate > Benaojan-Montejaque > Jimera de Libar > Cortes de La Frontera > Gaucin > San Pablo > Jimena de La Frontera > Almoraima > San Roque-La Linea > Los Barrios > Algeciras
2026-04-23,35064,MD,Ocasional MD/Ce,Ocas.,MD,Par (↓ Sur/Destino),02030,Antequera AV,55020,Algeciras,18,Antequera AV > Antequera-Santa Ana > Bobadilla > Campillos > Almargen-Cañete La Real > Setenil > Ronda > Arriate > Benaojan-Montejaque > Jimera de Libar > Cortes de La Frontera > Gaucin > San Pablo > Jimena de La Frontera > Almoraima > San Roque-La Linea > Los Barrios > Algeciras
2026-04-23,35065,MD,Ocasional MD/Ce,Ocas.,MD,Impar (↑ Norte/Origen),55020,Algeciras,02030,Antequera AV,18,Algeciras > Los Barrios > San Roque-La Linea > Almoraima > Jimena de La Frontera > San Pablo > Gaucin > Cortes de La Frontera > Jimera de Libar > Benaojan-Montejaque > Arriate > Ronda > Setenil > Almargen-Cañete La Real > Campillos > Bobadilla > Antequera-Santa Ana > Antequera AV
2026-04-23,35073,MD,Ocasional MD/Ce,Ocas.,MD,Impar (↑ Norte/Origen),03100,Jaen,51405,Cádiz,21,Jaen > Andujar > Villa del Rio > Cordoba > Posadas > Palma del Rio > Peñaflor > Lora Del Río > Sevilla-Santa Justa > Sevilla-San Bernardo > Dos Hermanas > Utrera > Lebrija > Jerez Aeropuerto > Jerez De La Frontera > Puerto De Santa María > Puerto Real > San Fernando-Bahía Sur > Cádiz-Estadio > Segunda Aguada > Cádiz
2026-04-23,35077,MD,Ocasional MD/Ce,Ocas.,MD,Impar (↑ Norte/Origen),55020,Algeciras,02030,Antequera AV,18,Algeciras > Los Barrios > San Roque-La Linea > Almoraima > Jimena de La Frontera > San Pablo > Gaucin > Cortes de La Frontera > Jimera de Libar > Benaojan-Montejaque > Arriate > Ronda > Setenil > Almargen-Cañete La Real > Campillos > Bobadilla > Antequera-Santa Ana > Antequera AV
2026-04-23,35079,MD,Ocasional MD/Ce,Ocas.,MD,Impar (↑ Norte/Origen),03100,Jaen,51405,Cádiz,19,Jaen > Andujar > Villa del Rio > Cordoba > Posadas > Palma del Rio > Peñaflor > Lora Del Río > Sevilla-Santa Justa > Sevilla-San Bernardo > Dos Hermanas > Utrera > Lebrija > Jerez Aeropuerto > Jerez De La Frontera > Puerto De Santa María > San Fernando-Bahía Sur > Cádiz-Estadio > Cádiz
2026-04-23,35083,MD,Ocasional MD/Ce,Ocas.,MD,Impar (↑ Norte/Origen),03100,Jaen,51405,Cádiz,20,Jaen > Andujar > Villa del Rio > Cordoba > Posadas > Palma del Rio > Peñaflor > Lora Del Río > Sevilla-Santa Justa > Sevilla-San Bernardo > Dos Hermanas > Utrera > Las Cabezas De San Juan > Lebrija > Jerez Aeropuerto > Jerez De La Frontera > Puerto De Santa María > Puerto Real > San Fernando-Bahía Sur > Cádiz
2026-04-23,35135,MD,Ocasional MD/Ce,Ocas.,REG.EXP.,Impar (↑ Norte/Origen),79400,Barcelona-Estació De França,71204,Caspe,21,Barcelona-Estació De França > Barcelona-Passeig De Gracia > Barcelona-Sants > Vilanova I La Geltrú > Sant Vicenç De Calders > Torredembarra > Altafulla-Tamarit > Tarragona > Vila-Seca > Reus > Les Borges Del Camp > Marçà-Falset > Capçanes > Móra La Nova > Ascó > Flix > Riba-Roja D'ebre > Faió-La Pobla De Massaluca (fayón) > Nonaspe > Fabara > Caspe
2026-04-23,35150,MD,Ocasional MD/Ce,Ocas.,REG.EXP.,Par (↓ Sur/Destino),70300,Baides,04040,Zaragoza-Delicias,8,Baides > Siguenza > Torralba > Medinaceli > Arcos De Jalón > Ariza > Calatayud > Zaragoza-Delicias
2026-04-23,35152,MD,Ocasional MD/Ce,Ocas.,REGIONAL,Par (↓ Sur/Destino),70700,Ricla-La Almunia,04040,Zaragoza-Delicias,7,Ricla-La Almunia > Calatorao > Salillas de Jalon > Epila > Grisen > Utebo > Zaragoza-Delicias
2026-04-23,35154,MD,Ocasional MD/Ce,Ocas.,REG.EXP.,Par (↓ Sur/Destino),70300,Baides,04040,Zaragoza-Delicias,8,Baides > Siguenza > Torralba > Medinaceli > Arcos De Jalón > Ariza > Calatayud > Zaragoza-Delicias
2026-04-23,35202,MD,Ocasional MD/Ce,Ocas.,MD,Par (↓ Sur/Destino),61307,Cartagena,65000,Valencia-Estaciò Del Nord,18,Cartagena > Torre-Pacheco > Balsicas-Mar Menor > Murcia > Orihuela-Miguel Hernández > Callosa De Segura > Albatera-Catral > Elche/Elx Carrús > Elche Parque/Elx Parc > Sant Gabriel > Alicante/Alacant > Universidad De Alicante > Novelda-Aspe > Elda-Petrer > Sax > Villena > Xàtiva > Valencia-Estaciò Del Nord
2026-04-23,35204,MD,Ocasional MD/Ce,Ocas.,MD,Par (↓ Sur/Destino),61307,Cartagena,65000,Valencia-Estaciò Del Nord,15,Cartagena > Torre-Pacheco > Balsicas-Mar Menor > Murcia > Orihuela-Miguel Hernández > Callosa De Segura > Elche/Elx Carrús > Elche Parque/Elx Parc > Sant Gabriel > Alicante/Alacant > Universidad De Alicante > Elda-Petrer > Villena > Xàtiva > Valencia-Estaciò Del Nord
2026-04-23,35223,MD,Ocasional MD/Ce,Ocas.,MD,Impar (↑ Norte/Origen),65000,Valencia-Estaciò Del Nord,61307,Cartagena,15,Valencia-Estaciò Del Nord > Xàtiva > Villena > Elda-Petrer > Universidad De Alicante > Alicante/Alacant > Sant Gabriel > Elche Parque/Elx Parc > Elche/Elx Carrús > Callosa De Segura > Orihuela-Miguel Hernández > Murcia > Balsicas-Mar Menor > Torre-Pacheco > Cartagena
2026-04-23,35252,MD,Ocasional MD/Ce,Ocas.,REGIONAL,Par (↓ Sur/Destino),70600,Calatayud,04040,Zaragoza-Delicias,14,Calatayud > Paracuellos-Sabiñan > Embid de Jalon > Sabiñan > Mores > Purroy > Morata de Jalon > Ricla-La Almunia > Calatorao > Salillas de Jalon > Epila > Grisen > Utebo > Zaragoza-Delicias
2026-04-23,35402,MD,Ocasional MD/Ce,Ocas.,REGIONAL,Par (↓ Sur/Destino),17000,Madrid-Chamartín-Clara Campoamor,70302,Siguenza,15,Madrid-Chamartín-Clara Campoamor > San Fernando Henares > Torrejón De Ardoz > Alcala De Henares > Alcalá Henares-Universidad (apd) > Meco (apd-Cgd) > Azuqueca > Guadalajara > Yunquera De Henares > Humanes De Mohernando > Espinosa De Henares > Carrascosa De Henares > Jadraque > Matillas > Siguenza
2026-04-23,35402,MD,Ocasional MD/Ce,Ocas.,REGIONAL,Par (↓ Sur/Destino),17000,Madrid-Chamartín-Clara Campoamor,70300,Baides,15,Madrid-Chamartín-Clara Campoamor > San Fernando Henares > Torrejón De Ardoz > Alcala De Henares > Alcalá Henares-Universidad (apd) > Meco (apd-Cgd) > Azuqueca > Guadalajara > Yunquera De Henares > Humanes De Mohernando > Espinosa De Henares > Carrascosa De Henares > Jadraque > Matillas > Baides
2026-04-23,35402,MD,Ocasional MD/Ce,Ocas.,REGIONAL,Par (↓ Sur/Destino),70300,Baides,70302,Siguenza,2,Baides > Siguenza
2026-04-23,35403,MD,Ocasional MD/Ce,Ocas.,REGIONAL,Impar (↑ Norte/Origen),70302,Siguenza,17000,Madrid-Chamartín-Clara Campoamor,26,Siguenza > Matillas > Jadraque > Carrascosa De Henares > Espinosa De Henares > Humanes De Mohernando > Yunquera De Henares > Guadalajara > Azuqueca > Meco (apd-Cgd) > Alcalá Henares-Universidad (apd) > Alcala De Henares > La Garena > Soto Del Henares > Torrejón De Ardoz > San Fernando Henares > Coslada (apd) > Vicálvaro > Santa Eugenia > Vallecas > El Pozo > Asamblea De Mad. Entrevías > Madrid - Atocha Cercanías > Madrid-Recoletos > Madrid-Nuevos Ministerios > Madrid-Chamartín-Clara Campoamor
2026-04-23,35403,MD,Ocasional MD/Ce,Ocas.,REGIONAL,Impar (↑ Norte/Origen),70302,Siguenza,70300,Baides,2,Siguenza > Baides
2026-04-23,35403,MD,Ocasional MD/Ce,Ocas.,REGIONAL,Impar (↑ Norte/Origen),70300,Baides,17000,Madrid-Chamartín-Clara Campoamor,26,Baides > Matillas > Jadraque > Carrascosa De Henares > Espinosa De Henares > Humanes De Mohernando > Yunquera De Henares > Guadalajara > Azuqueca > Meco (apd-Cgd) > Alcalá Henares-Universidad (apd) > Alcala De Henares > La Garena > Soto Del Henares > Torrejón De Ardoz > San Fernando Henares > Coslada (apd) > Vicálvaro > Santa Eugenia > Vallecas > El Pozo > Asamblea De Mad. Entrevías > Madrid - Atocha Cercanías > Madrid-Recoletos > Madrid-Nuevos Ministerios > Madrid-Chamartín-Clara Campoamor
2026-04-23,35408,MD,Ocasional MD/Ce,Ocas.,REGIONAL,Par (↓ Sur/Destino),17000,Madrid-Chamartín-Clara Campoamor,70302,Siguenza,26,Madrid-Chamartín-Clara Campoamor > Madrid-Nuevos Ministerios > Madrid-Recoletos > Madrid - Atocha Cercanías > Asamblea De Mad. Entrevías > El Pozo > Vallecas > Santa Eugenia > Vicálvaro > Coslada (apd) > San Fernando Henares > Torrejón De Ardoz > Soto Del Henares > La Garena > Alcala De Henares > Alcalá Henares-Universidad (apd) > Meco (apd-Cgd) > Azuqueca > Guadalajara > Yunquera De Henares > Humanes De Mohernando > Espinosa De Henares > Carrascosa De Henares > Jadraque > Matillas > Siguenza
2026-04-23,35408,MD,Ocasional MD/Ce,Ocas.,REGIONAL,Par (↓ Sur/Destino),17000,Madrid-Chamartín-Clara Campoamor,70300,Baides,26,Madrid-Chamartín-Clara Campoamor > Madrid-Nuevos Ministerios > Madrid-Recoletos > Madrid - Atocha Cercanías > Asamblea De Mad. Entrevías > El Pozo > Vallecas > Santa Eugenia > Vicálvaro > Coslada (apd) > San Fernando Henares > Torrejón De Ardoz > Soto Del Henares > La Garena > Alcala De Henares > Alcalá Henares-Universidad (apd) > Meco (apd-Cgd) > Azuqueca > Guadalajara > Yunquera De Henares > Humanes De Mohernando > Espinosa De Henares > Carrascosa De Henares > Jadraque > Matillas > Baides
2026-04-23,35408,MD,Ocasional MD/Ce,Ocas.,REGIONAL,Par (↓ Sur/Destino),70300,Baides,70302,Siguenza,2,Baides > Siguenza
2026-04-23,35410,MD,Ocasional MD/Ce,Ocas.,REGIONAL,Par (↓ Sur/Destino),69011,Alcoy/Alcoi,65000,Valencia-Estaciò Del Nord,23,Alcoy/Alcoi > Cocentaina > Agres > Ontinyent > Agullent > Albaida > Bufali > Montaverner > La Pobla Del Duc > Benigánim > Genovés > Xàtiva > L'ènova Manuel > La Pobla Llarga > Carcaixent > Alzira > Algemesí > Benifaió-Almussafes > Silla > Catarroja > Massanassa > Alfafar-Benetússer > Valencia-Estaciò Del Nord
2026-04-23,35411,MD,Ocasional MD/Ce,Ocas.,REGIONAL,Impar (↑ Norte/Origen),65000,Valencia-Estaciò Del Nord,69011,Alcoy/Alcoi,23,Valencia-Estaciò Del Nord > Alfafar-Benetússer > Massanassa > Catarroja > Silla > Benifaió-Almussafes > Algemesí > Alzira > Carcaixent > La Pobla Llarga > L'ènova Manuel > Xàtiva > Genovés > Benigánim > La Pobla Del Duc > Montaverner > Bufali > Albaida > Agullent > Ontinyent > Agres > Cocentaina > Alcoy/Alcoi
2026-04-23,35412,MD,Ocasional MD/Ce,Ocas.,REGIONAL,Par (↓ Sur/Destino),69011,Alcoy/Alcoi,65000,Valencia-Estaciò Del Nord,23,Alcoy/Alcoi > Cocentaina > Agres > Ontinyent > Agullent > Albaida > Bufali > Montaverner > La Pobla Del Duc > Benigánim > Genovés > Xàtiva > L'ènova Manuel > La Pobla Llarga > Carcaixent > Alzira > Algemesí > Benifaió-Almussafes > Silla > Catarroja > Massanassa > Alfafar-Benetússer > Valencia-Estaciò Del Nord
2026-04-23,35413,MD,Ocasional MD/Ce,Ocas.,REGIONAL,Impar (↑ Norte/Origen),65000,Valencia-Estaciò Del Nord,69011,Alcoy/Alcoi,23,Valencia-Estaciò Del Nord > Alfafar-Benetússer > Massanassa > Catarroja > Silla > Benifaió-Almussafes > Algemesí > Alzira > Carcaixent > La Pobla Llarga > L'ènova Manuel > Xàtiva > Genovés > Benigánim > La Pobla Del Duc > Montaverner > Bufali > Albaida > Agullent > Ontinyent > Agres > Cocentaina > Alcoy/Alcoi
2026-04-23,35414,MD,Ocasional MD/Ce,Ocas.,REGIONAL,Par (↓ Sur/Destino),69011,Alcoy/Alcoi,65000,Valencia-Estaciò Del Nord,23,Alcoy/Alcoi > Cocentaina > Agres > Ontinyent > Agullent > Albaida > Bufali > Montaverner > La Pobla Del Duc > Benigánim > Genovés > Xàtiva > L'ènova Manuel > La Pobla Llarga > Carcaixent > Alzira > Algemesí > Benifaió-Almussafes > Silla > Catarroja > Massanassa > Alfafar-Benetússer > Valencia-Estaciò Del Nord
2026-04-23,35415,MD,Ocasional MD/Ce,Ocas.,REGIONAL,Impar (↑ Norte/Origen),65000,Valencia-Estaciò Del Nord,69011,Alcoy/Alcoi,23,Valencia-Estaciò Del Nord > Alfafar-Benetússer > Massanassa > Catarroja > Silla > Benifaió-Almussafes > Algemesí > Alzira > Carcaixent > La Pobla Llarga > L'ènova Manuel > Xàtiva > Genovés > Benigánim > La Pobla Del Duc > Montaverner > Bufali > Albaida > Agullent > Ontinyent > Agres > Cocentaina > Alcoy/Alcoi
2026-04-23,35416,MD,Ocasional MD/Ce,Ocas.,REGIONAL,Par (↓ Sur/Destino),69011,Alcoy/Alcoi,65000,Valencia-Estaciò Del Nord,23,Alcoy/Alcoi > Cocentaina > Agres > Ontinyent > Agullent > Albaida > Bufali > Montaverner > La Pobla Del Duc > Benigánim > Genovés > Xàtiva > L'ènova Manuel > La Pobla Llarga > Carcaixent > Alzira > Algemesí > Benifaió-Almussafes > Silla > Catarroja > Massanassa > Alfafar-Benetússer > Valencia-Estaciò Del Nord
2026-04-23,35417,MD,Ocasional MD/Ce,Ocas.,REGIONAL,Impar (↑ Norte/Origen),65000,Valencia-Estaciò Del Nord,69011,Alcoy/Alcoi,23,Valencia-Estaciò Del Nord > Alfafar-Benetússer > Massanassa > Catarroja > Silla > Benifaió-Almussafes > Algemesí > Alzira > Carcaixent > La Pobla Llarga > L'ènova Manuel > Xàtiva > Genovés > Benigánim > La Pobla Del Duc > Montaverner > Bufali > Albaida > Agullent > Ontinyent > Agres > Cocentaina > Alcoy/Alcoi
2026-04-23,35418,MD,Ocasional MD/Ce,Ocas.,REGIONAL,Par (↓ Sur/Destino),69011,Alcoy/Alcoi,65000,Valencia-Estaciò Del Nord,23,Alcoy/Alcoi > Cocentaina > Agres > Ontinyent > Agullent > Albaida > Bufali > Montaverner > La Pobla Del Duc > Benigánim > Genovés > Xàtiva > L'ènova Manuel > La Pobla Llarga > Carcaixent > Alzira > Algemesí > Benifaió-Almussafes > Silla > Catarroja > Massanassa > Alfafar-Benetússer > Valencia-Estaciò Del Nord
2026-04-23,35419,MD,Ocasional MD/Ce,Ocas.,REGIONAL,Impar (↑ Norte/Origen),65000,Valencia-Estaciò Del Nord,69011,Alcoy/Alcoi,23,Valencia-Estaciò Del Nord > Alfafar-Benetússer > Massanassa > Catarroja > Silla > Benifaió-Almussafes > Algemesí > Alzira > Carcaixent > La Pobla Llarga > L'ènova Manuel > Xàtiva > Genovés > Benigánim > La Pobla Del Duc > Montaverner > Bufali > Albaida > Agullent > Ontinyent > Agres > Cocentaina > Alcoy/Alcoi
2026-04-23,35420,MD,Ocasional MD/Ce,Ocas.,REGIONAL,Par (↓ Sur/Destino),69011,Alcoy/Alcoi,65000,Valencia-Estaciò Del Nord,23,Alcoy/Alcoi > Cocentaina > Agres > Ontinyent > Agullent > Albaida > Bufali > Montaverner > La Pobla Del Duc > Benigánim > Genovés > Xàtiva > L'ènova Manuel > La Pobla Llarga > Carcaixent > Alzira > Algemesí > Benifaió-Almussafes > Silla > Catarroja > Massanassa > Alfafar-Benetússer > Valencia-Estaciò Del Nord
2026-04-23,35421,MD,Ocasional MD/Ce,Ocas.,REGIONAL,Impar (↑ Norte/Origen),65000,Valencia-Estaciò Del Nord,69011,Alcoy/Alcoi,23,Valencia-Estaciò Del Nord > Alfafar-Benetússer > Massanassa > Catarroja > Silla > Benifaió-Almussafes > Algemesí > Alzira > Carcaixent > La Pobla Llarga > L'ènova Manuel > Xàtiva > Genovés > Benigánim > La Pobla Del Duc > Montaverner > Bufali > Albaida > Agullent > Ontinyent > Agres > Cocentaina > Alcoy/Alcoi
2026-04-23,35430,MD,Ocasional MD/Ce,Ocas.,REG.EXP.,Par (↓ Sur/Destino),17000,Madrid-Chamartín-Clara Campoamor,84101,Almazan,5,Madrid-Chamartín-Clara Campoamor > Alcala De Henares > Guadalajara > Siguenza > Almazan
2026-04-23,35431,MD,Ocasional MD/Ce,Ocas.,REG.EXP.,Impar (↑ Norte/Origen),84101,Almazan,17000,Madrid-Chamartín-Clara Campoamor,5,Almazan > Siguenza > Guadalajara > Alcala De Henares > Madrid-Chamartín-Clara Campoamor
2026-04-23,35432,MD,Ocasional MD/Ce,Ocas.,REG.EXP.,Par (↓ Sur/Destino),17000,Madrid-Chamartín-Clara Campoamor,84101,Almazan,5,Madrid-Chamartín-Clara Campoamor > Alcala De Henares > Guadalajara > Siguenza > Almazan
2026-04-23,35433,MD,Ocasional MD/Ce,Ocas.,REG.EXP.,Impar (↑ Norte/Origen),84101,Almazan,17000,Madrid-Chamartín-Clara Campoamor,5,Almazan > Siguenza > Guadalajara > Alcala De Henares > Madrid-Chamartín-Clara Campoamor
2026-04-23,35434,MD,Ocasional MD/Ce,Ocas.,REG.EXP.,Par (↓ Sur/Destino),17000,Madrid-Chamartín-Clara Campoamor,84101,Almazan,5,Madrid-Chamartín-Clara Campoamor > Alcala De Henares > Guadalajara > Siguenza > Almazan
2026-04-23,35435,MD,Ocasional MD/Ce,Ocas.,REG.EXP.,Impar (↑ Norte/Origen),84101,Almazan,17000,Madrid-Chamartín-Clara Campoamor,5,Almazan > Siguenza > Guadalajara > Alcala De Henares > Madrid-Chamartín-Clara Campoamor
2026-04-23,35436,MD,Ocasional MD/Ce,Ocas.,REG.EXP.,Par (↓ Sur/Destino),17000,Madrid-Chamartín-Clara Campoamor,84101,Almazan,5,Madrid-Chamartín-Clara Campoamor > Alcala De Henares > Guadalajara > Siguenza > Almazan
2026-04-23,35437,MD,Ocasional MD/Ce,Ocas.,REG.EXP.,Impar (↑ Norte/Origen),84101,Almazan,17000,Madrid-Chamartín-Clara Campoamor,5,Almazan > Siguenza > Guadalajara > Alcala De Henares > Madrid-Chamartín-Clara Campoamor
2026-04-23,35437,MD,Ocasional MD/Ce,Ocas.,REG.EXP.,Impar (↑ Norte/Origen),84101,Almazan,18002,Madrid-Nuevos Ministerios,5,Almazan > Siguenza > Guadalajara > Alcala De Henares > Madrid-Nuevos Ministerios
2026-04-23,35452,MD,Ocasional MD/Ce,Ocas.,REGIONAL,Par (↓ Sur/Destino),70302,Siguenza,04040,Zaragoza-Delicias,11,Siguenza > Medinaceli > Arcos De Jalón > Santa María De Huerta > Ariza > Cetina > Alhama De Aragón > Ateca > Calatayud > Ricla-La Almunia > Zaragoza-Delicias
2026-04-23,35501,MD,Ocasional MD/Ce,Ocas.,REG.EXP.,Impar (↑ Norte/Origen),04040,Zaragoza-Delicias,17000,Madrid-Chamartín-Clara Campoamor,9,Zaragoza-Delicias > Calatayud > Ariza > Arcos De Jalón > Medinaceli > Torralba > Siguenza > Guadalajara > Madrid-Chamartín-Clara Campoamor
2026-04-23,35501,MD,Ocasional MD/Ce,Ocas.,REG.EXP.,Impar (↑ Norte/Origen),04040,Zaragoza-Delicias,70300,Baides,7,Zaragoza-Delicias > Calatayud > Ariza > Arcos De Jalón > Medinaceli > Torralba > Baides
2026-04-23,35501,MD,Ocasional MD/Ce,Ocas.,REG.EXP.,Impar (↑ Norte/Origen),70300,Baides,17000,Madrid-Chamartín-Clara Campoamor,4,Baides > Siguenza > Guadalajara > Madrid-Chamartín-Clara Campoamor
2026-04-23,35503,MD,Ocasional MD/Ce,Ocas.,REGIONAL,Impar (↑ Norte/Origen),04040,Zaragoza-Delicias,17000,Madrid-Chamartín-Clara Campoamor,14,Zaragoza-Delicias > Ricla-La Almunia > Calatayud > Ateca > Alhama De Aragón > Cetina > Ariza > Santa María De Huerta > Arcos De Jalón > Medinaceli > Siguenza > Guadalajara > Alcala De Henares > Madrid-Chamartín-Clara Campoamor
2026-04-23,35503,MD,Ocasional MD/Ce,Ocas.,REGIONAL,Impar (↑ Norte/Origen),04040,Zaragoza-Delicias,70300,Baides,11,Zaragoza-Delicias > Ricla-La Almunia > Calatayud > Ateca > Alhama De Aragón > Cetina > Ariza > Santa María De Huerta > Arcos De Jalón > Medinaceli > Baides
2026-04-23,35503,MD,Ocasional MD/Ce,Ocas.,REGIONAL,Impar (↑ Norte/Origen),70300,Baides,17000,Madrid-Chamartín-Clara Campoamor,5,Baides > Siguenza > Guadalajara > Alcala De Henares > Madrid-Chamartín-Clara Campoamor
2026-04-23,35505,MD,Ocasional MD/Ce,Ocas.,REG.EXP.,Impar (↑ Norte/Origen),79400,Barcelona-Estació De França,04040,Zaragoza-Delicias,25,Barcelona-Estació De França > Barcelona-Passeig De Gracia > Barcelona-Sants > Vilanova I La Geltrú > Sant Vicenç De Calders > Torredembarra > Altafulla-Tamarit > Tarragona > Vila-Seca > Reus > Les Borges Del Camp > Marçà-Falset > Capçanes > Móra La Nova > Ascó > Flix > Riba-Roja D'ebre > Faió-La Pobla De Massaluca (fayón) > Nonaspe > Fabara > Caspe > Zaragoza Miraflores > Zaragoza Goya > Zaragoza Portillo > Zaragoza-Delicias
2026-04-23,35531,MD,Ocasional MD/Ce,Ocas.,REG.EXP.,Impar (↑ Norte/Origen),82100,Soria,17000,Madrid-Chamartín-Clara Campoamor,2,Soria > Madrid-Chamartín-Clara Campoamor
2026-04-23,35552,MD,Ocasional MD/Ce,Ocas.,REGIONAL,Par (↓ Sur/Destino),70600,Calatayud,04040,Zaragoza-Delicias,14,Calatayud > Paracuellos-Sabiñan > Embid de Jalon > Sabiñan > Mores > Purroy > Morata de Jalon > Ricla-La Almunia > Calatorao > Salillas de Jalon > Epila > Grisen > Utebo > Zaragoza-Delicias
2026-04-23,35601,MD,Ocasional MD/Ce,Ocas.,REG.EXP.,Impar (↑ Norte/Origen),70300,Baides,17000,Madrid-Chamartín-Clara Campoamor,10,Baides > Siguenza > Matillas > Jadraque > Carrascosa De Henares > Espinosa De Henares > Humanes De Mohernando > Yunquera De Henares > Guadalajara > Madrid-Chamartín-Clara Campoamor
2026-04-23,35603,MD,Ocasional MD/Ce,Ocas.,REGIONAL,Impar (↑ Norte/Origen),70300,Baides,17000,Madrid-Chamartín-Clara Campoamor,11,Baides > Siguenza > Matillas > Jadraque > Carrascosa De Henares > Espinosa De Henares > Humanes De Mohernando > Yunquera De Henares > Guadalajara > Alcala De Henares > Madrid-Chamartín-Clara Campoamor
2026-04-23,35604,MD,Ocasional MD/Ce,Ocas.,MD,Par (↓ Sur/Destino),61307,Cartagena,65000,Valencia-Estaciò Del Nord,15,Cartagena > Torre-Pacheco > Balsicas-Mar Menor > Murcia > Orihuela-Miguel Hernández > Callosa De Segura > Elche/Elx Carrús > Elche Parque/Elx Parc > Sant Gabriel > Alicante/Alacant > Universidad De Alicante > Elda-Petrer > Villena > Xàtiva > Valencia-Estaciò Del Nord
2026-04-23,35604,MD,Ocasional MD/Ce,Ocas.,MD,Par (↓ Sur/Destino),61200,Murcia,65000,Valencia-Estaciò Del Nord,12,Murcia > Orihuela-Miguel Hernández > Callosa De Segura > Elche/Elx Carrús > Elche Parque/Elx Parc > Sant Gabriel > Alicante/Alacant > Sant Vicent Centre > Elda-Petrer > Villena > Xàtiva > Valencia-Estaciò Del Nord
2026-04-23,35604,MD,Ocasional MD/Ce,Ocas.,MD,Par (↓ Sur/Destino),61200,Murcia,60911,Alicante/Alacant,7,Murcia > Orihuela-Miguel Hernández > Callosa De Segura > Elche/Elx Carrús > Elche Parque/Elx Parc > Sant Gabriel > Alicante/Alacant
2026-04-23,35604,MD,Ocasional MD/Ce,Ocas.,MD,Par (↓ Sur/Destino),60902,Villena,65000,Valencia-Estaciò Del Nord,3,Villena > Xàtiva > Valencia-Estaciò Del Nord
2026-04-23,35623,MD,Ocasional MD/Ce,Ocas.,MD,Impar (↑ Norte/Origen),65000,Valencia-Estaciò Del Nord,61307,Cartagena,15,Valencia-Estaciò Del Nord > Xàtiva > Villena > Elda-Petrer > Universidad De Alicante > Alicante/Alacant > Sant Gabriel > Elche Parque/Elx Parc > Elche/Elx Carrús > Callosa De Segura > Orihuela-Miguel Hernández > Murcia > Balsicas-Mar Menor > Torre-Pacheco > Cartagena
2026-04-23,35623,MD,Ocasional MD/Ce,Ocas.,MD,Impar (↑ Norte/Origen),65000,Valencia-Estaciò Del Nord,60902,Villena,3,Valencia-Estaciò Del Nord > Xàtiva > Villena
2026-04-23,35623,MD,Ocasional MD/Ce,Ocas.,MD,Impar (↑ Norte/Origen),60911,Alicante/Alacant,61200,Murcia,7,Alicante/Alacant > Sant Gabriel > Elche Parque/Elx Parc > Elche/Elx Carrús > Callosa De Segura > Orihuela-Miguel Hernández > Murcia
2026-04-23,35701,MD,Ocasional MD/Ce,Ocas.,REG.EXP.,Impar (↑ Norte/Origen),79400,Barcelona-Estació De França,04040,Zaragoza-Delicias,24,Barcelona-Estació De França > Barcelona-Passeig De Gracia > Barcelona-Sants > Vilanova I La Geltrú > Sant Vicenç De Calders > Torredembarra > Altafulla-Tamarit > Tarragona > Vila-Seca > Reus > Les Borges Del Camp > Marçà-Falset > Capçanes > Móra La Nova > Ascó > Flix > Riba-Roja D'ebre > Faió-La Pobla De Massaluca (fayón) > Nonaspe > Caspe > Zaragoza Miraflores > Zaragoza Goya > Zaragoza Portillo > Zaragoza-Delicias
2026-04-23,35703,MD,Ocasional MD/Ce,Ocas.,REGIONAL,Impar (↑ Norte/Origen),04040,Zaragoza-Delicias,70600,Calatayud,15,Zaragoza-Delicias > Utebo > Casetas > Grisen > Epila > Salillas de Jalon > Calatorao > Ricla-La Almunia > Morata de Jalon > Purroy > Mores > Sabiñan > Embid de Jalon > Paracuellos-Sabiñan > Calatayud
2026-04-23,35750,MD,Ocasional MD/Ce,Ocas.,REGIONAL,Par (↓ Sur/Destino),70700,Ricla-La Almunia,04040,Zaragoza-Delicias,8,Ricla-La Almunia > Calatorao > Salillas de Jalon > Epila > Rueda de Jalon-Lumpiaque > Plasencia de Jalon > Grisen > Zaragoza-Delicias
2026-04-23,35752,MD,Ocasional MD/Ce,Ocas.,REGIONAL,Par (↓ Sur/Destino),70700,Ricla-La Almunia,04040,Zaragoza-Delicias,10,Ricla-La Almunia > Calatorao > Salillas de Jalon > Epila > Rueda de Jalon-Lumpiaque > Plasencia de Jalon > Grisen > Casetas > Utebo > Zaragoza-Delicias
2026-04-23,35753,MD,Ocasional MD/Ce,Ocas.,REGIONAL,Impar (↑ Norte/Origen),04040,Zaragoza-Delicias,70600,Calatayud,17,Zaragoza-Delicias > Utebo > Casetas > Grisen > Plasencia de Jalon > Rueda de Jalon-Lumpiaque > Epila > Salillas de Jalon > Calatorao > Ricla-La Almunia > Morata de Jalon > Purroy > Mores > Sabiñan > Embid de Jalon > Paracuellos-Sabiñan > Calatayud
2026-04-23,35753,MD,Ocasional MD/Ce,Ocas.,REGIONAL,Impar (↑ Norte/Origen),04040,Zaragoza-Delicias,70500,Ariza,23,Zaragoza-Delicias > Utebo > Casetas > Grisen > Plasencia de Jalon > Rueda de Jalon-Lumpiaque > Epila > Salillas de Jalon > Calatorao > Ricla-La Almunia > Morata de Jalon > Purroy > Mores > Sabiñan > Embid de Jalon > Paracuellos-Sabiñan > Calatayud > Terrer > Ateca > Bubierca > Alhama De Aragón > Cetina > Ariza
2026-04-23,35754,MD,Ocasional MD/Ce,Ocas.,REGIONAL,Par (↓ Sur/Destino),70700,Ricla-La Almunia,04040,Zaragoza-Delicias,9,Ricla-La Almunia > Calatorao > Salillas de Jalon > Epila > Rueda de Jalon-Lumpiaque > Plasencia de Jalon > Grisen > Utebo > Zaragoza-Delicias
2026-04-23,35755,MD,Ocasional MD/Ce,Ocas.,REGIONAL,Impar (↑ Norte/Origen),04040,Zaragoza-Delicias,70403,Arcos De Jalón,25,Zaragoza-Delicias > Utebo > Casetas > Grisen > Plasencia de Jalon > Rueda de Jalon-Lumpiaque > Epila > Salillas de Jalon > Calatorao > Ricla-La Almunia > Morata de Jalon > Purroy > Mores > Sabiñan > Embid de Jalon > Paracuellos-Sabiñan > Calatayud > Terrer > Ateca > Alhama De Aragón > Cetina > Ariza > Monreal de Ariza > Santa María De Huerta > Arcos De Jalón
2026-04-23,35756,MD,Ocasional MD/Ce,Ocas.,REGIONAL,Par (↓ Sur/Destino),70700,Ricla-La Almunia,04040,Zaragoza-Delicias,10,Ricla-La Almunia > Calatorao > Salillas de Jalon > Epila > Rueda de Jalon-Lumpiaque > Plasencia de Jalon > Grisen > Casetas > Utebo > Zaragoza-Delicias
2026-04-23,35773,MD,Ocasional MD/Ce,Ocas.,REG.EXP.,Impar (↑ Norte/Origen),30002,Plasencia,51003,Sevilla-Santa Justa,17,Plasencia > Cáceres > Mérida > Calamonte > Almendralejo > Villafranca De Los Barros > Los Santos De Maimona > Zafra Feria > Zafra > Llerena > Guadalcanal > Cazalla-Constantina > Pedroso > Villanueva Del Río-Minas > Tocina > Los Rosales > Sevilla-Santa Justa
2026-04-23,35775,MD,Ocasional MD/Ce,Ocas.,REG.EXP.,Impar (↑ Norte/Origen),35400,Cáceres,51003,Sevilla-Santa Justa,16,Cáceres > Mérida > Calamonte > Almendralejo > Villafranca De Los Barros > Los Santos De Maimona > Zafra Feria > Zafra > Llerena > Guadalcanal > Cazalla-Constantina > Pedroso > Villanueva Del Río-Minas > Tocina > Los Rosales > Sevilla-Santa Justa
2026-04-23,35775,MD,Ocasional MD/Ce,Ocas.,REG.EXP.,Impar (↑ Norte/Origen),30002,Plasencia,51003,Sevilla-Santa Justa,17,Plasencia > Cáceres > Mérida > Calamonte > Almendralejo > Villafranca De Los Barros > Los Santos De Maimona > Zafra Feria > Zafra > Llerena > Guadalcanal > Cazalla-Constantina > Pedroso > Villanueva Del Río-Minas > Tocina > Los Rosales > Sevilla-Santa Justa
2026-04-23,35779,MD,Ocasional MD/Ce,Ocas.,REG.EXP.,Impar (↑ Norte/Origen),51003,Sevilla-Santa Justa,30002,Plasencia,17,Sevilla-Santa Justa > Los Rosales > Tocina > Villanueva Del Río-Minas > Pedroso > Cazalla-Constantina > Guadalcanal > Llerena > Zafra > Zafra Feria > Los Santos De Maimona > Villafranca De Los Barros > Almendralejo > Calamonte > Mérida > Cáceres > Plasencia
2026-04-23,35779,MD,Ocasional MD/Ce,Ocas.,REG.EXP.,Impar (↑ Norte/Origen),51003,Sevilla-Santa Justa,35400,Cáceres,16,Sevilla-Santa Justa > Los Rosales > Tocina > Villanueva Del Río-Minas > Pedroso > Cazalla-Constantina > Guadalcanal > Llerena > Zafra > Zafra Feria > Los Santos De Maimona > Villafranca De Los Barros > Almendralejo > Calamonte > Mérida > Cáceres
2026-04-23,35802,MD,Ocasional MD/Ce,Ocas.,MD,Par (↓ Sur/Destino),18000,Madrid - Atocha Cercanías,51003,Sevilla-Santa Justa,25,Madrid - Atocha Cercanías > Leganés > Illescas > Torrijos > Talavera De La Reina > Oropesa De Toledo > Navalmoral De La Mata > Monfragüe-Plasencia > Plasencia > Cáceres > Mérida > Calamonte > Almendralejo > Villafranca De Los Barros > Los Santos De Maimona > Zafra Feria > Zafra > Llerena > Guadalcanal > Cazalla-Constantina > Pedroso > Villanueva Del Río-Minas > Tocina > Los Rosales > Sevilla-Santa Justa
2026-04-23,35803,MD,Ocasional MD/Ce,Ocas.,REGIONAL,Impar (↑ Norte/Origen),04040,Zaragoza-Delicias,70600,Calatayud,15,Zaragoza-Delicias > Utebo > Casetas > Grisen > Epila > Salillas de Jalon > Calatorao > Ricla-La Almunia > Morata de Jalon > Purroy > Mores > Sabiñan > Embid de Jalon > Paracuellos-Sabiñan > Calatayud
2026-04-23,35807,MD,Ocasional MD/Ce,Ocas.,MD,Impar (↑ Norte/Origen),51003,Sevilla-Santa Justa,18000,Madrid - Atocha Cercanías,25,Sevilla-Santa Justa > Los Rosales > Tocina > Villanueva Del Río-Minas > Pedroso > Cazalla-Constantina > Guadalcanal > Llerena > Zafra > Zafra Feria > Los Santos De Maimona > Villafranca De Los Barros > Almendralejo > Calamonte > Mérida > Cáceres > Plasencia > Monfragüe-Plasencia > Navalmoral De La Mata > Oropesa De Toledo > Talavera De La Reina > Torrijos > Illescas > Leganés > Madrid - Atocha Cercanías
2026-04-23,35850,MD,Ocasional MD/Ce,Ocas.,REGIONAL,Par (↓ Sur/Destino),70600,Calatayud,04040,Zaragoza-Delicias,15,Calatayud > Paracuellos-Sabiñan > Embid de Jalon > Sabiñan > Mores > Purroy > Morata de Jalon > Ricla-La Almunia > Calatorao > Salillas de Jalon > Epila > Rueda de Jalon-Lumpiaque > Plasencia de Jalon > Grisen > Zaragoza-Delicias
2026-04-23,35852,MD,Ocasional MD/Ce,Ocas.,REGIONAL,Par (↓ Sur/Destino),70600,Calatayud,04040,Zaragoza-Delicias,17,Calatayud > Paracuellos-Sabiñan > Embid de Jalon > Sabiñan > Mores > Purroy > Morata de Jalon > Ricla-La Almunia > Calatorao > Salillas de Jalon > Epila > Rueda de Jalon-Lumpiaque > Plasencia de Jalon > Grisen > Casetas > Utebo > Zaragoza-Delicias
2026-04-23,35853,MD,Ocasional MD/Ce,Ocas.,REGIONAL,Impar (↑ Norte/Origen),04040,Zaragoza-Delicias,70600,Calatayud,8,Zaragoza-Delicias > Morata de Jalon > Purroy > Mores > Sabiñan > Embid de Jalon > Paracuellos-Sabiñan > Calatayud
2026-04-23,35853,MD,Ocasional MD/Ce,Ocas.,REGIONAL,Impar (↑ Norte/Origen),04040,Zaragoza-Delicias,70500,Ariza,14,Zaragoza-Delicias > Morata de Jalon > Purroy > Mores > Sabiñan > Embid de Jalon > Paracuellos-Sabiñan > Calatayud > Terrer > Ateca > Bubierca > Alhama De Aragón > Cetina > Ariza
2026-04-23,35854,MD,Ocasional MD/Ce,Ocas.,REGIONAL,Par (↓ Sur/Destino),70600,Calatayud,04040,Zaragoza-Delicias,16,Calatayud > Paracuellos-Sabiñan > Embid de Jalon > Sabiñan > Mores > Purroy > Morata de Jalon > Ricla-La Almunia > Calatorao > Salillas de Jalon > Epila > Rueda de Jalon-Lumpiaque > Plasencia de Jalon > Grisen > Utebo > Zaragoza-Delicias
2026-04-23,35855,MD,Ocasional MD/Ce,Ocas.,REGIONAL,Impar (↑ Norte/Origen),04040,Zaragoza-Delicias,70403,Arcos De Jalón,16,Zaragoza-Delicias > Morata de Jalon > Purroy > Mores > Sabiñan > Embid de Jalon > Paracuellos-Sabiñan > Calatayud > Terrer > Ateca > Alhama De Aragón > Cetina > Ariza > Monreal de Ariza > Santa María De Huerta > Arcos De Jalón
2026-04-23,35856,MD,Ocasional MD/Ce,Ocas.,REGIONAL,Par (↓ Sur/Destino),70600,Calatayud,04040,Zaragoza-Delicias,17,Calatayud > Paracuellos-Sabiñan > Embid de Jalon > Sabiñan > Mores > Purroy > Morata de Jalon > Ricla-La Almunia > Calatorao > Salillas de Jalon > Epila > Rueda de Jalon-Lumpiaque > Plasencia de Jalon > Grisen > Casetas > Utebo > Zaragoza-Delicias
2026-04-23,35869,MD,Ocasional MD/Ce,Ocas.,AVANT EXP,Impar (↑ Norte/Origen),65400,Tortosa,71801,Barcelona-Sants,8,Tortosa > L'Aldea-Amposta > L'ampolla-Perelló-Deltebre > L'ametlla De Mar > L'HOSPITALET DE L'INFANT > Cambrils > Camp Tarragona > Barcelona-Sants
2026-04-23,35968,MD,Ocasional MD/Ce,Ocas.,AVANT EXP,Par (↓ Sur/Destino),71801,Barcelona-Sants,65400,Tortosa,8,Barcelona-Sants > Camp Tarragona > Cambrils > L'HOSPITALET DE L'INFANT > L'ametlla De Mar > L'ampolla-Perelló-Deltebre > L'Aldea-Amposta > Tortosa
2026-04-23,37071,Int,Servicio interno,Interno,MD,Impar (↑ Norte/Origen),10600,Valladolid,15410,Gijón/Xixón,6,Valladolid > Palencia > Leon > Pola De Lena/La Pola > Oviedo/Uviéu > Gijón/Xixón
2026-04-23,37072,Int,Servicio interno,Interno,MD,Par (↓ Sur/Destino),14223,Santander,10600,Valladolid,6,Santander > Torrelavega/Tanos > Reinosa > Aguilar de Campoo > Palencia > Valladolid
2026-04-23,37086,Int,Servicio interno,Interno,MD,Par (↓ Sur/Destino),11200,Miranda De Ebro,10600,Valladolid,3,Miranda De Ebro > Burgos Rosa Manzano > Valladolid
2026-04-23,37087,Int,Servicio interno,Interno,MD,Impar (↑ Norte/Origen),56312,Almeria,05000,Granada,4,Almeria > Huercal-Viator > Guadix > Granada
2026-04-23,37088,Int,Servicio interno,Interno,MD,Par (↓ Sur/Destino),20200,Ponferrada,10600,Valladolid,8,Ponferrada > Bembibre > Brañuelas > Astorga > Veguellina > Leon > Palencia > Valladolid
2026-04-23,37090,Int,Servicio interno,Interno,MD,Par (↓ Sur/Destino),17000,Madrid-Chamartín-Clara Campoamor,35400,Cáceres,9,Madrid-Chamartín-Clara Campoamor > Madrid - Atocha Cercanías > Leganés > Torrijos > Talavera De La Reina > Oropesa De Toledo > Navalmoral De La Mata > Monfragüe-Plasencia > Cáceres
2026-04-23,37091,Int,Servicio interno,Interno,MD,Impar (↑ Norte/Origen),35400,Cáceres,17000,Madrid-Chamartín-Clara Campoamor,7,Cáceres > Plasencia > Navalmoral De La Mata > Talavera De La Reina > Leganés > Madrid - Atocha Cercanías > Madrid-Chamartín-Clara Campoamor
2026-04-23,37092,Int,Servicio interno,Interno,MD,Par (↓ Sur/Destino),15100,Leon,10600,Valladolid,3,Leon > Palencia > Valladolid
2026-04-23,37093,Int,Servicio interno,Interno,MD,Impar (↑ Norte/Origen),35400,Cáceres,17000,Madrid-Chamartín-Clara Campoamor,9,Cáceres > Monfragüe-Plasencia > Navalmoral De La Mata > Oropesa De Toledo > Talavera De La Reina > Torrijos > Leganés > Madrid - Atocha Cercanías > Madrid-Chamartín-Clara Campoamor
2026-04-23,37094,Int,Servicio interno,Interno,MD,Par (↓ Sur/Destino),17000,Madrid-Chamartín-Clara Campoamor,35400,Cáceres,7,Madrid-Chamartín-Clara Campoamor > Madrid - Atocha Cercanías > Leganés > Talavera De La Reina > Navalmoral De La Mata > Plasencia > Cáceres
2026-04-23,37095,Int,Servicio interno,Interno,MD,Impar (↑ Norte/Origen),35400,Cáceres,17000,Madrid-Chamartín-Clara Campoamor,9,Cáceres > Monfragüe-Plasencia > Navalmoral De La Mata > Oropesa De Toledo > Talavera De La Reina > Torrijos > Leganés > Madrid - Atocha Cercanías > Madrid-Chamartín-Clara Campoamor
2026-04-23,37097,Int,Servicio interno,Interno,MD,Impar (↑ Norte/Origen),35400,Cáceres,17000,Madrid-Chamartín-Clara Campoamor,7,Cáceres > Plasencia > Navalmoral De La Mata > Talavera De La Reina > Leganés > Madrid - Atocha Cercanías > Madrid-Chamartín-Clara Campoamor
2026-04-23,37099,Int,Servicio interno,Interno,MD,Impar (↑ Norte/Origen),35400,Cáceres,17000,Madrid-Chamartín-Clara Campoamor,9,Cáceres > Monfragüe-Plasencia > Navalmoral De La Mata > Oropesa De Toledo > Talavera De La Reina > Torrijos > Leganés > Madrid - Atocha Cercanías > Madrid-Chamartín-Clara Campoamor
2026-04-23,37101,Int,Servicio interno,Interno,MD,Impar (↑ Norte/Origen),10600,Valladolid,15100,Leon,3,Valladolid > Palencia > Leon
2026-04-23,37114,Int,Servicio interno,Interno,MD,Par (↓ Sur/Destino),20309,Lugo,22100,Ourense,4,Lugo > Sarria > Monforte de Lemos > Ourense
2026-04-23,37121,Int,Servicio interno,Interno,MD,Impar (↑ Norte/Origen),15100,Leon,15410,Gijón/Xixón,5,Leon > Pola De Lena/La Pola > Mieres Puente > Oviedo/Uviéu > Gijón/Xixón
2026-04-23,37140,Int,Servicio interno,Interno,MD,Par (↓ Sur/Destino),15100,Leon,10600,Valladolid,3,Leon > Palencia > Valladolid
2026-04-23,37167,Int,Servicio interno,Interno,MD,Impar (↑ Norte/Origen),10600,Valladolid,11200,Miranda De Ebro,3,Valladolid > Burgos Rosa Manzano > Miranda De Ebro
2026-04-23,37171,Int,Servicio interno,Interno,MD,Impar (↑ Norte/Origen),10600,Valladolid,15100,Leon,3,Valladolid > Palencia > Leon
2026-04-23,37179,Int,Servicio interno,Interno,MD,Impar (↑ Norte/Origen),10600,Valladolid,20200,Ponferrada,11,Valladolid > Palencia > Leon > Veguellina > Astorga > Vega-Magaz > Brañuelas > Torre del Bierzo > Bembibre > San Miguel de Las Dueñas > Ponferrada
2026-04-23,37186,Int,Servicio interno,Interno,MD,Par (↓ Sur/Destino),11200,Miranda De Ebro,10600,Valladolid,3,Miranda De Ebro > Burgos Rosa Manzano > Valladolid
2026-04-23,37188,Int,Servicio interno,Interno,MD,Par (↓ Sur/Destino),20200,Ponferrada,15100,Leon,6,Ponferrada > Bembibre > Brañuelas > Astorga > Veguellina > Leon
2026-04-23,37190,Int,Servicio interno,Interno,MD,Par (↓ Sur/Destino),15410,Gijón/Xixón,15100,Leon,5,Gijón/Xixón > Oviedo/Uviéu > Mieres Puente > Pola De Lena/La Pola > Leon
2026-04-23,37193,Int,Servicio interno,Interno,MD,Impar (↑ Norte/Origen),10600,Valladolid,14223,Santander,6,Valladolid > Palencia > Aguilar de Campoo > Reinosa > Torrelavega/Tanos > Santander
2026-04-23,37210,Int,Servicio interno,Interno,MD,Par (↓ Sur/Destino),15100,Leon,10600,Valladolid,3,Leon > Palencia > Valladolid
2026-04-23,37221,Int,Servicio interno,Interno,MD,Impar (↑ Norte/Origen),10600,Valladolid,15100,Leon,3,Valladolid > Palencia > Leon
2026-04-23,37267,Int,Servicio interno,Interno,MD,Impar (↑ Norte/Origen),10600,Valladolid,11200,Miranda De Ebro,3,Valladolid > Burgos Rosa Manzano > Miranda De Ebro
2026-04-23,37276,Int,Servicio interno,Interno,MD,Par (↓ Sur/Destino),50300,Linares-Baeza,56312,Almeria,7,Linares-Baeza > Jodar-Ubeda > Cabra del Santo Cristo Y Alicun > Moreda > Guadix > Huercal-Viator > Almeria
2026-04-23,37279,Int,Servicio interno,Interno,MD,Impar (↑ Norte/Origen),56312,Almeria,50300,Linares-Baeza,7,Almeria > Huercal-Viator > Guadix > Moreda > Cabra del Santo Cristo Y Alicun > Jodar-Ubeda > Linares-Baeza
2026-04-23,37312,Int,Servicio interno,Interno,MD,Par (↓ Sur/Destino),15100,Leon,10600,Valladolid,3,Leon > Palencia > Valladolid
2026-04-23,37325,Int,Servicio interno,Interno,MD,Impar (↑ Norte/Origen),22100,Ourense,20309,Lugo,4,Ourense > Monforte de Lemos > Sarria > Lugo
2026-04-23,37366,Int,Servicio interno,Interno,MD,Par (↓ Sur/Destino),05000,Granada,56312,Almeria,4,Granada > Guadix > Huercal-Viator > Almeria
2026-04-23,37390,Int,Servicio interno,Interno,MD,Par (↓ Sur/Destino),35400,Cáceres,37606,Badajoz,4,Cáceres > Mérida > Montijo > Badajoz
2026-04-23,37391,Int,Servicio interno,Interno,MD,Impar (↑ Norte/Origen),37606,Badajoz,35400,Cáceres,2,Badajoz > Cáceres
2026-04-23,37392,Int,Servicio interno,Interno,MD,Par (↓ Sur/Destino),35400,Cáceres,37606,Badajoz,3,Cáceres > Mérida > Badajoz
2026-04-23,37393,Int,Servicio interno,Interno,MD,Impar (↑ Norte/Origen),37606,Badajoz,35400,Cáceres,3,Badajoz > Mérida > Cáceres
2026-04-23,37394,Int,Servicio interno,Interno,MD,Par (↓ Sur/Destino),35400,Cáceres,37606,Badajoz,2,Cáceres > Badajoz
2026-04-23,37395,Int,Servicio interno,Interno,MD,Impar (↑ Norte/Origen),37606,Badajoz,35400,Cáceres,4,Badajoz > Montijo > Mérida > Cáceres
2026-04-23,37397,Int,Servicio interno,Interno,MD,Impar (↑ Norte/Origen),37606,Badajoz,35400,Cáceres,2,Badajoz > Cáceres
2026-04-23,37399,Int,Servicio interno,Interno,MD,Impar (↑ Norte/Origen),37606,Badajoz,35400,Cáceres,3,Badajoz > Mérida > Cáceres
2026-04-23,37431,Int,Servicio interno,Interno,MD,Impar (↑ Norte/Origen),30100,Salamanca,10600,Valladolid,6,Salamanca > Cantalapiedra > Fresno El Viejo > El Carpio > Medina Del Campo > Valladolid
2026-04-23,37432,Int,Servicio interno,Interno,MD,Par (↓ Sur/Destino),10600,Valladolid,30100,Salamanca,7,Valladolid > Viana > Valdestillas > Matapozuelos > Pozaldez > Medina Del Campo > Salamanca
2026-04-23,37437,Int,Servicio interno,Interno,MD,Impar (↑ Norte/Origen),11200,Miranda De Ebro,04040,Zaragoza-Delicias,7,Miranda De Ebro > Haro > Logroño > Calahorra > Castejón De Ebro > Tudela De Navarra > Zaragoza-Delicias
2026-04-23,37438,Int,Servicio interno,Interno,MD,Par (↓ Sur/Destino),04040,Zaragoza-Delicias,11200,Miranda De Ebro,7,Zaragoza-Delicias > Tudela De Navarra > Castejón De Ebro > Calahorra > Logroño > Haro > Miranda De Ebro
2026-04-23,37460,Int,Servicio interno,Interno,PROXIMDAD,Par (↓ Sur/Destino),61307,Cartagena,61200,Murcia,4,Cartagena > Torre-Pacheco > Balsicas-Mar Menor > Murcia
2026-04-23,37463,Int,Servicio interno,Interno,PROXIMDAD,Impar (↑ Norte/Origen),61200,Murcia,61307,Cartagena,4,Murcia > Balsicas-Mar Menor > Torre-Pacheco > Cartagena
2026-04-23,37492,Int,Servicio interno,Interno,MD,Par (↓ Sur/Destino),17000,Madrid-Chamartín-Clara Campoamor,35400,Cáceres,9,Madrid-Chamartín-Clara Campoamor > Madrid - Atocha Cercanías > Leganés > Torrijos > Talavera De La Reina > Oropesa De Toledo > Navalmoral De La Mata > Monfragüe-Plasencia > Cáceres
2026-04-23,37621,Int,Servicio interno,Interno,MD,Impar (↑ Norte/Origen),08223,Vigo Urzaiz,22100,Ourense,5,Vigo Urzaiz > Pontevedra > Vilagarcia de Arousa > Santiago de Compostela > Ourense
2026-04-23,37621,Int,Servicio interno,Interno,MD,Impar (↑ Norte/Origen),08223,Vigo Urzaiz,15100,Leon,13,Vigo Urzaiz > Pontevedra > Vilagarcia de Arousa > Santiago de Compostela > Ourense > Monforte de Lemos > San Clodio-Quiroga > A Rua-Petin > O Barco de Valdeorras > Ponferrada > Bembibre > Astorga > Leon
2026-04-23,37622,Int,Servicio interno,Interno,MD,Par (↓ Sur/Destino),04040,Zaragoza-Delicias,11208,Vitoria/Gasteiz,6,Zaragoza-Delicias > Tudela De Navarra > Castejón De Ebro > Tafalla > Pamplona/Iruña > Vitoria/Gasteiz
2026-04-23,37631,Int,Servicio interno,Interno,MD,Impar (↑ Norte/Origen),10600,Valladolid,11200,Miranda De Ebro,3,Valladolid > Burgos Rosa Manzano > Miranda De Ebro
2026-04-23,37632,Int,Servicio interno,Interno,MD,Par (↓ Sur/Destino),11200,Miranda De Ebro,10600,Valladolid,3,Miranda De Ebro > Burgos Rosa Manzano > Valladolid
2026-04-23,37721,Int,Servicio interno,Interno,MD,Impar (↑ Norte/Origen),11208,Vitoria/Gasteiz,04040,Zaragoza-Delicias,6,Vitoria/Gasteiz > Pamplona/Iruña > Tafalla > Castejón De Ebro > Tudela De Navarra > Zaragoza-Delicias
2026-04-23,37722,Int,Servicio interno,Interno,MD,Par (↓ Sur/Destino),22100,Ourense,08223,Vigo Urzaiz,5,Ourense > Santiago de Compostela > Vilagarcia de Arousa > Pontevedra > Vigo Urzaiz
2026-04-23,37722,Int,Servicio interno,Interno,MD,Par (↓ Sur/Destino),15100,Leon,08223,Vigo Urzaiz,13,Leon > Astorga > Bembibre > Ponferrada > O Barco de Valdeorras > A Rua-Petin > San Clodio-Quiroga > Monforte de Lemos > Ourense > Santiago de Compostela > Vilagarcia de Arousa > Pontevedra > Vigo Urzaiz
2026-04-23,37752,Int,Servicio interno,Interno,MD,Par (↓ Sur/Destino),81100,Logroño,81110,Alfaro,4,Logroño > Calahorra > Rincón De Soto > Alfaro
2026-04-23,37757,Int,Servicio interno,Interno,MD,Impar (↑ Norte/Origen),81110,Alfaro,81100,Logroño,4,Alfaro > Rincón De Soto > Calahorra > Logroño
2026-04-23,37764,Int,Servicio interno,Interno,MD,Par (↓ Sur/Destino),81100,Logroño,81110,Alfaro,4,Logroño > Calahorra > Rincón De Soto > Alfaro
2026-04-23,37772,Int,Servicio interno,Interno,MD,Par (↓ Sur/Destino),81100,Logroño,81110,Alfaro,4,Logroño > Calahorra > Rincón De Soto > Alfaro
2026-04-23,38000,Int,Servicio interno,Interno,PROXIMDAD,Par (↓ Sur/Destino),18000,Madrid - Atocha Cercanías,35005,Illescas,4,Madrid - Atocha Cercanías > Leganés > Fuenlabrada > Illescas
2026-04-23,38001,Int,Servicio interno,Interno,PROXIMDAD,Impar (↑ Norte/Origen),50506,Palma del Rio,50407,Villa del Rio,4,Palma del Rio > Posadas > Cordoba > Villa del Rio
2026-04-23,38002,Int,Servicio interno,Interno,PROXIMDAD,Par (↓ Sur/Destino),14100,Palencia,10500,Medina Del Campo,5,Palencia > Venta De Baños > Valladolid-Universidad > Valladolid > Medina Del Campo
2026-04-23,38003,Int,Servicio interno,Interno,REGIONAL,Impar (↑ Norte/Origen),60902,Villena,60911,Alicante/Alacant,4,Villena > Elda-Petrer > Universidad De Alicante > Alicante/Alacant
2026-04-23,38004,Int,Servicio interno,Interno,PROXIMDAD,Par (↓ Sur/Destino),10600,Valladolid,10500,Medina Del Campo,6,Valladolid > Viana > Valdestillas > Matapozuelos > Pozaldez > Medina Del Campo
2026-04-23,38005,Int,Servicio interno,Interno,PROXIMDAD,Impar (↑ Norte/Origen),10500,Medina Del Campo,14100,Palencia,4,Medina Del Campo > Valladolid > Venta De Baños > Palencia
2026-04-23,38006,Int,Servicio interno,Interno,PROXIMDAD,Par (↓ Sur/Destino),14100,Palencia,10500,Medina Del Campo,4,Palencia > Venta De Baños > Valladolid > Medina Del Campo
2026-04-23,38007,Int,Servicio interno,Interno,PROXIMDAD,Impar (↑ Norte/Origen),10500,Medina Del Campo,14100,Palencia,5,Medina Del Campo > Valladolid > Dueñas > Venta De Baños > Palencia
2026-04-23,38008,Int,Servicio interno,Interno,PROXIMDAD,Par (↓ Sur/Destino),11000,Venta De Baños,10500,Medina Del Campo,3,Venta De Baños > Valladolid > Medina Del Campo
2026-04-23,38009,Int,Servicio interno,Interno,PROXIMDAD,Impar (↑ Norte/Origen),50506,Palma del Rio,50407,Villa del Rio,4,Palma del Rio > Posadas > Cordoba > Villa del Rio
2026-04-23,38010,Int,Servicio interno,Interno,PROXIMDAD,Par (↓ Sur/Destino),14100,Palencia,10500,Medina Del Campo,4,Palencia > Venta De Baños > Valladolid > Medina Del Campo
2026-04-23,38011,Int,Servicio interno,Interno,PROXIMDAD,Impar (↑ Norte/Origen),50506,Palma del Rio,50407,Villa del Rio,4,Palma del Rio > Posadas > Cordoba > Villa del Rio
2026-04-23,38012,Int,Servicio interno,Interno,PROXIMDAD,Par (↓ Sur/Destino),18000,Madrid - Atocha Cercanías,35005,Illescas,4,Madrid - Atocha Cercanías > Leganés > Fuenlabrada > Illescas
2026-04-23,38014,Int,Servicio interno,Interno,REGIONAL,Par (↓ Sur/Destino),65312,Vinaròs,65000,Valencia-Estaciò Del Nord,11,Vinaròs > Benicarló-Peñíscola > Alcalà De Xivert > Torreblanca > Orpesa/Oropesa Del Mar > Benicàssim > Castelló > Vila-Real > Sagunt/Sagunto > Valencia-Cabanyal > Valencia-Estaciò Del Nord
2026-04-23,38015,Int,Servicio interno,Interno,PROXIMDAD,Impar (↑ Norte/Origen),50506,Palma del Rio,50500,Cordoba,3,Palma del Rio > Posadas > Cordoba
2026-04-23,38016,Int,Servicio interno,Interno,REGIONAL,Par (↓ Sur/Destino),65000,Valencia-Estaciò Del Nord,65312,Vinaròs,11,Valencia-Estaciò Del Nord > Valencia-Cabanyal > Sagunt/Sagunto > Vila-Real > Castelló > Benicàssim > Orpesa/Oropesa Del Mar > Torreblanca > Alcalà De Xivert > Benicarló-Peñíscola > Vinaròs
2026-04-23,38017,Int,Servicio interno,Interno,PROXIMDAD,Impar (↑ Norte/Origen),50506,Palma del Rio,50407,Villa del Rio,4,Palma del Rio > Posadas > Cordoba > Villa del Rio
2026-04-23,38018,Int,Servicio interno,Interno,REGIONAL,Par (↓ Sur/Destino),65312,Vinaròs,65000,Valencia-Estaciò Del Nord,11,Vinaròs > Benicarló-Peñíscola > Alcalà De Xivert > Torreblanca > Orpesa/Oropesa Del Mar > Benicàssim > Castelló > Vila-Real > Sagunt/Sagunto > Valencia-Cabanyal > Valencia-Estaciò Del Nord
2026-04-23,38020,Int,Servicio interno,Interno,REGIONAL,Par (↓ Sur/Destino),65000,Valencia-Estaciò Del Nord,65312,Vinaròs,12,Valencia-Estaciò Del Nord > Valencia-Cabanyal > Sagunt/Sagunto > Nules-La Vilavella > Vila-Real > Castelló > Benicàssim > Orpesa/Oropesa Del Mar > Torreblanca > Alcalà De Xivert > Benicarló-Peñíscola > Vinaròs
2026-04-23,38021,Int,Servicio interno,Interno,PROXIMDAD,Impar (↑ Norte/Origen),35005,Illescas,18000,Madrid - Atocha Cercanías,4,Illescas > Fuenlabrada > Leganés > Madrid - Atocha Cercanías
2026-04-23,38022,Int,Servicio interno,Interno,REGIONAL,Par (↓ Sur/Destino),65312,Vinaròs,65000,Valencia-Estaciò Del Nord,11,Vinaròs > Benicarló-Peñíscola > Alcalà De Xivert > Torreblanca > Orpesa/Oropesa Del Mar > Benicàssim > Castelló > Vila-Real > Sagunt/Sagunto > Valencia-Cabanyal > Valencia-Estaciò Del Nord
2026-04-23,38026,Int,Servicio interno,Interno,PROXIMDAD,Par (↓ Sur/Destino),35005,Illescas,18000,Madrid - Atocha Cercanías,4,Illescas > Fuenlabrada > Leganés > Madrid - Atocha Cercanías
2026-04-23,38030,Int,Servicio interno,Interno,PROXIMDAD,Par (↓ Sur/Destino),50500,Cordoba,50506,Palma del Rio,3,Cordoba > Posadas > Palma del Rio
2026-04-23,38031,Int,Servicio interno,Interno,PROXIMDAD,Impar (↑ Norte/Origen),50506,Palma del Rio,50500,Cordoba,3,Palma del Rio > Posadas > Cordoba
2026-04-23,38032,Int,Servicio interno,Interno,PROXIMDAD,Par (↓ Sur/Destino),50500,Cordoba,50506,Palma del Rio,3,Cordoba > Posadas > Palma del Rio
2026-04-23,38035,Int,Servicio interno,Interno,PROXIMDAD,Impar (↑ Norte/Origen),50407,Villa del Rio,50506,Palma del Rio,4,Villa del Rio > Cordoba > Posadas > Palma del Rio
2026-04-23,38061,Int,Servicio interno,Interno,PROXIMDAD,Impar (↑ Norte/Origen),10500,Medina Del Campo,14100,Palencia,4,Medina Del Campo > Valladolid > Venta De Baños > Palencia
2026-04-23,38063,Int,Servicio interno,Interno,PROXIMDAD,Impar (↑ Norte/Origen),10500,Medina Del Campo,14100,Palencia,4,Medina Del Campo > Valladolid > Venta De Baños > Palencia
2026-04-23,38065,Int,Servicio interno,Interno,PROXIMDAD,Impar (↑ Norte/Origen),10500,Medina Del Campo,14100,Palencia,4,Medina Del Campo > Valladolid > Venta De Baños > Palencia
2026-04-23,38066,Int,Servicio interno,Interno,PROXIMDAD,Par (↓ Sur/Destino),14100,Palencia,10500,Medina Del Campo,4,Palencia > Venta De Baños > Valladolid > Medina Del Campo
2026-04-23,38073,Int,Servicio interno,Interno,PROXIMDAD,Impar (↑ Norte/Origen),50407,Villa del Rio,50506,Palma del Rio,4,Villa del Rio > Cordoba > Posadas > Palma del Rio
2026-04-23,38079,Int,Servicio interno,Interno,PROXIMDAD,Impar (↑ Norte/Origen),50407,Villa del Rio,50506,Palma del Rio,4,Villa del Rio > Cordoba > Posadas > Palma del Rio
2026-04-23,38081,Int,Servicio interno,Interno,REGIONAL,Impar (↑ Norte/Origen),60902,Villena,60911,Alicante/Alacant,4,Villena > Elda-Petrer > Universidad De Alicante > Alicante/Alacant
2026-04-23,38083,Int,Servicio interno,Interno,REGIONAL,Impar (↑ Norte/Origen),60911,Alicante/Alacant,60902,Villena,4,Alicante/Alacant > Universidad De Alicante > Elda-Petrer > Villena
2026-04-23,38093,Int,Servicio interno,Interno,REGIONAL,Impar (↑ Norte/Origen),65312,Vinaròs,65000,Valencia-Estaciò Del Nord,12,Vinaròs > Benicarló-Peñíscola > Alcalà De Xivert > Torreblanca > Orpesa/Oropesa Del Mar > Benicàssim > Castelló > Vila-Real > Nules-La Vilavella > Sagunt/Sagunto > Valencia-Cabanyal > Valencia-Estaciò Del Nord
2026-04-23,38096,Int,Servicio interno,Interno,REGIONAL,Par (↓ Sur/Destino),65000,Valencia-Estaciò Del Nord,65312,Vinaròs,12,Valencia-Estaciò Del Nord > Valencia-Cabanyal > Sagunt/Sagunto > Nules-La Vilavella > Vila-Real > Castelló > Benicàssim > Orpesa/Oropesa Del Mar > Torreblanca > Alcalà De Xivert > Benicarló-Peñíscola > Vinaròs
2026-04-23,38102,Int,Servicio interno,Interno,PROXIMDAD,Par (↓ Sur/Destino),14100,Palencia,10600,Valladolid,8,Palencia > Venta De Baños > Dueñas > Cubillas de Santa Marta > Corcos-Aguilarejo > Cabezon del Pisuerga > Valladolid-Universidad > Valladolid
2026-04-23,38103,Int,Servicio interno,Interno,PROXIMDAD,Impar (↑ Norte/Origen),50506,Palma del Rio,50407,Villa del Rio,4,Palma del Rio > Posadas > Cordoba > Villa del Rio
2026-04-23,38103,Int,Servicio interno,Interno,PROXIMDAD,Impar (↑ Norte/Origen),50506,Palma del Rio,50500,Cordoba,3,Palma del Rio > Posadas > Cordoba
2026-04-23,38104,Int,Servicio interno,Interno,PROXIMDAD,Par (↓ Sur/Destino),14100,Palencia,10600,Valladolid,4,Palencia > Venta De Baños > Valladolid-Universidad > Valladolid
2026-04-23,38105,Int,Servicio interno,Interno,PROXIMDAD,Impar (↑ Norte/Origen),10600,Valladolid,14100,Palencia,8,Valladolid > Valladolid-Universidad > Cabezon del Pisuerga > Corcos-Aguilarejo > Cubillas de Santa Marta > Dueñas > Venta De Baños > Palencia
2026-04-23,38112,Int,Servicio interno,Interno,PROXIMDAD,Par (↓ Sur/Destino),14100,Palencia,10500,Medina Del Campo,4,Palencia > Venta De Baños > Valladolid > Medina Del Campo
2026-04-23,38114,Int,Servicio interno,Interno,PROXIMDAD,Par (↓ Sur/Destino),14100,Palencia,10500,Medina Del Campo,4,Palencia > Venta De Baños > Valladolid > Medina Del Campo
2026-04-23,38120,Int,Servicio interno,Interno,PROXIMDAD,Par (↓ Sur/Destino),50500,Cordoba,50506,Palma del Rio,3,Cordoba > Posadas > Palma del Rio
2026-04-23,38123,Int,Servicio interno,Interno,REGIONAL,Impar (↑ Norte/Origen),60902,Villena,60911,Alicante/Alacant,6,Villena > Sax > Elda-Petrer > Novelda-Aspe > Universidad De Alicante > Alicante/Alacant
2026-04-23,38181,Int,Servicio interno,Interno,REGIONAL,Impar (↑ Norte/Origen),60902,Villena,60911,Alicante/Alacant,4,Villena > Elda-Petrer > Universidad De Alicante > Alicante/Alacant
2026-04-23,38183,Int,Servicio interno,Interno,REGIONAL,Impar (↑ Norte/Origen),60911,Alicante/Alacant,60902,Villena,4,Alicante/Alacant > Universidad De Alicante > Elda-Petrer > Villena
2026-04-23,38200,Int,Servicio interno,Interno,PROXIMDAD,Par (↓ Sur/Destino),10600,Valladolid,10500,Medina Del Campo,6,Valladolid > Viana > Valdestillas > Matapozuelos > Pozaldez > Medina Del Campo
2026-04-23,38201,Int,Servicio interno,Interno,PROXIMDAD,Impar (↑ Norte/Origen),10500,Medina Del Campo,10600,Valladolid,2,Medina Del Campo > Valladolid
2026-04-23,38202,Int,Servicio interno,Interno,REGIONAL,Par (↓ Sur/Destino),60911,Alicante/Alacant,60902,Villena,6,Alicante/Alacant > Universidad De Alicante > Novelda-Aspe > Elda-Petrer > Sax > Villena
2026-04-23,38203,Int,Servicio interno,Interno,PROXIMDAD,Impar (↑ Norte/Origen),10500,Medina Del Campo,10600,Valladolid,6,Medina Del Campo > Pozaldez > Matapozuelos > Valdestillas > Viana > Valladolid
2026-04-23,38209,Int,Servicio interno,Interno,PROXIMDAD,Impar (↑ Norte/Origen),10500,Medina Del Campo,11000,Venta De Baños,3,Medina Del Campo > Valladolid > Venta De Baños
2026-04-23,38218,Int,Servicio interno,Interno,PROXIMDAD,Par (↓ Sur/Destino),10600,Valladolid,10500,Medina Del Campo,6,Valladolid > Viana > Valdestillas > Matapozuelos > Pozaldez > Medina Del Campo
2026-04-23,38221,Int,Servicio interno,Interno,PROXIMDAD,Impar (↑ Norte/Origen),10500,Medina Del Campo,10600,Valladolid,6,Medina Del Campo > Pozaldez > Matapozuelos > Valdestillas > Viana > Valladolid
2026-04-23,38283,Int,Servicio interno,Interno,PROXIMDAD,Impar (↑ Norte/Origen),50407,Villa del Rio,50506,Palma del Rio,4,Villa del Rio > Cordoba > Posadas > Palma del Rio
2026-04-23,38300,Int,Servicio interno,Interno,PROXIMDAD,Par (↓ Sur/Destino),10600,Valladolid,10500,Medina Del Campo,6,Valladolid > Viana > Valdestillas > Matapozuelos > Pozaldez > Medina Del Campo
2026-04-23,38301,Int,Servicio interno,Interno,PROXIMDAD,Impar (↑ Norte/Origen),10500,Medina Del Campo,10610,Valladolid-Universidad,7,Medina Del Campo > Pozaldez > Matapozuelos > Valdestillas > Viana > Valladolid > Valladolid-Universidad
2026-04-23,38302,Int,Servicio interno,Interno,PROXIMDAD,Par (↓ Sur/Destino),61307,Cartagena,61200,Murcia,4,Cartagena > Torre-Pacheco > Balsicas-Mar Menor > Murcia
2026-04-23,38303,Int,Servicio interno,Interno,PROXIMDAD,Impar (↑ Norte/Origen),10500,Medina Del Campo,14100,Palencia,4,Medina Del Campo > Valladolid > Venta De Baños > Palencia
2026-04-23,38304,Int,Servicio interno,Interno,PROXIMDAD,Par (↓ Sur/Destino),10600,Valladolid,10500,Medina Del Campo,2,Valladolid > Medina Del Campo
2026-04-23,38306,Int,Servicio interno,Interno,PROXIMDAD,Par (↓ Sur/Destino),10500,Medina Del Campo,14100,Palencia,9,Medina Del Campo > Pozaldez > Matapozuelos > Valdestillas > Viana > Valladolid > Valladolid-Universidad > Venta De Baños > Palencia
2026-04-23,38308,Int,Servicio interno,Interno,PROXIMDAD,Par (↓ Sur/Destino),14100,Palencia,10500,Medina Del Campo,6,Palencia > Venta De Baños > Dueñas > Valladolid-Universidad > Valladolid > Medina Del Campo
2026-04-23,38310,Int,Servicio interno,Interno,PROXIMDAD,Par (↓ Sur/Destino),10500,Medina Del Campo,10600,Valladolid,2,Medina Del Campo > Valladolid
2026-04-23,38311,Int,Servicio interno,Interno,PROXIMDAD,Impar (↑ Norte/Origen),10500,Medina Del Campo,10600,Valladolid,2,Medina Del Campo > Valladolid
2026-04-23,38312,Int,Servicio interno,Interno,PROXIMDAD,Par (↓ Sur/Destino),10500,Medina Del Campo,10600,Valladolid,6,Medina Del Campo > Pozaldez > Matapozuelos > Valdestillas > Viana > Valladolid
2026-04-23,38314,Int,Servicio interno,Interno,PROXIMDAD,Par (↓ Sur/Destino),10500,Medina Del Campo,10600,Valladolid,2,Medina Del Campo > Valladolid
2026-04-23,38316,Int,Servicio interno,Interno,PROXIMDAD,Par (↓ Sur/Destino),10600,Valladolid,10500,Medina Del Campo,2,Valladolid > Medina Del Campo
2026-04-23,38318,Int,Servicio interno,Interno,PROXIMDAD,Par (↓ Sur/Destino),10600,Valladolid,10500,Medina Del Campo,6,Valladolid > Viana > Valdestillas > Matapozuelos > Pozaldez > Medina Del Campo
2026-04-23,38321,Int,Servicio interno,Interno,PROXIMDAD,Impar (↑ Norte/Origen),10500,Medina Del Campo,10600,Valladolid,6,Medina Del Campo > Pozaldez > Matapozuelos > Valdestillas > Viana > Valladolid
2026-04-23,38322,Int,Servicio interno,Interno,PROXIMDAD,Par (↓ Sur/Destino),10600,Valladolid,10500,Medina Del Campo,5,Valladolid > Viana > Valdestillas > Matapozuelos > Medina Del Campo
2026-04-23,38324,Int,Servicio interno,Interno,PROXIMDAD,Par (↓ Sur/Destino),10500,Medina Del Campo,10600,Valladolid,2,Medina Del Campo > Valladolid
2026-04-23,38401,Int,Servicio interno,Interno,PROXIMDAD,Impar (↑ Norte/Origen),10600,Valladolid,14100,Palencia,8,Valladolid > Valladolid-Universidad > Cabezon del Pisuerga > Corcos-Aguilarejo > Cubillas de Santa Marta > Dueñas > Venta De Baños > Palencia
2026-04-23,38402,Int,Servicio interno,Interno,PROXIMDAD,Par (↓ Sur/Destino),10500,Medina Del Campo,10600,Valladolid,2,Medina Del Campo > Valladolid
2026-04-23,38500,Int,Servicio interno,Interno,PROXIMDAD,Par (↓ Sur/Destino),14100,Palencia,10600,Valladolid,8,Palencia > Venta De Baños > Dueñas > Cubillas de Santa Marta > Corcos-Aguilarejo > Cabezon del Pisuerga > Valladolid-Universidad > Valladolid
2026-04-23,38504,Int,Servicio interno,Interno,REGIONAL,Par (↓ Sur/Destino),60911,Alicante/Alacant,60902,Villena,4,Alicante/Alacant > Universidad De Alicante > Elda-Petrer > Villena
2026-04-23,38523,Int,Servicio interno,Interno,REGIONAL,Impar (↑ Norte/Origen),60902,Villena,60911,Alicante/Alacant,4,Villena > Elda-Petrer > Universidad De Alicante > Alicante/Alacant
2026-04-23,38602,Int,Servicio interno,Interno,PROXIMDAD,Par (↓ Sur/Destino),14100,Palencia,10600,Valladolid,6,Palencia > Venta De Baños > Dueñas > Cabezon del Pisuerga > Valladolid-Universidad > Valladolid
2026-04-23,38604,Int,Servicio interno,Interno,PROXIMDAD,Par (↓ Sur/Destino),61307,Cartagena,61200,Murcia,4,Cartagena > Torre-Pacheco > Balsicas-Mar Menor > Murcia
2026-04-23,38623,Int,Servicio interno,Interno,PROXIMDAD,Impar (↑ Norte/Origen),61200,Murcia,61307,Cartagena,4,Murcia > Balsicas-Mar Menor > Torre-Pacheco > Cartagena
2026-04-23,38802,Int,Servicio interno,Interno,PROXIMDAD,Par (↓ Sur/Destino),18000,Madrid - Atocha Cercanías,35005,Illescas,3,Madrid - Atocha Cercanías > Leganés > Illescas
2026-04-23,38807,Int,Servicio interno,Interno,PROXIMDAD,Impar (↑ Norte/Origen),35005,Illescas,18000,Madrid - Atocha Cercanías,3,Illescas > Leganés > Madrid - Atocha Cercanías
2026-04-23,38900,Int,Servicio interno,Interno,PROXIMDAD,Par (↓ Sur/Destino),54403,El Chorro,54413,Malaga Maria Zambrano,4,El Chorro > Las Mellizas > álora > Malaga Maria Zambrano
2026-04-23,38902,Int,Servicio interno,Interno,PROXIMDAD,Par (↓ Sur/Destino),54403,El Chorro,54413,Malaga Maria Zambrano,2,El Chorro > Malaga Maria Zambrano
2026-04-23,38903,Int,Servicio interno,Interno,PROXIMDAD,Impar (↑ Norte/Origen),54413,Malaga Maria Zambrano,54403,El Chorro,3,Malaga Maria Zambrano > álora > El Chorro
2026-04-23,38904,Int,Servicio interno,Interno,PROXIMDAD,Par (↓ Sur/Destino),54403,El Chorro,54413,Malaga Maria Zambrano,4,El Chorro > Las Mellizas > álora > Malaga Maria Zambrano
2026-04-23,38905,Int,Servicio interno,Interno,PROXIMDAD,Impar (↑ Norte/Origen),54413,Malaga Maria Zambrano,54403,El Chorro,2,Malaga Maria Zambrano > El Chorro
2026-04-23,38906,Int,Servicio interno,Interno,PROXIMDAD,Par (↓ Sur/Destino),54403,El Chorro,54413,Malaga Maria Zambrano,3,El Chorro > álora > Malaga Maria Zambrano
2026-04-23,38907,Int,Servicio interno,Interno,PROXIMDAD,Impar (↑ Norte/Origen),54413,Malaga Maria Zambrano,54403,El Chorro,4,Malaga Maria Zambrano > álora > Las Mellizas > El Chorro
2026-04-23,38908,Int,Servicio interno,Interno,PROXIMDAD,Par (↓ Sur/Destino),54403,El Chorro,54413,Malaga Maria Zambrano,2,El Chorro > Malaga Maria Zambrano
2026-04-23,38909,Int,Servicio interno,Interno,PROXIMDAD,Impar (↑ Norte/Origen),54413,Malaga Maria Zambrano,54403,El Chorro,4,Malaga Maria Zambrano > álora > Las Mellizas > El Chorro
2026-04-23,71800,FEVE,Ancho métrico (FEVE),FEVE,REGIONAL,Par (↓ Sur/Destino),05193,Ribadeo,21010,Ferrol,52,Ribadeo > Rinlo > Os Castros > Esteiro > Reinante > Barreiros > Foz > Marzán > Fazouro > Nois > Cangas de Foz > Burela > Madeiro > San Cibrao > Bidueiros > Lago > Xove > Xove Pobo > Xuances > Viveiro Apdro. > Viveiro > Covas de Viveiro > Folgueiro > Mosende > O Vicedo > O Barqueiro > Loiba > Espasante > Ortigueira > Senra > San Clodio > Ponte Mera > Santa Maria de Mera > A Cuqueria > Cerdido > Entrambarrías > Labacengos > Moeche > Apalla > Llamas > San Sadurniño > Pedroso de Narón > Sedes > Ferrerías > Xuvia > O Ponto > Piñeiros > O Alto Do Castiñeiro > Santa Icía > Virxe Do Mar > San Xoan > Ferrol
2026-04-23,71801,FEVE,Ancho métrico (FEVE),FEVE,REGIONAL,Impar (↑ Norte/Origen),21010,Ferrol,05193,Ribadeo,52,Ferrol > San Xoan > Virxe Do Mar > Santa Icía > O Alto Do Castiñeiro > Piñeiros > O Ponto > Xuvia > Ferrerías > Sedes > Pedroso de Narón > San Sadurniño > Llamas > Apalla > Moeche > Labacengos > Entrambarrías > Cerdido > A Cuqueria > Santa Maria de Mera > Ponte Mera > San Clodio > Senra > Ortigueira > Espasante > Loiba > O Barqueiro > O Vicedo > Mosende > Folgueiro > Covas de Viveiro > Viveiro > Viveiro Apdro. > Xuances > Xove Pobo > Xove > Lago > Bidueiros > San Cibrao > Madeiro > Burela > Cangas de Foz > Nois > Fazouro > Marzán > Foz > Barreiros > Reinante > Esteiro > Os Castros > Rinlo > Ribadeo
2026-04-23,71802,FEVE,Ancho métrico (FEVE),FEVE,REGIONAL,Par (↓ Sur/Destino),05193,Ribadeo,21010,Ferrol,52,Ribadeo > Rinlo > Os Castros > Esteiro > Reinante > Barreiros > Foz > Marzán > Fazouro > Nois > Cangas de Foz > Burela > Madeiro > San Cibrao > Bidueiros > Lago > Xove > Xove Pobo > Xuances > Viveiro Apdro. > Viveiro > Covas de Viveiro > Folgueiro > Mosende > O Vicedo > O Barqueiro > Loiba > Espasante > Ortigueira > Senra > San Clodio > Ponte Mera > Santa Maria de Mera > A Cuqueria > Cerdido > Entrambarrías > Labacengos > Moeche > Apalla > Llamas > San Sadurniño > Pedroso de Narón > Sedes > Ferrerías > Xuvia > O Ponto > Piñeiros > O Alto Do Castiñeiro > Santa Icía > Virxe Do Mar > San Xoan > Ferrol
2026-04-23,71803,FEVE,Ancho métrico (FEVE),FEVE,REGIONAL,Impar (↑ Norte/Origen),21010,Ferrol,05193,Ribadeo,52,Ferrol > San Xoan > Virxe Do Mar > Santa Icía > O Alto Do Castiñeiro > Piñeiros > O Ponto > Xuvia > Ferrerías > Sedes > Pedroso de Narón > San Sadurniño > Llamas > Apalla > Moeche > Labacengos > Entrambarrías > Cerdido > A Cuqueria > Santa Maria de Mera > Ponte Mera > San Clodio > Senra > Ortigueira > Espasante > Loiba > O Barqueiro > O Vicedo > Mosende > Folgueiro > Covas de Viveiro > Viveiro > Viveiro Apdro. > Xuances > Xove Pobo > Xove > Lago > Bidueiros > San Cibrao > Madeiro > Burela > Cangas de Foz > Nois > Fazouro > Marzán > Foz > Barreiros > Reinante > Esteiro > Os Castros > Rinlo > Ribadeo
2026-04-23,71811,FEVE,Ancho métrico (FEVE),FEVE,REGIONAL,Impar (↑ Norte/Origen),21010,Ferrol,15211,Oviedo/Uviéu,90,Ferrol > San Xoan > Virxe Do Mar > Santa Icía > O Alto Do Castiñeiro > Piñeiros > O Ponto > Xuvia > Ferrerías > Sedes > Pedroso de Narón > San Sadurniño > Llamas > Apalla > Moeche > Labacengos > Entrambarrías > Cerdido > A Cuqueria > Santa Maria de Mera > Ponte Mera > San Clodio > Senra > Ortigueira > Espasante > Loiba > O Barqueiro > O Vicedo > Mosende > Folgueiro > Covas de Viveiro > Viveiro > Viveiro Apdro. > Xuances > Xove Pobo > Xove > Lago > Bidueiros > San Cibrao > Madeiro > Burela > Cangas de Foz > Nois > Fazouro > Marzán > Foz > Barreiros > Reinante > Esteiro > Os Castros > Rinlo > Ribadeo > Vegadeo Pueblo > Castropol > Tapia > La Caridad > Medal > Navia > Villapedre > Luarca > Canero > San Cristóbal > Cadavedo > Tablizo > Ballota > Santa Marina > Novellana > Soto de Luiña > San Martin de Luiña > La Magdalena > Cudillero > Muros del Nalón > Pravia > Beifar > San Roman > Aces > Sandiche > Grado > Feve-Peñaflor de Grado > Vega de Anzo > Santa Mª de Grado > Trubia > Soto Udrion > San Pedro Nora > San Claudio > Las Mazas > Las Campas > Argañosa-Lavapiés > Vallobin > Oviedo/Uviéu
2026-04-23,71813,FEVE,Ancho métrico (FEVE),FEVE,REGIONAL,Impar (↑ Norte/Origen),21010,Ferrol,15211,Oviedo/Uviéu,104,Ferrol > San Xoan > Virxe Do Mar > Santa Icía > O Alto Do Castiñeiro > Piñeiros > O Ponto > Xuvia > Ferrerías > Sedes > Pedroso de Narón > San Sadurniño > Llamas > Apalla > Moeche > Labacengos > Entrambarrías > Cerdido > A Cuqueria > Santa Maria de Mera > Ponte Mera > San Clodio > Senra > Ortigueira > Espasante > Loiba > O Barqueiro > O Vicedo > Mosende > Folgueiro > Covas de Viveiro > Viveiro > Viveiro Apdro. > Xuances > Xove Pobo > Xove > Lago > Bidueiros > San Cibrao > Madeiro > Burela > Cangas de Foz > Nois > Fazouro > Marzán > Foz > Barreiros > Reinante > Esteiro > Os Castros > Rinlo > Ribadeo > Vegadeo Pueblo > Vilavedelle > Castropol > Las Campas de Castropol > Tol > Tapia > La Caridad > Cartavio > Loza > Medal > Navia > Piñera-Villaoril > Villapedre > Otur > Luarca > Barcia > Canero > San Cristóbal > Cadavedo > Tablizo > Ballota > Santa Marina > Novellana > Valdredo > Soto de Luiña > San Cosme > San Martin de Luiña > La Magdalena > Villademar > Cudillero > El Pito Piñera > Muros del Nalón > Los Cavos > Santianes > Pravia > Beifar > San Roman > Aces > Sandiche > Grado > Feve-Peñaflor de Grado > Vega de Anzo > Santa Mª de Grado > Trubia > Soto Udrion > San Pedro Nora > San Claudio > Las Mazas > Las Campas > Argañosa-Lavapiés > Vallobin > Oviedo/Uviéu
2026-04-23,71820,FEVE,Ancho métrico (FEVE),FEVE,REGIONAL,Par (↓ Sur/Destino),05571,Llanes,15211,Oviedo/Uviéu,40,Llanes > Poo > Celorio > Balmori > Posada > Villahormes > Nueva > Feve-Belmonte de Pria > Camango > Ribadesella > Llovio > Cuevas > Toraño > Fuentes > Arriondas > Policlinico > Ozanes > Soto de Dueñas > Sebares > Villamayor > Infiesto/apdro. > Infiesto > Pintueles > Carancos > Ceceda > Feve-Fuente Santa de Nava > Nava > Llames > El Remedio > Lieres > Los Corros > Pola de Siero > La Carrera de Siero > El Berron > Fonciello > Meres > Colloto > Parque Principado > La Corredoria > Oviedo/Uviéu
2026-04-23,71821,FEVE,Ancho métrico (FEVE),FEVE,REGIONAL,Impar (↑ Norte/Origen),15211,Oviedo/Uviéu,05571,Llanes,40,Oviedo/Uviéu > La Corredoria > Parque Principado > Colloto > Meres > Fonciello > El Berron > La Carrera de Siero > Pola de Siero > Los Corros > Lieres > El Remedio > Llames > Nava > Feve-Fuente Santa de Nava > Ceceda > Carancos > Pintueles > Infiesto > Infiesto/apdro. > Villamayor > Sebares > Soto de Dueñas > Ozanes > Policlinico > Arriondas > Fuentes > Toraño > Cuevas > Llovio > Ribadesella > Camango > Feve-Belmonte de Pria > Nueva > Villahormes > Posada > Balmori > Celorio > Poo > Llanes
2026-04-23,71822,FEVE,Ancho métrico (FEVE),FEVE,REGIONAL,Par (↓ Sur/Destino),05571,Llanes,15211,Oviedo/Uviéu,40,Llanes > Poo > Celorio > Balmori > Posada > Villahormes > Nueva > Feve-Belmonte de Pria > Camango > Ribadesella > Llovio > Cuevas > Toraño > Fuentes > Arriondas > Policlinico > Ozanes > Soto de Dueñas > Sebares > Villamayor > Infiesto/apdro. > Infiesto > Pintueles > Carancos > Ceceda > Feve-Fuente Santa de Nava > Nava > Llames > El Remedio > Lieres > Los Corros > Pola de Siero > La Carrera de Siero > El Berron > Fonciello > Meres > Colloto > Parque Principado > La Corredoria > Oviedo/Uviéu
2026-04-23,71823,FEVE,Ancho métrico (FEVE),FEVE,REGIONAL,Impar (↑ Norte/Origen),15211,Oviedo/Uviéu,05571,Llanes,40,Oviedo/Uviéu > La Corredoria > Parque Principado > Colloto > Meres > Fonciello > El Berron > La Carrera de Siero > Pola de Siero > Los Corros > Lieres > El Remedio > Llames > Nava > Feve-Fuente Santa de Nava > Ceceda > Carancos > Pintueles > Infiesto > Infiesto/apdro. > Villamayor > Sebares > Soto de Dueñas > Ozanes > Policlinico > Arriondas > Fuentes > Toraño > Cuevas > Llovio > Ribadesella > Camango > Feve-Belmonte de Pria > Nueva > Villahormes > Posada > Balmori > Celorio > Poo > Llanes
2026-04-23,71830,FEVE,Ancho métrico (FEVE),FEVE,REGIONAL,Par (↓ Sur/Destino),15211,Oviedo/Uviéu,21010,Ferrol,90,Oviedo/Uviéu > Vallobin > Argañosa-Lavapiés > Las Campas > Las Mazas > San Claudio > San Pedro Nora > Soto Udrion > Trubia > Santa Mª de Grado > Vega de Anzo > Feve-Peñaflor de Grado > Grado > Sandiche > Aces > San Roman > Beifar > Pravia > Muros del Nalón > Cudillero > La Magdalena > San Martin de Luiña > Soto de Luiña > Novellana > Santa Marina > Ballota > Tablizo > Cadavedo > San Cristóbal > Canero > Luarca > Villapedre > Navia > Medal > La Caridad > Tapia > Castropol > Vegadeo Pueblo > Ribadeo > Rinlo > Os Castros > Esteiro > Reinante > Barreiros > Foz > Marzán > Fazouro > Nois > Cangas de Foz > Burela > Madeiro > San Cibrao > Bidueiros > Lago > Xove > Xove Pobo > Xuances > Viveiro Apdro. > Viveiro > Covas de Viveiro > Folgueiro > Mosende > O Vicedo > O Barqueiro > Loiba > Espasante > Ortigueira > Senra > San Clodio > Ponte Mera > Santa Maria de Mera > A Cuqueria > Cerdido > Entrambarrías > Labacengos > Moeche > Apalla > Llamas > San Sadurniño > Pedroso de Narón > Sedes > Ferrerías > Xuvia > O Ponto > Piñeiros > O Alto Do Castiñeiro > Santa Icía > Virxe Do Mar > San Xoan > Ferrol
2026-04-23,71831,FEVE,Ancho métrico (FEVE),FEVE,REGIONAL,Impar (↑ Norte/Origen),15211,Oviedo/Uviéu,14223,Santander,46,Oviedo/Uviéu > Colloto > El Berron > Pola de Siero > Lieres > Nava > Feve-Fuente Santa de Nava > Ceceda > Carancos > Pintueles > Infiesto > Infiesto/apdro. > Villamayor > Sebares > Soto de Dueñas > Ozanes > Policlinico > Arriondas > Fuentes > Toraño > Cuevas > Llovio > Ribadesella > Camango > Feve-Belmonte de Pria > Nueva > Villahormes > Posada > Balmori > Celorio > Poo > Llanes > San Roque del Acebal > Vidiago > Pendueles > Colombres > Unquera > Pesués > San Vicente de la Barquera > El Barcenal > Roiz > Treceño > Cabezon de La Sal > Puente San Miguel > Torrelavega-Centro > Santander
2026-04-23,71832,FEVE,Ancho métrico (FEVE),FEVE,REGIONAL,Par (↓ Sur/Destino),15211,Oviedo/Uviéu,21010,Ferrol,101,Oviedo/Uviéu > Vallobin > Argañosa-Lavapiés > Las Campas > Las Mazas > San Claudio > San Pedro Nora > Soto Udrion > Trubia > Santa Mª de Grado > Vega de Anzo > Feve-Peñaflor de Grado > Grado > Sandiche > Aces > San Roman > Beifar > Pravia > Muros del Nalón > Cudillero > Villademar > La Magdalena > San Martin de Luiña > San Cosme > Soto de Luiña > Valdredo > Novellana > Santa Marina > Ballota > Tablizo > Cadavedo > San Cristóbal > Canero > Barcia > Luarca > Otur > Villapedre > Piñera-Villaoril > Navia > Medal > Loza > Cartavio > La Caridad > Tapia > Tol > Las Campas de Castropol > Castropol > Vilavedelle > Vegadeo Pueblo > Ribadeo > Rinlo > Os Castros > Esteiro > Reinante > Barreiros > Foz > Marzán > Fazouro > Nois > Cangas de Foz > Burela > Madeiro > San Cibrao > Bidueiros > Lago > Xove > Xove Pobo > Xuances > Viveiro Apdro. > Viveiro > Covas de Viveiro > Folgueiro > Mosende > O Vicedo > O Barqueiro > Loiba > Espasante > Ortigueira > Senra > San Clodio > Ponte Mera > Santa Maria de Mera > A Cuqueria > Cerdido > Entrambarrías > Labacengos > Moeche > Apalla > Llamas > San Sadurniño > Pedroso de Narón > Sedes > Ferrerías > Xuvia > O Ponto > Piñeiros > O Alto Do Castiñeiro > Santa Icía > Virxe Do Mar > San Xoan > Ferrol
2026-04-23,71833,FEVE,Ancho métrico (FEVE),FEVE,REGIONAL,Impar (↑ Norte/Origen),15211,Oviedo/Uviéu,14223,Santander,46,Oviedo/Uviéu > Colloto > El Berron > Pola de Siero > Lieres > Nava > Feve-Fuente Santa de Nava > Ceceda > Carancos > Pintueles > Infiesto > Infiesto/apdro. > Villamayor > Sebares > Soto de Dueñas > Ozanes > Policlinico > Arriondas > Fuentes > Toraño > Cuevas > Llovio > Ribadesella > Camango > Feve-Belmonte de Pria > Nueva > Villahormes > Posada > Balmori > Celorio > Poo > Llanes > San Roque del Acebal > Vidiago > Pendueles > Colombres > Unquera > Pesués > San Vicente de la Barquera > El Barcenal > Roiz > Treceño > Cabezon de La Sal > Puente San Miguel > Torrelavega-Centro > Santander
2026-04-23,71850,FEVE,Ancho métrico (FEVE),FEVE,REGIONAL,Par (↓ Sur/Destino),14223,Santander,15211,Oviedo/Uviéu,46,Santander > Torrelavega-Centro > Puente San Miguel > Cabezon de La Sal > Treceño > Roiz > El Barcenal > San Vicente de la Barquera > Pesués > Unquera > Colombres > Pendueles > Vidiago > San Roque del Acebal > Llanes > Poo > Celorio > Balmori > Posada > Villahormes > Nueva > Feve-Belmonte de Pria > Camango > Ribadesella > Llovio > Cuevas > Toraño > Fuentes > Arriondas > Policlinico > Ozanes > Soto de Dueñas > Sebares > Villamayor > Infiesto/apdro. > Infiesto > Pintueles > Carancos > Ceceda > Feve-Fuente Santa de Nava > Nava > Lieres > Pola de Siero > El Berron > Colloto > Oviedo/Uviéu
2026-04-23,71851,FEVE,Ancho métrico (FEVE),FEVE,REGIONAL,Impar (↑ Norte/Origen),14223,Santander,05451,Bilbao la Concordia,31,Santander > Valdecilla la Marga > Nueva Montaña > Maliaño Vidriera > Astillero > Heras > Orejo > Puente Agüero > Villaverde de Pontones > Hoz de Anero > Beranga > Gama > Cicero > Treto > Limpias > Marrón > Udalla > Gibaja > Karrantza > Villaverde de Trucios > Arzentales > Traslaviña > Mimetiz > Aranguren > Sodupe > Zaramillo > Irauregui > Feve-Zorroza Zorrozgoiti > Basurto Hospital > Ametzola > Bilbao la Concordia
2026-04-23,71852,FEVE,Ancho métrico (FEVE),FEVE,REGIONAL,Par (↓ Sur/Destino),14223,Santander,15211,Oviedo/Uviéu,46,Santander > Torrelavega-Centro > Puente San Miguel > Cabezon de La Sal > Treceño > Roiz > El Barcenal > San Vicente de la Barquera > Pesués > Unquera > Colombres > Pendueles > Vidiago > San Roque del Acebal > Llanes > Poo > Celorio > Balmori > Posada > Villahormes > Nueva > Feve-Belmonte de Pria > Camango > Ribadesella > Llovio > Cuevas > Toraño > Fuentes > Arriondas > Policlinico > Ozanes > Soto de Dueñas > Sebares > Villamayor > Infiesto/apdro. > Infiesto > Pintueles > Carancos > Ceceda > Feve-Fuente Santa de Nava > Nava > Lieres > Pola de Siero > El Berron > Colloto > Oviedo/Uviéu
2026-04-23,71853,FEVE,Ancho métrico (FEVE),FEVE,REGIONAL,Impar (↑ Norte/Origen),14223,Santander,05451,Bilbao la Concordia,32,Santander > Valdecilla la Marga > Nueva Montaña > Valle Real > Maliaño Vidriera > Astillero > Heras > Orejo > Puente Agüero > Villaverde de Pontones > Hoz de Anero > Beranga > Gama > Cicero > Treto > Limpias > Marrón > Udalla > Gibaja > Karrantza > Villaverde de Trucios > Arzentales > Traslaviña > Mimetiz > Aranguren > Sodupe > Zaramillo > Irauregui > Feve-Zorroza Zorrozgoiti > Basurto Hospital > Ametzola > Bilbao la Concordia
2026-04-23,71855,FEVE,Ancho métrico (FEVE),FEVE,REGIONAL,Impar (↑ Norte/Origen),14223,Santander,05451,Bilbao la Concordia,32,Santander > Valdecilla la Marga > Nueva Montaña > Valle Real > Maliaño Vidriera > Astillero > Heras > Orejo > Puente Agüero > Villaverde de Pontones > Hoz de Anero > Beranga > Gama > Cicero > Treto > Limpias > Marrón > Udalla > Gibaja > Karrantza > Villaverde de Trucios > Arzentales > Traslaviña > Mimetiz > Aranguren > Sodupe > Zaramillo > Irauregui > Feve-Zorroza Zorrozgoiti > Basurto Hospital > Ametzola > Bilbao la Concordia
2026-04-23,71861,FEVE,Ancho métrico (FEVE),FEVE,REGIONAL,Impar (↑ Norte/Origen),05497,Karrantza,05451,Bilbao la Concordia,13,Karrantza > Villaverde de Trucios > Arzentales > Traslaviña > Mimetiz > Aranguren > Sodupe > Zaramillo > Irauregui > Feve-Zorroza Zorrozgoiti > Basurto Hospital > Ametzola > Bilbao la Concordia
2026-04-23,71870,FEVE,Ancho métrico (FEVE),FEVE,REGIONAL,Par (↓ Sur/Destino),05451,Bilbao la Concordia,14223,Santander,32,Bilbao la Concordia > Ametzola > Basurto Hospital > Feve-Zorroza Zorrozgoiti > Irauregui > Zaramillo > Sodupe > Aranguren > Mimetiz > Traslaviña > Arzentales > Villaverde de Trucios > Karrantza > Gibaja > Udalla > Marrón > Limpias > Treto > Cicero > Gama > Beranga > Hoz de Anero > Villaverde de Pontones > Puente Agüero > Orejo > Heras > Astillero > Maliaño Vidriera > Valle Real > Nueva Montaña > Valdecilla la Marga > Santander
2026-04-23,71872,FEVE,Ancho métrico (FEVE),FEVE,REGIONAL,Par (↓ Sur/Destino),05451,Bilbao la Concordia,14223,Santander,32,Bilbao la Concordia > Ametzola > Basurto Hospital > Feve-Zorroza Zorrozgoiti > Irauregui > Zaramillo > Sodupe > Aranguren > Mimetiz > Traslaviña > Arzentales > Villaverde de Trucios > Karrantza > Gibaja > Udalla > Marrón > Limpias > Treto > Cicero > Gama > Beranga > Hoz de Anero > Villaverde de Pontones > Puente Agüero > Orejo > Heras > Astillero > Maliaño Vidriera > Valle Real > Nueva Montaña > Valdecilla la Marga > Santander
2026-04-23,71874,FEVE,Ancho métrico (FEVE),FEVE,REGIONAL,Par (↓ Sur/Destino),05451,Bilbao la Concordia,14223,Santander,32,Bilbao la Concordia > Ametzola > Basurto Hospital > Feve-Zorroza Zorrozgoiti > Irauregui > Zaramillo > Sodupe > Aranguren > Mimetiz > Traslaviña > Arzentales > Villaverde de Trucios > Karrantza > Gibaja > Udalla > Marrón > Limpias > Treto > Cicero > Gama > Beranga > Hoz de Anero > Villaverde de Pontones > Puente Agüero > Orejo > Heras > Astillero > Maliaño Vidriera > Valle Real > Nueva Montaña > Valdecilla la Marga > Santander
2026-04-23,71876,FEVE,Ancho métrico (FEVE),FEVE,REGIONAL,Par (↓ Sur/Destino),05451,Bilbao la Concordia,05778,Feve-Leon,55,Bilbao la Concordia > Ametzola > Basurto Hospital > Feve-Zorroza Zorrozgoiti > Irauregui > Zaramillo > Sodupe > Aranguren > Aranguren-Apeadero > Zalla > Balmaseda > Arla-Berron > Ungo Nava > Mercadillo-Villasana > Cadagua > Bercedo Montija > Quintana de Los Prados > Espinosa de Los Monteros > Redondo > Sotoscueva > Pedrosa > Dosante Cidad > Robredo Ahedo > Soncillo > Cabañas de Virtus > Arija > Llano > Feve-Las Rozas de Valdearroyo > Montes Claros > Los Carabeos > Mataporquera > Cillamayor > Salinas de Pisuerga > Vado Cervera > Castrejon de La Peña > Villaverde Tarilonte > Santibañez de La Peña > Guardo/apdro. > Guardo > La Espina > Valcuende > Puente Almuhey > Cerezal de La Guzpeña > Prado de La Guzpeña > La Llama de La Guzpeña > Valle de Las Casas > Sorriba > Cistierna > La Ercina > Boñar > La Vecilla > Matallana > San Feliz > La Asunción Universidad > Feve-Leon
2026-04-23,71891,FEVE,Ancho métrico (FEVE),FEVE,REGIONAL,Impar (↑ Norte/Origen),05778,Feve-Leon,05451,Bilbao la Concordia,55,Feve-Leon > La Asunción Universidad > San Feliz > Matallana > La Vecilla > Boñar > La Ercina > Cistierna > Sorriba > Valle de Las Casas > La Llama de La Guzpeña > Prado de La Guzpeña > Cerezal de La Guzpeña > Puente Almuhey > Valcuende > La Espina > Guardo > Guardo/apdro. > Santibañez de La Peña > Villaverde Tarilonte > Castrejon de La Peña > Vado Cervera > Salinas de Pisuerga > Cillamayor > Mataporquera > Los Carabeos > Montes Claros > Feve-Las Rozas de Valdearroyo > Llano > Arija > Cabañas de Virtus > Soncillo > Robredo Ahedo > Dosante Cidad > Pedrosa > Sotoscueva > Redondo > Espinosa de Los Monteros > Quintana de Los Prados > Bercedo Montija > Cadagua > Mercadillo-Villasana > Ungo Nava > Arla-Berron > Balmaseda > Zalla > Aranguren-Apeadero > Aranguren > Sodupe > Zaramillo > Irauregui > Feve-Zorroza Zorrozgoiti > Basurto Hospital > Ametzola > Bilbao la Concordia
2026-04-23,88146,?,Reservado,?,Intercity,Par (↓ Sur/Destino),61200,Murcia,07004,Aguilas,3,Murcia > Lorca Sutullena > Aguilas
2026-04-23,88418,?,Reservado,?,Intercity,Par (↓ Sur/Destino),07004,Aguilas,61200,Murcia,3,Aguilas > Lorca Sutullena > Murcia
